seed,dimension,p,k,Ns,time,solution,dual_gap,rel_dual_gap,termination,ncalls
10,90,90,45.0,0.1,1801.847,0.8413702127272606,0.08843527461909495,0.11745407224865749,Time limit reached,22357
