seed,dimension,time,solution,dual_gap,rel_dual_gap,termination,ncalls
8,75,9.353,-0.36698714376357855,0.0028533717860991237,0.007775127370503558,OPTIMAL,1540
