seed,dimension,p,k,time,solution,dual_gap,rel_dual_gap,termination,ncalls
5,16,80,4.0,3.886,3.9792937790149603,0.03333131452936744,0.008446941609139865,OPTIMAL,288
