seed,dimension,time,solution,dual_gap,rel_dual_gap,termination,ncalls
1,95,236.777,30.948564636447877,0.2993671924561596,0.009767537730905438,OPTIMAL,30407
