seed,dimension,time,solution,dual_gap,rel_dual_gap,termination,ncalls
1,50,8.851,-0.39786229213225777,0.0024664357496173572,0.00619921967573007,OPTIMAL,1064
