seed,dimension,p,k,time,solution,dual_gap,rel_dual_gap,termination,ncalls
3,24,120,5.0,1802.35,4.032486027759986,0.15434259873455636,0.039798063573255306,Time limit reached,224683
