seed,dimension,p,k,Ns,time,solution,dual_gap,rel_dual_gap,termination,ncalls
6,50,50,25.0,0.1,1801.48,0.909050701593275,0.026226673088803443,0.029707701922468237,Time limit reached,65267
