seed,dimension,p,k,Ns,time,solution,dual_gap,rel_dual_gap,termination,ncalls
5,50,50,25.0,10.0,1803.893,0.4614366516900606,0.0136085433926037,0.030387872356517243,Time limit reached,30239
