seed,dimension,time,solution,dual_gap,rel_dual_gap,termination,ncalls
2,115,1800.004,23.62845063423777,1.704225733319113,0.07773254201783451,Time limit reached,283780
