seed,dimension,time,solution,dual_gap,rel_dual_gap,termination,ncalls
3,35,4.602,-1.96500673939817,0.002183709191931671,0.0011112985763094552,OPTIMAL,994
