seed,dimension,p,k,time,solution,dual_gap,rel_dual_gap,termination,ncalls
6,26,130,6.0,7.356,4.700437511796861,0.04454966816924699,0.00956845819003585,OPTIMAL,503
