seed,n0,m0,M,time,solution,dual_gap,rel_dual_gap,termination,ncalls
6,3,28,20.0,7.693,-0.370623432136612,5.148811821342747e-8,1.3892299770849062e-7,OPTIMAL,56
