seed,dimension,var_A,p,k,M,time,solution,dual_gap,rel_dual_gap,termination,ncalls
1,20,1,100,20.0,1.0,1801.366,0.6931471805599454,0.1771872874845678,0.34341290837247723,Time limit reached,184895
