seed,dimension,p,k,time,solution,dual_gap,rel_dual_gap,termination,ncalls
7,26,130,6.0,1074.775,4.277812685027019,0.04235130380630636,0.009999218501692534,OPTIMAL,160163
