seed,dimension,time,solution,dual_gap,rel_dual_gap,termination,ncalls
9,50,1166.039,-0.596084546122059,0.005845431608349827,0.009806380061986829,OPTIMAL,281255
