seed,dimension,time,solution,dual_gap,rel_dual_gap,termination,ncalls
6,40,5.448,-0.6073143379093794,0.00046264706315846116,0.000761791767918865,OPTIMAL,1267
