seed,dimension,p,k,time,solution,dual_gap,rel_dual_gap,termination,ncalls
5,19,95,4.0,8.521,5.052999834779796,0.04754781383280804,0.009499204793858438,OPTIMAL,1196
