seed,dimension,time,solution,dual_gap,rel_dual_gap,termination,ncalls
8,120,26.621,-0.4899160882262014,0.003595536885370565,0.007339087186111049,OPTIMAL,5096
