seed,dimension,var_A,p,k,M,time,solution,dual_gap,rel_dual_gap,termination,ncalls
2,10,1,50,10.0,1.0,1801.759,0.6485554811325057,0.019224957486549954,0.030548267983526875,Time limit reached,297308
