seed,dimension,time,solution,dual_gap,rel_dual_gap,termination,ncalls
8,45,1800.145,-15.206828878120442,0.3024192867032962,0.019887071073602765,Time limit reached,102107
