seed,dimension,time,solution,dual_gap,rel_dual_gap,termination,ncalls
7,45,40.653,-2.0851632368531963,0.014388589648998362,0.006900461985274957,OPTIMAL,12209
