seed,dimension,time,solution,dual_gap,rel_dual_gap,termination,ncalls
1,45,140.273,5.539145438148692,0.05374588845508299,0.009797989730408062,OPTIMAL,24436
