seed,dimension,time,solution,dual_gap,rel_dual_gap,termination,ncalls
6,80,16.25,-0.5391008462703061,0.004670381841667792,0.008663280486349033,OPTIMAL,2562
