seed,dimension,p,k,Ns,time,solution,dual_gap,rel_dual_gap,termination,ncalls
2,50,50,25.0,10.0,1802.704,0.29412725211384577,0.028675065987251835,0.10802346895563603,Time limit reached,52025
