seed,dimension,p,k,Ns,time,solution,dual_gap,rel_dual_gap,termination,ncalls
3,90,90,45.0,0.1,1809.555,0.4511744564812673,0.034700545796761406,0.08331985487333042,Time limit reached,13466
