seed,dimension,p,k,time,solution,dual_gap,rel_dual_gap,termination,ncalls
4,19,95,4.0,14.386,4.659490245415256,0.04609623184878764,0.009991826345903653,OPTIMAL,1775
