seed,dimension,p,k,Ns,time,solution,dual_gap,rel_dual_gap,termination,ncalls
5,50,50,25.0,5.0,1803.174,0.46531579867981815,0.01746560004553621,0.03899875471485223,Time limit reached,39997
