seed,dimension,time,solution,dual_gap,rel_dual_gap,termination,ncalls
3,55,8.749,-1.1686340529056258,0.011325884555586363,0.009691557872566115,OPTIMAL,866
