seed,dimension,p,k,Ns,time,solution,dual_gap,rel_dual_gap,termination,ncalls
9,50,50,25.0,10.0,9.22,0.6407601876218824,0.00487187478207729,0.007661525905893835,OPTIMAL,81
