seed,dimension,p,k,Ns,time,solution,dual_gap,rel_dual_gap,termination,ncalls
5,70,70,35.0,0.1,1805.577,0.4699142745680881,0.021698627337631893,0.048411133059964875,Time limit reached,19839
