seed,dimension,var_A,p,k,M,time,solution,dual_gap,rel_dual_gap,termination,ncalls
2,20,5,100,20.0,0.1,1801.674,0.6931471805599454,0.40092651395966167,1.3719991765951038,Time limit reached,182977
