seed,dimension,p,k,time,solution,dual_gap,rel_dual_gap,termination,ncalls
2,18,90,4.0,105.888,1.9086114227602864,0.018881291450203674,0.009991527963367948,OPTIMAL,21465
