seed,dimension,p,k,time,solution,dual_gap,rel_dual_gap,termination,ncalls
4,26,130,6.0,95.206,4.860201559916642,0.04784209046754828,0.00994150390702736,OPTIMAL,10744
