seed,dimension,time,solution,dual_gap,rel_dual_gap,termination,ncalls
4,25,2.634,-0.3393706345904939,0.005053852180028406,0.01489183702098063,OPTIMAL,238
