seed,dimension,time,solution,dual_gap,rel_dual_gap,termination,ncalls
7,35,6.281,-0.9542643873131534,0.0010657423595370474,0.0011168208451514928,OPTIMAL,640
