seed,dimension,p,k,Ns,time,solution,dual_gap,rel_dual_gap,termination,ncalls
6,70,70,35.0,10.0,9.491,0.8271328810085715,0.005814118916831812,0.007079004139664821,OPTIMAL,110
