seed,dimension,p,k,time,solution,dual_gap,rel_dual_gap,termination,ncalls
3,21,105,5.0,188.79,3.718586133585336,0.036472998661087885,0.009905453016950345,OPTIMAL,27009
