seed,dimension,time,solution,dual_gap,rel_dual_gap,termination,ncalls
9,85,85.101,23.592236072929932,0.23342538902577203,0.009993033985528138,OPTIMAL,10901
