seed,dimension,p,k,time,solution,dual_gap,rel_dual_gap,termination,ncalls
2,29,145,6.0,1800.06,2.042426834050067,0.12607191154524422,0.06578734975693258,Time limit reached,176931
