seed,dimension,time,solution,dual_gap,rel_dual_gap,termination,ncalls
4,60,8.692,-0.41853300211323846,0.002187695822341962,0.005227056913782053,OPTIMAL,1105
