seed,dimension,p,k,Ns,time,solution,dual_gap,rel_dual_gap,termination,ncalls
8,90,90,45.0,10.0,16.364,0.23935087131639518,0.0023333718551005467,0.00984472395668654,OPTIMAL,2204
