seed,dimension,p,k,time,solution,dual_gap,rel_dual_gap,termination,ncalls
10,21,105,5.0,7.352,3.082173404888214,0.028437511655424075,0.00931236775205178,OPTIMAL,503
