seed,dimension,p,k,time,solution,dual_gap,rel_dual_gap,termination,ncalls
4,23,115,5.0,10.033,5.266123075399722,0.0518463531947706,0.009943153376187988,OPTIMAL,992
