seed,dimension,time,solution,dual_gap,rel_dual_gap,termination,ncalls
8,55,12.006,-0.4663562085508003,0.0037621728112063324,0.008067165703437865,OPTIMAL,1579
