seed,dimension,p,k,time,solution,dual_gap,rel_dual_gap,termination,ncalls
7,27,135,6.0,1800.022,4.246650239433944,0.15026770755412766,0.036683026154095605,Time limit reached,250337
