seed,dimension,p,k,time,solution,dual_gap,rel_dual_gap,termination,ncalls
8,25,125,5.0,3.485,3.370075088994695,0.032134346987004125,0.009626997442643661,OPTIMAL,38
