seed,dimension,p,k,time,solution,dual_gap,rel_dual_gap,termination,ncalls
8,30,150,6.0,8.051,3.9857465494129913,0.038787066570491024,0.009827074926687,OPTIMAL,262
