seed,dimension,time,solution,dual_gap,rel_dual_gap,termination,ncalls
2,45,7.784,-0.34748069976877355,0.0026593532323115343,0.007653240119756769,OPTIMAL,844
