seed,dimension,p,k,time,solution,dual_gap,rel_dual_gap,termination,ncalls
8,30,150,6.0,5.742,3.985746549412991,0.038787066570490136,0.009827074926686774,OPTIMAL,262
