seed,dimension,p,k,Ns,time,solution,dual_gap,rel_dual_gap,termination,ncalls
4,50,50,25.0,0.1,1804.404,0.47880180423135565,0.005035404883771355,0.010628455058665042,Time limit reached,38088
