seed,dimension,var_A,p,k,M,time,solution,dual_gap,rel_dual_gap,termination,ncalls
5,15,1,75,15.0,1.0,1801.895,0.6421433945805757,0.018280544448958103,0.02930218467905473,Time limit reached,213772
