seed,dimension,time,solution,dual_gap,rel_dual_gap,termination,ncalls
4,90,330.665,24.78573593455474,0.24018733259250524,0.009785372349481895,OPTIMAL,40936
