seed,dimension,p,k,time,solution,dual_gap,rel_dual_gap,termination,ncalls
10,20,100,4.0,4.111,2.3902751479788935,0.021606374142114415,0.00912173723095793,OPTIMAL,104
