seed,dimension,p,k,Ns,time,solution,dual_gap,rel_dual_gap,termination,ncalls
3,90,90,45.0,10.0,1801.95,-0.3235095274254761,0.3192607836671374,0.9868667121115391,Time limit reached,17923
