seed,dimension,var_A,p,k,M,time,solution,dual_gap,rel_dual_gap,termination,ncalls
1,15,5,75,15.0,0.1,1801.701,0.6931471805599453,0.41829088346088766,1.5218530114670668,Time limit reached,236564
