seed,dimension,p,k,Ns,time,solution,dual_gap,rel_dual_gap,termination,ncalls
5,90,90,45.0,10.0,9.636,0.9588343944418658,0.005531234392152418,0.005802177758294614,OPTIMAL,109
