seed,dimension,time,solution,dual_gap,rel_dual_gap,termination,ncalls
3,80,12.628,-0.13509311319800693,8.168963016991215e-5,0.0006046912994756371,OPTIMAL,1739
