seed,dimension,p,k,time,solution,dual_gap,rel_dual_gap,termination,ncalls
10,28,140,6.0,21.32,2.982443494398932,0.029464657457772603,0.009977943996474267,OPTIMAL,1576
