seed,dimension,time,solution,dual_gap,rel_dual_gap,termination,ncalls
2,45,4.327,-0.3471663125602143,0.002973740440870787,0.008565751725565268,OPTIMAL,844
