seed,dimension,p,k,time,solution,dual_gap,rel_dual_gap,termination,ncalls
10,24,120,5.0,6.133,2.5919150187022093,0.025257893038616697,0.009840774128366068,OPTIMAL,492
