seed,dimension,p,k,time,solution,dual_gap,rel_dual_gap,termination,ncalls
5,29,145,6.0,96.531,6.393902999859767,0.06317515865514167,0.0099791304001343,OPTIMAL,13278
