seed,dimension,p,k,Ns,time,solution,dual_gap,rel_dual_gap,termination,ncalls
2,90,90,45.0,1.0,1801.925,-0.08185655509841146,0.06301022797027898,0.7697639840147853,Time limit reached,21794
