seed,dimension,time,solution,dual_gap,rel_dual_gap,termination,ncalls
5,35,4.539,-0.36945503331024443,0.010850900562617782,0.02937001687430226,OPTIMAL,701
