seed,n0,m0,M,time,solution,dual_gap,rel_dual_gap,termination,ncalls
9,2,16,20.0,4.973,0.30240000137385065,4.8646078720793184e-8,1.6086668758372993e-7,OPTIMAL,40
