seed,dimension,p,k,time,solution,dual_gap,rel_dual_gap,termination,ncalls
7,23,115,5.0,304.057,3.351295718306617,0.033102520731607576,0.009976067926303822,OPTIMAL,47422
