seed,dimension,time,solution,dual_gap,rel_dual_gap,termination,ncalls
2,60,9.658,-0.8673493022839546,0.008370896487356672,0.009651124945064163,OPTIMAL,1221
