seed,dimension,p,k,time,solution,dual_gap,rel_dual_gap,termination,ncalls
5,25,125,5.0,99.0,6.063698098092319,0.05998830447051162,0.009991872780766605,OPTIMAL,15314
