seed,dimension,time,solution,dual_gap,rel_dual_gap,termination,ncalls
9,55,9.141,-0.22634965226070702,0.00023821480776431425,0.0010524195879476814,OPTIMAL,926
