seed,dimension,p,k,Ns,time,solution,dual_gap,rel_dual_gap,termination,ncalls
7,50,50,25.0,5.0,1803.681,0.18642334711701328,0.02373113607218788,0.14586522562932908,Time limit reached,32071
