seed,dimension,p,k,time,solution,dual_gap,rel_dual_gap,termination,ncalls
6,29,145,6.0,4.843,5.185528324382068,0.04391276852147108,0.008540655761673534,OPTIMAL,47
