seed,dimension,p,k,time,solution,dual_gap,rel_dual_gap,termination,ncalls
10,20,100,4.0,4.817,2.3902751479788935,0.02338328342147955,0.009879320543379366,OPTIMAL,102
