seed,dimension,p,k,Ns,time,solution,dual_gap,rel_dual_gap,termination,ncalls
6,90,90,45.0,10.0,9.126,0.8035914169866181,0.007743915414224922,0.009730401111927732,OPTIMAL,116
