seed,dimension,p,k,Ns,time,solution,dual_gap,rel_dual_gap,termination,ncalls
7,50,50,25.0,1.0,1804.641,0.18329837823476453,0.020543949594347743,0.12622667024156212,Time limit reached,28440
