seed,dimension,time,solution,dual_gap,rel_dual_gap,termination,ncalls
7,70,7.523,0.15383885223463512,0.0005832158890716754,0.003805510211426288,OPTIMAL,1637
