seed,dimension,time,solution,dual_gap,rel_dual_gap,termination,ncalls
5,65,11.536,-0.41445793519876445,0.00348579013676259,0.008410479908150113,OPTIMAL,1313
