seed,dimension,p,k,time,solution,dual_gap,rel_dual_gap,termination,ncalls
8,29,145,6.0,8.031,3.7775892964014806,0.03696282479891311,0.009881453034544081,OPTIMAL,295
