seed,dimension,time,solution,dual_gap,rel_dual_gap,termination,ncalls
10,50,8.211,0.015598867600913002,0.0009210637938710797,0.06275215324987407,OPTIMAL,977
