seed,dimension,time,solution,dual_gap,rel_dual_gap,termination,ncalls
10,55,8.864,-0.17411793284301508,0.0005011700118530971,0.0028783365599966805,OPTIMAL,962
