seed,dimension,var_A,p,k,M,time,solution,dual_gap,rel_dual_gap,termination,ncalls
2,15,1,75,15.0,0.1,1801.705,0.6931471805599453,0.06041822620895787,0.09548832212195978,Time limit reached,250630
