seed,dimension,p,k,Ns,time,solution,dual_gap,rel_dual_gap,termination,ncalls
5,90,90,45.0,0.1,1801.829,0.8692761132992008,0.0894132895126023,0.11465258605155582,Time limit reached,21694
