seed,dimension,p,k,time,solution,dual_gap,rel_dual_gap,termination,ncalls
8,21,105,5.0,3.585,3.18506704313954,0.027107396780278403,0.008583832542486694,OPTIMAL,16
