seed,dimension,var_A,p,k,M,time,solution,dual_gap,rel_dual_gap,termination,ncalls
9,15,5,75,15.0,1.0,1801.504,0.27633826070129175,0.07098945635658069,0.3457018246739506,Time limit reached,192490
