seed,n0,m0,M,time,solution,dual_gap,rel_dual_gap,termination,ncalls
4,3,28,20.0,7.767,1.001153479814732,6.369264982097889e-8,6.361927032890642e-8,OPTIMAL,79
