seed,dimension,time,solution,dual_gap,rel_dual_gap,termination,ncalls
6,55,16.547,-0.42352119868170246,0.0034321767531350633,0.00810390781811731,OPTIMAL,2576
