seed,dimension,p,k,Ns,time,solution,dual_gap,rel_dual_gap,termination,ncalls
2,90,90,45.0,5.0,1801.967,-0.08321929814139101,0.06268732092205453,0.7532786543759081,Time limit reached,20407
