seed,n0,m0,M,time,solution,dual_gap,rel_dual_gap,termination,ncalls
7,2,23,20.0,5.296,4.939014399234411,3.9566203646757e-8,8.01095132864019e-9,OPTIMAL,64
