seed,dimension,p,k,Ns,time,solution,dual_gap,rel_dual_gap,termination,ncalls
3,70,70,35.0,5.0,1801.943,-0.9394368465969277,0.09628992600617525,0.1024974976817033,Time limit reached,39137
