seed,dimension,var_A,p,k,M,time,solution,dual_gap,rel_dual_gap,termination,ncalls
10,15,1,75,15.0,1.0,1801.967,0.6350895484526649,0.03193552745774364,0.052947549624331444,Time limit reached,214432
