seed,dimension,time,solution,dual_gap,rel_dual_gap,termination,ncalls
1,35,24.542,7.5542870779353555,0.049891390144157555,0.006648288845606209,OPTIMAL,4274
