seed,dimension,time,solution,dual_gap,rel_dual_gap,termination,ncalls
3,50,15.478,-0.5871793468338956,0.0018438165600912493,0.0031401250231862087,OPTIMAL,3005
