seed,n0,m0,M,time,solution,dual_gap,rel_dual_gap,termination,ncalls
10,2,24,20.0,5.246,2.4796362214129806,1.3473129722996191e-8,5.433510641542871e-9,OPTIMAL,40
