seed,dimension,p,k,time,solution,dual_gap,rel_dual_gap,termination,ncalls
3,19,95,4.0,341.455,3.6329580608008216,0.03596347909666875,0.009998202187902736,OPTIMAL,70588
