seed,dimension,time,solution,dual_gap,rel_dual_gap,termination,ncalls
9,50,24.228,-2.3790789880173957,0.017178193082155513,0.0072205223822648075,OPTIMAL,4918
