seed,dimension,p,k,time,solution,dual_gap,rel_dual_gap,termination,ncalls
7,16,80,4.0,37.203,3.2775182354340826,0.032327996985280105,0.00996181875634288,OPTIMAL,7385
