seed,dimension,time,solution,dual_gap,rel_dual_gap,termination,ncalls
6,85,361.206,11.42831227230554,0.0979984368795126,0.008649225282101622,OPTIMAL,49880
