seed,n0,m0,M,time,solution,dual_gap,rel_dual_gap,termination,ncalls
9,2,25,20.0,5.254,2.694721937624888,9.660865485372483e-8,3.5851067588219714e-8,OPTIMAL,42
