seed,dimension,time,solution,dual_gap,rel_dual_gap,termination,ncalls
6,25,33.917,0.5219133828725075,0.004390094942897882,0.008482893514726232,OPTIMAL,7109
