seed,dimension,time,solution,dual_gap,rel_dual_gap,termination,ncalls
7,75,10.817,-0.4681144597716065,0.003842089066766252,0.008207584676279411,OPTIMAL,1976
