seed,dimension,time,solution,dual_gap,rel_dual_gap,termination,ncalls
9,80,12.683,-0.5726032240751714,0.0053291297043465136,0.009306845439010145,OPTIMAL,2337
