seed,dimension,time,solution,dual_gap,rel_dual_gap,termination,ncalls
3,50,16.35,-0.5845514150338333,0.004471748360154626,0.007649880310179054,OPTIMAL,3005
