seed,dimension,var_A,p,k,M,time,solution,dual_gap,rel_dual_gap,termination,ncalls
4,15,1,75,15.0,1.0,1802.059,0.6366358965173576,0.040506653087367894,0.06794944810004955,Time limit reached,211105
