seed,dimension,time,solution,dual_gap,rel_dual_gap,termination,ncalls
8,50,9.154,-0.2303135157211445,0.0007632519382463343,0.0033139693771617506,OPTIMAL,965
