seed,dimension,var_A,p,k,M,time,solution,dual_gap,rel_dual_gap,termination,ncalls
1,10,1,50,10.0,0.1,4.185,0.4718474259178642,0.003053454547510104,0.006513425372311006,OPTIMAL,47
