seed,dimension,var_A,p,k,M,time,solution,dual_gap,rel_dual_gap,termination,ncalls
9,15,1,75,15.0,0.1,1801.616,0.6931471805599453,0.09344234212072655,0.15581388731816462,Time limit reached,260585
