seed,dimension,time,solution,dual_gap,rel_dual_gap,termination,ncalls
7,20,18.327,1.0308683856149163,0.008845056847809118,0.008654456898238454,OPTIMAL,3449
