seed,dimension,p,k,time,solution,dual_gap,rel_dual_gap,termination,ncalls
1,15,75,3.0,5.889,2.2335078624459115,0.01920822872714556,0.008674629410874555,OPTIMAL,231
