seed,dimension,var_A,p,k,M,time,solution,dual_gap,rel_dual_gap,termination,ncalls
10,15,5,75,15.0,1.0,1801.658,0.31728417899784755,0.09420224822983173,0.42227646096443905,Time limit reached,196571
