seed,n0,m0,M,time,solution,dual_gap,rel_dual_gap,termination,ncalls
10,2,21,20.0,5.196,2.916927015786495,5.064366703777523e-9,1.7361993238643857e-9,OPTIMAL,64
