seed,dimension,p,k,Ns,time,solution,dual_gap,rel_dual_gap,termination,ncalls
3,70,70,35.0,0.1,1805.258,0.6322465991864024,0.007488225468114229,0.011985794481709132,Time limit reached,21696
