seed,dimension,p,k,Ns,time,solution,dual_gap,rel_dual_gap,termination,ncalls
2,50,50,25.0,5.0,1805.629,0.2752792025462422,0.009670660238811968,0.03640944735737679,Time limit reached,38705
