seed,dimension,p,k,time,solution,dual_gap,rel_dual_gap,termination,ncalls
4,20,100,4.0,39.656,5.58043616690493,0.05459191737465918,0.0098793804004338,OPTIMAL,5664
