seed,dimension,p,k,time,solution,dual_gap,rel_dual_gap,termination,ncalls
1,29,145,6.0,498.906,2.0679355073617574,0.020473086393656637,0.009999248916117521,OPTIMAL,69790
