seed,dimension,p,k,Ns,time,solution,dual_gap,rel_dual_gap,termination,ncalls
5,90,90,45.0,0.1,1801.809,0.8692761132992008,0.08941040018814994,0.11464845637522998,Time limit reached,22314
