seed,dimension,time,solution,dual_gap,rel_dual_gap,termination,ncalls
2,95,1800.013,2.847123627488698,0.8271101679851709,0.40945775093422176,Time limit reached,248001
