seed,dimension,time,solution,dual_gap,rel_dual_gap,termination,ncalls
7,30,6.143,-0.26859811149935175,0.0011766158143300953,0.004380581113404198,OPTIMAL,530
