seed,dimension,time,solution,dual_gap,rel_dual_gap,termination,ncalls
4,70,10.493,-0.3818490165050131,0.00222805583537522,0.0058349131176719145,OPTIMAL,1326
