seed,dimension,time,solution,dual_gap,rel_dual_gap,termination,ncalls
7,90,216.434,-0.721644987849292,0.004788289736371021,0.006635242836843488,OPTIMAL,58093
