seed,dimension,p,k,time,solution,dual_gap,rel_dual_gap,termination,ncalls
10,18,90,4.0,3.948,3.0832607412508426,0.024662917510398952,0.008063471869027223,OPTIMAL,49
