seed,dimension,p,k,time,solution,dual_gap,rel_dual_gap,termination,ncalls
3,29,145,6.0,1801.497,4.6434855914450495,0.1402638206022715,0.031147437932203176,Time limit reached,271994
