seed,dimension,time,solution,dual_gap,rel_dual_gap,termination,ncalls
5,25,2.792,-0.3023613368934905,0.0030181557630044598,0.009981950053579875,OPTIMAL,306
