seed,dimension,p,k,time,solution,dual_gap,rel_dual_gap,termination,ncalls
9,25,125,5.0,3.475,3.0525710516982505,0.021384546700694784,0.00705484359521851,OPTIMAL,34
