seed,n0,m0,M,time,solution,dual_gap,rel_dual_gap,termination,ncalls
8,3,27,20.0,7.888,0.9076318062146539,5.851707607362755e-8,6.447226666769857e-8,OPTIMAL,105
