seed,dimension,p,k,Ns,time,solution,dual_gap,rel_dual_gap,termination,ncalls
1,70,70,35.0,10.0,1806.295,-1.5526951638505904,0.09372243067559016,0.06036112744961747,Time limit reached,21165
