seed,dimension,p,k,time,solution,dual_gap,rel_dual_gap,termination,ncalls
1,23,115,5.0,37.322,1.8673957031119208,0.01828847010310164,0.00989043240793727,OPTIMAL,3624
