seed,dimension,p,k,time,solution,dual_gap,rel_dual_gap,termination,ncalls
1,23,115,5.0,35.95,1.8673957031119208,0.018288470103101417,0.009890432407937149,OPTIMAL,3624
