seed,dimension,p,k,time,solution,dual_gap,rel_dual_gap,termination,ncalls
3,23,115,5.0,1227.318,4.014525717592983,0.0397458214301869,0.009999502480264889,OPTIMAL,198840
