seed,dimension,p,k,time,solution,dual_gap,rel_dual_gap,termination,ncalls
3,30,150,6.0,1801.599,4.319300767044491,0.13887699912701645,0.033220794550261494,Time limit reached,269846
