seed,dimension,p,k,time,solution,dual_gap,rel_dual_gap,termination,ncalls
1,20,100,4.0,28.045,2.274969426057991,0.022175439520173867,0.009843527483067353,OPTIMAL,3410
