seed,n0,m0,M,time,solution,dual_gap,rel_dual_gap,termination,ncalls
8,2,25,20.0,5.273,1.2417842215013062,5.8268069258460287e-8,4.692286387897519e-8,OPTIMAL,61
