seed,dimension,p,k,Ns,time,solution,dual_gap,rel_dual_gap,termination,ncalls
5,50,50,25.0,5.0,1803.519,0.4658717333701699,0.018032383966672005,0.040265296005566144,Time limit reached,36565
