seed,dimension,p,k,time,solution,dual_gap,rel_dual_gap,termination,ncalls
8,28,140,6.0,7.621,3.274522687579969,0.0318293746497087,0.009815721555531898,OPTIMAL,662
