seed,dimension,p,k,time,solution,dual_gap,rel_dual_gap,termination,ncalls
4,24,120,5.0,19.93,5.14765880456751,0.05063088880585642,0.009933414068478886,OPTIMAL,2282
