seed,dimension,time,solution,dual_gap,rel_dual_gap,termination,ncalls
1,20,3.086,-2.5933975521215746,0.006503708684702403,0.0025077947187009293,OPTIMAL,315
