seed,dimension,p,k,Ns,time,solution,dual_gap,rel_dual_gap,termination,ncalls
9,50,50,25.0,0.1,1803.421,0.7870525779316343,0.009868883401773054,0.0126982635781403,Time limit reached,38997
