seed,dimension,p,k,time,solution,dual_gap,rel_dual_gap,termination,ncalls
4,21,105,5.0,17.702,5.061115465947954,0.04995703791092154,0.009969159552293516,OPTIMAL,1989
