seed,dimension,p,k,Ns,time,solution,dual_gap,rel_dual_gap,termination,ncalls
9,70,70,35.0,5.0,1805.487,-2.65053752259817,0.11491127031030546,0.043353949653828903,Time limit reached,19125
