seed,dimension,time,solution,dual_gap,rel_dual_gap,termination,ncalls
4,95,19.439,-0.14401631978364376,0.00043115550351641163,0.0029937961486874412,OPTIMAL,2700
