seed,dimension,p,k,Ns,time,solution,dual_gap,rel_dual_gap,termination,ncalls
2,90,90,45.0,0.1,1801.802,0.8229861560750843,0.08855221380651324,0.12057206061716993,Time limit reached,22331
