seed,dimension,time,solution,dual_gap,rel_dual_gap,termination,ncalls
1,75,97.721,16.762974827801166,0.1421892176101096,0.008554903537347001,OPTIMAL,13257
