seed,dimension,p,k,time,solution,dual_gap,rel_dual_gap,termination,ncalls
2,28,140,6.0,1801.671,1.815333424646909,0.3042734325199896,0.20136423047751012,Time limit reached,280732
