seed,dimension,var_A,p,k,M,time,solution,dual_gap,rel_dual_gap,termination,ncalls
2,20,5,100,20.0,1.0,1801.689,0.34669029273719143,0.06430828825869506,0.22773507956875555,Time limit reached,151168
