seed,n0,m0,M,time,solution,dual_gap,rel_dual_gap,termination,ncalls
6,2,17,20.0,4.804,1.2136511779515227,4.169408818199827e-8,3.435426123405721e-8,OPTIMAL,20
