seed,dimension,p,k,time,solution,dual_gap,rel_dual_gap,termination,ncalls
3,26,130,6.0,1800.015,4.057720933359512,0.18450239541352964,0.04763542093118599,Time limit reached,253406
