seed,dimension,time,solution,dual_gap,rel_dual_gap,termination,ncalls
10,35,254.41,0.1388525282087789,0.0013406784366756241,0.009749548412718715,OPTIMAL,47595
