seed,dimension,p,k,time,solution,dual_gap,rel_dual_gap,termination,ncalls
10,30,150,6.0,5.718,3.198611710346478,0.030707984653364218,0.009693471554804127,OPTIMAL,251
