seed,dimension,time,solution,dual_gap,rel_dual_gap,termination,ncalls
6,95,75.858,-0.7492185743596955,0.005556590530324201,0.007416514646707777,OPTIMAL,12507
