seed,dimension,p,k,Ns,time,solution,dual_gap,rel_dual_gap,termination,ncalls
7,90,90,45.0,0.1,1801.828,0.8450846270109141,0.05857372796383897,0.07447287511820373,Time limit reached,31439
