seed,dimension,var_A,p,k,M,time,solution,dual_gap,rel_dual_gap,termination,ncalls
1,20,5,100,20.0,0.1,1802.076,0.18887405695772497,0.036876363966813375,0.24261133995644477,Time limit reached,212582
