seed,dimension,time,solution,dual_gap,rel_dual_gap,termination,ncalls
7,45,1515.419,-0.5399877770592774,0.005287643777081463,0.009792154566678294,OPTIMAL,381557
