seed,dimension,p,k,Ns,time,solution,dual_gap,rel_dual_gap,termination,ncalls
8,90,90,45.0,1.0,1802.018,-0.615180411461822,0.11099539512815071,0.18042738855159252,Time limit reached,16852
