seed,dimension,time,solution,dual_gap,rel_dual_gap,termination,ncalls
8,45,17.737,-16.008025763830133,0.07835439882731166,0.004894694697727943,OPTIMAL,4032
