seed,dimension,p,k,time,solution,dual_gap,rel_dual_gap,termination,ncalls
5,24,120,5.0,50.638,5.482109670783845,0.05421805977671923,0.00998878821875724,OPTIMAL,7119
