seed,dimension,p,k,time,solution,dual_gap,rel_dual_gap,termination,ncalls
9,30,150,6.0,17.58,2.6758642589822386,0.026093451160905,0.00984743702507587,OPTIMAL,2128
