seed,dimension,time,solution,dual_gap,rel_dual_gap,termination,ncalls
4,85,1800.012,-5.232598774614232,0.8234705167748917,0.15737314329734775,Time limit reached,484128
