seed,dimension,time,solution,dual_gap,rel_dual_gap,termination,ncalls
3,25,3.574,-1.7242285533436497,0.01521550795342419,0.008824530787358816,OPTIMAL,879
