seed,dimension,p,k,time,solution,dual_gap,rel_dual_gap,termination,ncalls
5,21,105,5.0,36.93,5.48922185529245,0.05368357418221503,0.009876404397477613,OPTIMAL,5570
