seed,dimension,time,solution,dual_gap,rel_dual_gap,termination,ncalls
10,30,11.905,2.2298718427704154,0.017505911928848317,0.007912756061195176,OPTIMAL,1812
