seed,dimension,p,k,Ns,time,solution,dual_gap,rel_dual_gap,termination,ncalls
5,90,90,45.0,1.0,1802.062,0.3370039597128762,0.0780446377295354,0.30137798142117517,Time limit reached,13868
