seed,n0,m0,M,time,solution,dual_gap,rel_dual_gap,termination,ncalls
3,3,28,20.0,7.569,3.5124846272613435,3.730076825192441e-8,1.0619482391051025e-8,OPTIMAL,49
