seed,dimension,p,k,Ns,time,solution,dual_gap,rel_dual_gap,termination,ncalls
4,90,90,45.0,10.0,8.284,0.4474887251404964,0.004208014026884088,0.009492887737688138,OPTIMAL,42
