seed,dimension,time,solution,dual_gap,rel_dual_gap,termination,ncalls
3,80,9.153,-0.1350931131980067,8.168963016985664e-5,0.0006046912994752271,OPTIMAL,1739
