seed,dimension,p,k,Ns,time,solution,dual_gap,rel_dual_gap,termination,ncalls
8,70,70,35.0,10.0,1810.693,0.8239742884462351,0.01577025740148208,0.019512718070826877,Time limit reached,27638
