seed,dimension,p,k,time,solution,dual_gap,rel_dual_gap,termination,ncalls
3,18,90,4.0,145.476,3.2649714704686863,0.032307447329708694,0.009994062822011906,OPTIMAL,27776
