seed,dimension,p,k,time,solution,dual_gap,rel_dual_gap,termination,ncalls
1,30,150,6.0,303.289,2.018248557941487,0.019883643357716974,0.009949956192990128,OPTIMAL,27676
