seed,n0,m0,M,time,solution,dual_gap,rel_dual_gap,termination,ncalls
9,3,27,20.0,7.828,1.0910343120805823,8.238262960702514e-8,7.55087488225116e-8,OPTIMAL,96
