seed,dimension,time,solution,dual_gap,rel_dual_gap,termination,ncalls
10,55,42.232,11.428959697045752,0.11285812583323285,0.009973233725679622,OPTIMAL,5679
