seed,dimension,p,k,Ns,time,solution,dual_gap,rel_dual_gap,termination,ncalls
2,70,70,35.0,1.0,1802.149,0.2843021667961945,0.03604289388318149,0.1451824677493939,Time limit reached,22281
