seed,dimension,p,k,Ns,time,solution,dual_gap,rel_dual_gap,termination,ncalls
9,90,90,45.0,5.0,1802.117,-1.0019026852592214,0.20483687288836672,0.20444787293425554,Time limit reached,21105
