seed,dimension,p,k,time,solution,dual_gap,rel_dual_gap,termination,ncalls
2,30,150,6.0,1800.018,2.436515331153286,0.5166381307545491,0.26909957087216263,Time limit reached,180137
