seed,dimension,p,k,time,solution,dual_gap,rel_dual_gap,termination,ncalls
3,17,85,4.0,232.94,3.5278768501750717,0.03491609318988953,0.009996130967135756,OPTIMAL,67131
