seed,dimension,p,k,time,solution,dual_gap,rel_dual_gap,termination,ncalls
8,18,90,4.0,3.295,3.3101104022637635,0.008184428706042635,0.0024786832810864538,OPTIMAL,11
