seed,dimension,time,solution,dual_gap,rel_dual_gap,termination,ncalls
3,85,10.902,-0.27905886635557864,4.8403173497746366e-5,0.0001734514804344927,OPTIMAL,2106
