seed,dimension,p,k,time,solution,dual_gap,rel_dual_gap,termination,ncalls
3,28,140,6.0,1801.659,4.363373393383866,0.0571046449683541,0.013260817729819048,Time limit reached,307528
