seed,dimension,p,k,time,solution,dual_gap,rel_dual_gap,termination,ncalls
9,24,120,5.0,4.886,2.2825016876582915,0.01828532126247051,0.008075783539881871,OPTIMAL,89
