seed,dimension,time,solution,dual_gap,rel_dual_gap,termination,ncalls
9,20,2.819,-0.13869966897544161,0.006797903897908519,0.04901168076408435,OPTIMAL,381
