seed,dimension,p,k,time,solution,dual_gap,rel_dual_gap,termination,ncalls
5,22,110,5.0,17.647,5.183929732888858,0.050838526757569724,0.009904076260488996,OPTIMAL,1381
