seed,dimension,var_A,p,k,M,time,solution,dual_gap,rel_dual_gap,termination,ncalls
1,15,1,75,15.0,0.1,1801.682,0.6931471805599453,0.06951438971977497,0.11146686117342199,Time limit reached,250640
