seed,dimension,p,k,Ns,time,solution,dual_gap,rel_dual_gap,termination,ncalls
5,90,90,45.0,5.0,1801.942,0.33720480256808666,0.07790238125712456,0.30043059707376213,Time limit reached,18954
