seed,dimension,p,k,time,solution,dual_gap,rel_dual_gap,termination,ncalls
2,22,110,5.0,1800.013,2.0697251826033822,0.06856703536723163,0.03426367649250074,Time limit reached,287209
