seed,dimension,p,k,time,solution,dual_gap,rel_dual_gap,termination,ncalls
5,23,115,5.0,33.195,5.519353385927931,0.05459641971850093,0.009990640033233016,OPTIMAL,2841
