seed,dimension,p,k,Ns,time,solution,dual_gap,rel_dual_gap,termination,ncalls
2,90,90,45.0,10.0,1807.914,-0.09662514312521456,0.04968555203450151,0.5142093499423335,Time limit reached,17210
