seed,dimension,time,solution,dual_gap,rel_dual_gap,termination,ncalls
8,65,74.728,-4.265944409369343,0.04233393828243859,0.009923696658929749,OPTIMAL,16145
