seed,dimension,time,solution,dual_gap,rel_dual_gap,termination,ncalls
4,100,322.6,11.390991601620275,0.11100178797603455,0.009840592926933954,OPTIMAL,43761
