seed,dimension,p,k,time,solution,dual_gap,rel_dual_gap,termination,ncalls
5,26,130,6.0,87.682,5.876645371520513,0.057634410639847644,0.009904502848904257,OPTIMAL,9640
