seed,dimension,time,solution,dual_gap,rel_dual_gap,termination,ncalls
5,85,11.142,-0.20239253751219732,0.0006391187309084112,0.0031578176684004186,OPTIMAL,2222
