seed,dimension,var_A,p,k,M,time,solution,dual_gap,rel_dual_gap,termination,ncalls
1,15,5,75,15.0,1.0,1802.032,0.3220792325308254,0.0686212259604026,0.27074002075896675,Time limit reached,198047
