seed,dimension,p,k,Ns,time,solution,dual_gap,rel_dual_gap,termination,ncalls
1,50,50,25.0,1.0,1806.54,0.508656663566756,0.02126926376237892,0.04363933858551899,Time limit reached,35869
