seed,dimension,p,k,time,solution,dual_gap,rel_dual_gap,termination,ncalls
10,29,145,6.0,5.078,3.0958485141887326,0.028694679148371094,0.009355474388193995,OPTIMAL,70
