seed,dimension,p,k,time,solution,dual_gap,rel_dual_gap,termination,ncalls
2,18,90,4.0,126.414,1.908612111621514,0.018881980311431512,0.009991892492258304,OPTIMAL,21465
