seed,dimension,p,k,time,solution,dual_gap,rel_dual_gap,termination,ncalls
7,26,130,6.0,1154.851,4.277812737140191,0.04235135591947703,0.009999230805705242,OPTIMAL,160163
