seed,dimension,p,k,Ns,time,solution,dual_gap,rel_dual_gap,termination,ncalls
10,50,50,25.0,1.0,1804.124,0.48912783240218466,0.018891201734634766,0.04017381995064216,Time limit reached,36018
