seed,dimension,time,solution,dual_gap,rel_dual_gap,termination,ncalls
10,90,191.742,24.562848631178824,0.24059915369810625,0.00989214233333435,OPTIMAL,25922
