seed,dimension,time,solution,dual_gap,rel_dual_gap,termination,ncalls
2,85,16.094,-0.26964943481768916,0.000341548916796941,0.0012666405810487357,OPTIMAL,2152
