seed,dimension,time,solution,dual_gap,rel_dual_gap,termination,ncalls
7,60,9.842,-0.28292982984953563,0.0009402742289643662,0.0033233478048759002,OPTIMAL,1280
