seed,n0,m0,M,time,solution,dual_gap,rel_dual_gap,termination,ncalls
1,2,24,20.0,5.269,3.4517559686486594,2.8455484191169944e-8,8.243770615363221e-9,OPTIMAL,61
