seed,dimension,p,k,Ns,time,solution,dual_gap,rel_dual_gap,termination,ncalls
7,90,90,45.0,1.0,1802.052,0.11566953655749482,0.052316609021062,0.825796234767145,Time limit reached,12514
