seed,dimension,p,k,Ns,time,solution,dual_gap,rel_dual_gap,termination,ncalls
10,70,70,35.0,1.0,1802.005,0.9969404444481795,0.01784486628580617,0.01822586750856184,Time limit reached,36421
