seed,dimension,time,solution,dual_gap,rel_dual_gap,termination,ncalls
10,95,13.699,-0.03513393825055122,0.0005735297227500991,0.01632409434604448,OPTIMAL,2638
