seed,dimension,p,k,time,solution,dual_gap,rel_dual_gap,termination,ncalls
9,20,100,4.0,4.188,2.018599533665041,0.019590837429828145,0.009800276240280544,OPTIMAL,131
