seed,dimension,time,solution,dual_gap,rel_dual_gap,termination,ncalls
9,95,211.044,21.28870112832732,0.20953737306546216,0.009940497426666495,OPTIMAL,26790
