seed,dimension,time,solution,dual_gap,rel_dual_gap,termination,ncalls
7,55,384.058,2.772584460167434,0.025117695899903758,0.009142129115654686,OPTIMAL,67648
