seed,dimension,p,k,time,solution,dual_gap,rel_dual_gap,termination,ncalls
1,21,105,5.0,50.789,1.7617942799593105,0.016853158797663026,0.009658296542661274,OPTIMAL,6026
