seed,dimension,time,solution,dual_gap,rel_dual_gap,termination,ncalls
6,50,12.877,-0.2425012813713277,0.00026230718829289845,0.0010816734114127964,OPTIMAL,1791
