seed,dimension,p,k,time,solution,dual_gap,rel_dual_gap,termination,ncalls
7,30,150,6.0,1801.654,4.631054012114318,0.14632538948879592,0.03262747911893312,Time limit reached,273027
