seed,dimension,p,k,Ns,time,solution,dual_gap,rel_dual_gap,termination,ncalls
5,90,90,45.0,10.0,1808.209,0.3114607989707457,0.05218852767261212,0.20128850420954295,Time limit reached,17074
