seed,dimension,var_A,p,k,M,time,solution,dual_gap,rel_dual_gap,termination,ncalls
2,15,5,75,15.0,1.0,1802.063,0.36802663846468014,0.09908821081691832,0.3684419950082316,Time limit reached,199870
