seed,dimension,time,solution,dual_gap,rel_dual_gap,termination,ncalls
4,50,7.783,-0.34588450534312837,0.0018007749904004888,0.005206289852776328,OPTIMAL,801
