seed,dimension,time,solution,dual_gap,rel_dual_gap,termination,ncalls
9,25,19.692,2.502879641257057,0.018945768163774357,0.007627323886920101,OPTIMAL,4227
