seed,dimension,p,k,Ns,time,solution,dual_gap,rel_dual_gap,termination,ncalls
4,90,90,45.0,0.1,1808.744,0.4381259172059552,0.019476417815575797,0.04652201386586292,Time limit reached,9229
