seed,dimension,p,k,time,solution,dual_gap,rel_dual_gap,termination,ncalls
2,25,125,5.0,1562.223,1.831708501396998,0.018134633431212244,0.00999939056882924,OPTIMAL,236006
