seed,dimension,time,solution,dual_gap,rel_dual_gap,termination,ncalls
8,20,7.562,-4.224283350954455,0.01536189461552695,0.00363656822690552,OPTIMAL,593
