seed,dimension,p,k,Ns,time,solution,dual_gap,rel_dual_gap,termination,ncalls
8,50,50,25.0,10.0,1804.01,-0.2017145615427361,0.029541434959154567,0.14645167276580473,Time limit reached,58471
