seed,dimension,p,k,Ns,time,solution,dual_gap,rel_dual_gap,termination,ncalls
9,50,50,25.0,5.0,1802.982,0.13737850008402197,0.017526666558669676,0.14623611540295922,Time limit reached,40469
