seed,dimension,p,k,time,solution,dual_gap,rel_dual_gap,termination,ncalls
2,24,120,5.0,1342.665,1.6462779454878742,0.0162823614458385,0.009989205863651344,OPTIMAL,193580
