seed,n0,m0,M,time,solution,dual_gap,rel_dual_gap,termination,ncalls
10,2,20,20.0,4.996,1.4400681162035134,1.403996652271644e-8,9.749515666393074e-9,OPTIMAL,62
