seed,dimension,time,solution,dual_gap,rel_dual_gap,termination,ncalls
3,70,599.788,-11.55278437523227,0.11542697088013476,0.009991268522902219,OPTIMAL,142556
