seed,n0,m0,M,time,solution,dual_gap,rel_dual_gap,termination,ncalls
2,2,20,20.0,4.888,3.2672790660024797,8.614259172645689e-8,2.6365239166124398e-8,OPTIMAL,16
