seed,dimension,time,solution,dual_gap,rel_dual_gap,termination,ncalls
3,75,49.427,-0.9792131748396393,0.009695162491503817,0.00990097227101907,OPTIMAL,11610
