seed,dimension,time,solution,dual_gap,rel_dual_gap,termination,ncalls
8,60,54.538,-2.9591084826372924,0.02875215063595249,0.009716490897395982,OPTIMAL,13817
