seed,dimension,p,k,Ns,time,solution,dual_gap,rel_dual_gap,termination,ncalls
8,70,70,35.0,0.1,1801.717,0.9428759082602531,0.031343001640262935,0.03438493707976419,Time limit reached,46309
