seed,dimension,time,solution,dual_gap,rel_dual_gap,termination,ncalls
2,60,8.97,-0.8696975605295731,0.006022638241738987,0.00692498003337126,OPTIMAL,1221
