seed,dimension,p,k,Ns,time,solution,dual_gap,rel_dual_gap,termination,ncalls
7,90,90,45.0,0.1,1801.897,0.8450846270109141,0.058566685784131045,0.0744632547005613,Time limit reached,32265
