seed,dimension,p,k,time,solution,dual_gap,rel_dual_gap,termination,ncalls
7,30,150,6.0,1800.014,4.631057207132473,0.16356513663450745,0.03661229478495208,Time limit reached,210165
