seed,dimension,p,k,time,solution,dual_gap,rel_dual_gap,termination,ncalls
3,22,110,5.0,415.858,3.5657132968055762,0.03522487215410397,0.009977336820635901,OPTIMAL,59025
