seed,dimension,p,k,time,solution,dual_gap,rel_dual_gap,termination,ncalls
9,16,80,4.0,4.921,1.6367785124373262,0.01453250843373377,0.008958264281661679,OPTIMAL,80
