seed,dimension,time,solution,dual_gap,rel_dual_gap,termination,ncalls
8,100,241.882,-1.397446717256622,0.006788467418518795,0.0048577647610389615,OPTIMAL,50419
