seed,dimension,p,k,Ns,time,solution,dual_gap,rel_dual_gap,termination,ncalls
2,90,90,45.0,5.0,1801.879,-0.08321929814139101,0.06269682467823487,0.7533928557257464,Time limit reached,19758
