seed,dimension,time,solution,dual_gap,rel_dual_gap,termination,ncalls
5,50,14.396,-2.0776383713937188,0.018324072388581136,0.008819664018954851,OPTIMAL,2238
