seed,dimension,time,solution,dual_gap,rel_dual_gap,termination,ncalls
8,95,19.078,-0.8061433966474028,0.007429969018840743,0.009216684090870895,OPTIMAL,3260
