seed,dimension,p,k,time,solution,dual_gap,rel_dual_gap,termination,ncalls
10,27,135,6.0,5.786,3.2617850351808966,0.031294300859725954,0.00968716626463313,OPTIMAL,250
