seed,dimension,p,k,time,solution,dual_gap,rel_dual_gap,termination,ncalls
8,23,115,5.0,7.558,3.2451179078474195,0.03034979417615702,0.009440741323484629,OPTIMAL,229
