seed,dimension,p,k,Ns,time,solution,dual_gap,rel_dual_gap,termination,ncalls
8,90,90,45.0,10.0,1801.851,-0.679930540665845,0.10583271194393162,0.155652240360157,Time limit reached,18956
