seed,dimension,p,k,time,solution,dual_gap,rel_dual_gap,termination,ncalls
5,18,90,4.0,11.119,4.646806399110294,0.04519258947082072,0.009821030477644856,OPTIMAL,1424
