seed,n0,m0,M,time,solution,dual_gap,rel_dual_gap,termination,ncalls
6,3,27,20.0,7.697,-0.5204368475555328,8.721972344361006e-8,1.6758944692958804e-7,OPTIMAL,54
