seed,dimension,p,k,time,solution,dual_gap,rel_dual_gap,termination,ncalls
4,22,110,5.0,47.249,5.233157398042667,0.051759866487016915,0.009989557097634364,OPTIMAL,5650
