seed,dimension,p,k,time,solution,dual_gap,rel_dual_gap,termination,ncalls
9,17,85,4.0,3.873,2.3354428480125677,0.022691553350657312,0.009811497415667635,OPTIMAL,115
