seed,dimension,time,solution,dual_gap,rel_dual_gap,termination,ncalls
8,30,22.452,6.811805195773367,0.0032848935383169575,0.00048246805362959957,OPTIMAL,3560
