seed,dimension,var_A,p,k,M,time,solution,dual_gap,rel_dual_gap,termination,ncalls
2,10,1,50,10.0,0.1,1801.992,0.6484994987895639,0.007186913075694634,0.011206567960450378,Time limit reached,504664
