seed,dimension,var_A,p,k,M,time,solution,dual_gap,rel_dual_gap,termination,ncalls
9,20,1,100,20.0,0.1,1801.775,0.5326781098684202,0.02185464156955219,0.04278315881283213,Time limit reached,277310
