seed,n0,m0,M,time,solution,dual_gap,rel_dual_gap,termination,ncalls
10,3,27,20.0,7.724,2.0791162574832747,4.615702842158953e-8,2.2200311925876644e-8,OPTIMAL,72
