seed,dimension,p,k,Ns,time,solution,dual_gap,rel_dual_gap,termination,ncalls
6,50,50,25.0,10.0,1801.639,0.6408045808419942,0.02535980227610768,0.041205650221294035,Time limit reached,71941
