seed,n0,m0,M,time,solution,dual_gap,rel_dual_gap,termination,ncalls
10,3,26,20.0,7.839,2.607670476843722,5.193428487260121e-8,1.9915969585920683e-8,OPTIMAL,96
