seed,dimension,p,k,time,solution,dual_gap,rel_dual_gap,termination,ncalls
1,27,135,6.0,181.413,1.6865983005901797,0.015580872795022627,0.009324183300458444,OPTIMAL,19994
