seed,dimension,time,solution,dual_gap,rel_dual_gap,termination,ncalls
1,110,1800.012,-47.466699261970604,3.46919543109221,0.07308693220789553,Time limit reached,351382
