seed,dimension,p,k,Ns,time,solution,dual_gap,rel_dual_gap,termination,ncalls
6,70,70,35.0,10.0,1801.766,0.12626904441096468,0.056870061106100114,0.8194653350507193,Time limit reached,32797
