seed,dimension,time,lowerBound,upperBound,termination,LMOcalls,localTighteings,globalTightenings,list_active_set_size_cb,list_discarded_set_size_cb
8,22,1712.0,3.3721198614128793,3.4205385181369294,OPTIMAL,19,97,0,5,1
8,22,2948.0,3.3721198614128793,3.4205385181369294,OPTIMAL,28,1,0,4,1
8,22,2994.0,3.3843400347736745,3.4205385181369294,OPTIMAL,35,3,0,3,0
8,22,3045.0,3.3843400347736745,3.4205385181369294,OPTIMAL,44,0,0,4,1
8,22,3097.0,3.3850619488054146,3.4205385181369294,OPTIMAL,53,0,0,6,0
8,22,3165.0,3.3850619488054146,3.4205385181369294,OPTIMAL,65,0,0,3,1
8,22,3244.0,3.3944779336161077,3.4205385181369294,OPTIMAL,75,0,0,3,0
