seed,dimension,time,lowerBound,upperBound,termination,LMOcalls,localTighteings,globalTightenings,list_active_set_size_cb,list_discarded_set_size_cb
8,26,1534.0,3.377586917145195,3.4494130495110458,OPTIMAL,19,121,121,2,3
8,26,2632.0,3.377586917145195,3.4494130495110458,OPTIMAL,30,0,0,5,3
8,26,2693.0,3.395219224566508,3.4494130495110458,OPTIMAL,43,2,0,4,1
8,26,2736.0,3.395219224566508,3.4494130495110458,OPTIMAL,51,0,0,4,2
8,26,2799.0,3.4094581315890564,3.4494130495110458,OPTIMAL,65,0,0,4,2
8,26,2829.0,3.4094581315890564,3.4494130495110458,OPTIMAL,71,0,0,2,2
8,26,2882.0,3.41389815537783,3.4494130495110458,OPTIMAL,80,0,0,1,1
8,26,2908.0,3.41389815537783,3.4494130495110458,OPTIMAL,85,0,0,2,3
8,26,2972.0,3.423054686501678,3.4494130495110458,OPTIMAL,99,0,0,3,4
