seed,dimension,time,lowerBound,upperBound,termination,LMOcalls,localTighteings,globalTightenings,list_active_set_size_cb,list_discarded_set_size_cb
6,18,1746.0,3.4979555476876585,3.555907125819637,OPTIMAL,15,0,85,3,1
6,18,3012.0,3.4979555476876585,3.555907125819637,OPTIMAL,28,0,0,3,0
6,18,3061.0,3.5172677716709106,3.555907125819637,OPTIMAL,37,0,0,2,0
6,18,3112.0,3.5172677716709106,3.555907125819637,OPTIMAL,46,0,0,4,0
6,18,3151.0,3.51848686752903,3.555907125819637,OPTIMAL,53,0,0,2,0
6,18,3180.0,3.51848686752903,3.555907125819637,OPTIMAL,58,0,0,1,0
6,18,3209.0,3.5347829476291914,3.555907125819637,OPTIMAL,63,0,0,1,2
