seed,dimension,time,lowerBound,upperBound,termination,LMOcalls,localTighteings,globalTightenings,list_active_set_size_cb,list_discarded_set_size_cb
8,22,1685.0,3.3721198614128793,3.4205385181369294,OPTIMAL,19,0,97,5,2
8,22,2919.0,3.3721198614128793,3.4205385181369294,OPTIMAL,30,0,0,6,2
8,22,2971.0,3.3851768883024835,3.4205385181369294,OPTIMAL,38,0,0,4,0
8,22,3048.0,3.3851768883024835,3.4205385181369294,OPTIMAL,50,0,0,5,1
8,22,3123.0,3.3857550027682324,3.4205385181369294,OPTIMAL,62,0,0,4,2
8,22,3221.0,3.3857550027682324,3.4205385181369294,OPTIMAL,73,0,0,7,1
8,22,3274.0,3.3943308924928983,3.4205385181369294,OPTIMAL,81,0,0,4,2
