seed,dimension,time,lowerBound,upperBound,termination,LMOcalls,localTighteings,globalTightenings,list_active_set_size_cb,list_discarded_set_size_cb
10,19,1681.0,2.952600263912572,2.9921497701767152,OPTIMAL,14,0,87,4,2
10,19,2879.0,2.952600263912572,2.9921497701767152,OPTIMAL,19,0,0,3,1
10,19,2929.0,2.967747425856198,2.9921497701767152,OPTIMAL,27,0,0,3,0
