seed,dimension,time,lowerBound,upperBound,termination,LMOcalls,localTighteings,globalTightenings,list_active_set_size_cb,list_discarded_set_size_cb
10,23,1759.0,2.971956338591941,3.034468529743283,OPTIMAL,21,0,0,6,2
10,23,2982.0,2.971956338591941,3.034468529743283,OPTIMAL,27,0,0,3,3
10,23,3067.0,2.98780236429475,3.034468529743283,OPTIMAL,40,0,0,6,2
10,23,3136.0,2.98780236429475,3.034468529743283,OPTIMAL,47,0,0,4,3
10,23,3208.0,2.9906590177402324,3.034468529743283,OPTIMAL,58,0,0,2,2
10,23,3251.0,2.9906590177402324,3.034468529743283,OPTIMAL,64,0,0,5,1
10,23,3310.0,2.9975184683772182,3.034468529743283,OPTIMAL,73,0,0,2,0
10,23,3405.0,2.9975184683772182,3.034468529743283,OPTIMAL,88,0,0,3,5
10,23,3459.0,3.00659708335583,3.034468529743283,OPTIMAL,97,0,0,3,0
