seed,dimension,time,lowerBound,upperBound,termination,LMOcalls,localTighteings,globalTightenings,list_active_set_size_cb,list_discarded_set_size_cb
6,20,6398.0,4.928912168457334,4.988954673698697,OPTIMAL,15,93,93,5,0
6,20,7532.0,4.928912168457334,4.988954673698697,OPTIMAL,21,0,0,2,1
6,20,7570.0,4.934365942782658,4.988954673698697,OPTIMAL,32,2,0,5,0
6,20,7617.0,4.934365942782658,4.988954673698697,OPTIMAL,40,0,0,1,1
6,20,7661.0,4.937449261024369,4.988954673698697,OPTIMAL,47,1,0,3,0
6,20,7687.0,4.937449261024369,4.988954673698697,OPTIMAL,50,0,0,2,0
6,20,7712.0,4.937449261024369,4.988954673698697,OPTIMAL,57,0,0,3,0
6,20,7787.0,4.937449261024369,4.988954673698697,OPTIMAL,60,0,0,1,1
6,20,7830.0,4.958887118866986,4.988954673698697,OPTIMAL,69,0,0,1,0
