seed,dimension,time,lowerBound,upperBound,termination,LMOcalls,localTighteings,globalTightenings,list_active_set_size_cb,list_discarded_set_size_cb
8,26,1681.0,3.377586917145195,3.4494130495110458,OPTIMAL,19,121,0,2,3
8,26,2917.0,3.377586917145195,3.4494130495110458,OPTIMAL,30,0,0,5,3
8,26,2990.0,3.395219224566508,3.4494130495110458,OPTIMAL,43,2,0,4,1
8,26,3040.0,3.395219224566508,3.4494130495110458,OPTIMAL,51,0,0,4,2
8,26,3114.0,3.4094581315890564,3.4494130495110458,OPTIMAL,65,0,0,4,2
8,26,3167.0,3.4094581315890564,3.4494130495110458,OPTIMAL,71,0,0,2,2
8,26,3211.0,3.41389815537783,3.4494130495110458,OPTIMAL,80,0,0,1,1
8,26,3239.0,3.41389815537783,3.4494130495110458,OPTIMAL,85,0,0,2,3
8,26,3309.0,3.423054686501678,3.4494130495110458,OPTIMAL,99,0,0,3,4
