seed,dimension,time,lowerBound,upperBound,termination,LMOcalls,localTighteings,globalTightenings,list_active_set_size_cb,list_discarded_set_size_cb
6,18,2167.0,3.497955547687658,3.555907125819637,OPTIMAL,15,85,85,3,0
6,18,3601.0,3.497955547687658,3.555907125819637,OPTIMAL,26,0,0,3,0
6,18,3649.0,3.516859713794178,3.555907125819637,OPTIMAL,38,0,0,4,0
6,18,3666.0,3.516859713794178,3.555907125819637,OPTIMAL,41,0,0,2,0
6,18,3693.0,3.5210457085724074,3.555907125819637,OPTIMAL,49,0,0,4,0
