seed,dimension,time,lowerBound,upperBound,termination,LMOcalls,localTighteings,globalTightenings,list_active_set_size_cb,list_discarded_set_size_cb
10,18,6510.0,3.0402816669645913,3.0832607412508426,OPTIMAL,17,79,79,6,1
10,18,7640.0,3.0402816669645913,3.0832607412508426,OPTIMAL,21,0,0,6,1
10,18,7700.0,3.045131130810508,3.0832607412508426,OPTIMAL,31,1,0,6,1
10,18,7754.0,3.045131130810508,3.0832607412508426,OPTIMAL,33,0,0,4,1
10,18,7778.0,3.045131130810508,3.0832607412508426,OPTIMAL,39,3,0,3,0
10,18,7848.0,3.045131130810508,3.0832607412508426,OPTIMAL,45,0,0,5,1
10,18,7927.0,3.0516520900798785,3.0832607412508426,OPTIMAL,54,0,0,4,0
10,18,7944.0,3.0516520900798785,3.0832607412508426,OPTIMAL,57,0,0,2,1
10,18,7989.0,3.054400150131739,3.0832607412508426,OPTIMAL,68,0,0,6,0
