seed,dimension,time,lowerBound,upperBound,termination,LMOcalls,localTighteings,globalTightenings,list_active_set_size_cb,list_discarded_set_size_cb
8,25,1548.0,3.325654960300617,3.370075088994695,OPTIMAL,23,112,112,7,1
8,25,2630.0,3.325654960300617,3.370075088994695,OPTIMAL,30,0,0,6,1
8,25,2665.0,3.3349930390808415,3.370075088994695,OPTIMAL,37,5,0,3,1
8,25,2692.0,3.3349930390808415,3.370075088994695,OPTIMAL,42,0,0,5,1
8,25,2723.0,3.3433364840974398,3.370075088994695,OPTIMAL,48,4,0,3,0
