seed,dimension,time,lowerBound,upperBound,termination,LMOcalls,localTighteings,globalTightenings,list_active_set_size_cb,list_discarded_set_size_cb
8,19,1695.0,3.2797667726594555,3.3212935734001694,OPTIMAL,15,0,86,2,3
8,19,2946.0,3.2797667726594555,3.3212935734001694,OPTIMAL,25,0,0,2,2
8,19,2998.0,3.283265451369536,3.3212935734001694,OPTIMAL,33,0,0,4,0
8,19,3028.0,3.283265451369536,3.3212935734001694,OPTIMAL,37,0,0,4,0
8,19,3061.0,3.2926669950167757,3.3212935734001694,OPTIMAL,42,0,0,2,1
