seed,dimension,time,lowerBound,upperBound,termination,LMOcalls,localTighteings,globalTightenings,list_active_set_size_cb,list_discarded_set_size_cb
6,25,6500.0,4.448409098370515,4.505696077124414,OPTIMAL,18,119,119,2,1
6,25,7643.0,4.448409098370515,4.505696077124414,OPTIMAL,27,0,0,3,1
6,25,7697.0,4.453735823667827,4.505696077124414,OPTIMAL,34,1,0,2,0
6,25,7717.0,4.453735823667827,4.505696077124414,OPTIMAL,38,0,0,3,0
6,25,7745.0,4.455676730506317,4.505696077124414,OPTIMAL,40,0,0,1,0
6,25,7775.0,4.455676730506317,4.505696077124414,OPTIMAL,46,0,0,1,0
6,25,7801.0,4.474301996603129,4.505696077124414,OPTIMAL,53,1,0,2,1
