seed,dimension,time,lowerBound,upperBound,termination,LMOcalls,localTighteings,globalTightenings,list_active_set_size_cb,list_discarded_set_size_cb
10,29,1803.0,3.0427936963912874,3.0958485141887326,OPTIMAL,22,129,129,3,1
10,29,3036.0,3.0427936963912874,3.0958485141887326,OPTIMAL,36,1,0,4,1
10,29,3085.0,3.0529104602806267,3.0958485141887326,OPTIMAL,43,1,0,6,0
10,29,3170.0,3.0529104602806267,3.0958485141887326,OPTIMAL,52,1,0,8,0
10,29,3232.0,3.0675472872234493,3.0958485141887326,OPTIMAL,62,3,0,5,1
