seed,dimension,time,lowerBound,upperBound,termination,LMOcalls,localTighteings,globalTightenings,list_active_set_size_cb,list_discarded_set_size_cb
9,19,6401.0,2.225658992648322,2.2541731279153843,OPTIMAL,17,87,87,5,1
9,19,7553.0,2.225658992648322,2.2541731279153843,OPTIMAL,20,0,0,1,1
9,19,7584.0,2.228725119608629,2.2541731279153843,OPTIMAL,28,2,0,3,1
9,19,7613.0,2.228725119608629,2.2541731279153843,OPTIMAL,37,0,0,4,1
9,19,7644.0,2.2384287446574254,2.2541731279153843,OPTIMAL,42,2,0,1,0
