seed,dimension,p,k,time,solution,dual_gap,rel_dual_gap,termination,ncalls
1,29,145,6.0,506.505,2.0679355073617574,0.020440210208171106,0.009983031578429969,OPTIMAL,67721
