seed,dimension,p,k,time,solution,dual_gap,rel_dual_gap,termination,ncalls
2,16,80,4.0,51.862,1.5377815557830616,0.015151626654433592,0.009950958118302967,OPTIMAL,11996
