seed,dimension,p,k,time,solution,dual_gap,rel_dual_gap,termination,ncalls
2,19,95,4.0,204.977,2.098437741911695,0.02077078459212034,0.009997167505092828,OPTIMAL,29407
