seed,dimension,p,k,time,solution,dual_gap,rel_dual_gap,termination,ncalls
3,29,145,6.0,1800.044,4.6434855914450495,0.13591761841135686,0.030153204394138353,Time limit reached,182664
