seed,dimension,p,k,time,solution,dual_gap,rel_dual_gap,termination,ncalls
3,16,80,4.0,167.138,3.048834351864469,0.030140317006416506,0.009984555128268834,OPTIMAL,30351
