seed,dimension,p,k,time,solution,dual_gap,rel_dual_gap,termination,ncalls
3,16,80,4.0,100.957,3.048834351864469,0.030073816821211352,0.009962306208823022,OPTIMAL,29816
