seed,dimension,p,k,time,solution,dual_gap,rel_dual_gap,termination,ncalls
1,20,100,4.0,43.97,2.274969426057991,0.02251062116915925,0.009993799274064966,OPTIMAL,4002
