seed,dimension,p,k,time,solution,dual_gap,rel_dual_gap,termination,ncalls
5,19,95,4.0,14.527,5.052999834779796,0.049905463641692016,0.009974919507732475,OPTIMAL,847
