seed,dimension,p,k,time,solution,dual_gap,rel_dual_gap,termination,ncalls
2,27,135,6.0,1800.156,1.9958710339027224,0.1424934142425991,0.0768830985823223,Time limit reached,375532
