seed,dimension,p,k,Ns,time,solution,dual_gap,rel_dual_gap,termination,ncalls
7,70,70,35.0,5.0,1800.023,0.9999999999999983,0.5046963688790234,1.0189635955964842,Time limit reached,38269
