seed,dimension,p,k,time,solution,dual_gap,rel_dual_gap,termination,ncalls
1,24,120,5.0,34.737,2.0309586934341795,0.019856537612443326,0.009873460457969599,OPTIMAL,4256
