seed,dimension,p,k,time,solution,dual_gap,rel_dual_gap,termination,ncalls
2,24,120,5.0,1376.648,1.6462890144735645,0.016298002290611402,0.009998829544946033,OPTIMAL,180401
