seed,dimension,p,k,time,solution,dual_gap,rel_dual_gap,termination,ncalls
5,23,115,5.0,17.576,5.519353385927931,0.05430771137878043,0.009937284080111672,OPTIMAL,1944
