seed,n0,m0,M,time,solution,dual_gap,rel_dual_gap,termination,ncalls
7,2,18,20.0,0.256,4.155671012596181,4.337326586778545e-8,1.0437127046152064e-8,OPTIMAL,59
