seed,dimension,p,k,time,solution,dual_gap,rel_dual_gap,termination,ncalls
1,16,80,4.0,28.24,2.250303004538984,0.022240501500713883,0.00998199173963293,OPTIMAL,7314
