seed,dimension,p,k,time,solution,dual_gap,rel_dual_gap,termination,ncalls
3,26,130,6.0,1800.067,4.0574474090504005,0.1306407674063328,0.03326895855295701,Time limit reached,357375
