seed,dimension,p,k,time,solution,dual_gap,rel_dual_gap,termination,ncalls
2,20,100,4.0,80.482,1.7116317823060485,0.016879180036816877,0.00995967199827047,OPTIMAL,11293
