seed,dimension,p,k,time,solution,dual_gap,rel_dual_gap,termination,ncalls
3,21,105,5.0,101.163,3.7183894561199775,0.03660148763515192,0.009941226368398018,OPTIMAL,26935
