seed,dimension,p,k,time,solution,dual_gap,rel_dual_gap,termination,ncalls
1,30,150,6.0,159.622,2.0182483059101366,0.01986777820836405,0.009941939451948567,OPTIMAL,32808
