seed,dimension,p,k,time,solution,dual_gap,rel_dual_gap,termination,ncalls
3,22,110,5.0,239.007,3.5657132968055762,0.03508110048286772,0.009936209305349353,OPTIMAL,37610
