seed,dimension,p,k,time,solution,dual_gap,rel_dual_gap,termination,ncalls
3,28,140,6.0,1433.125,4.363373393383866,0.043200386065863405,0.00999968889965417,OPTIMAL,222710
