seed,dimension,p,k,time,solution,dual_gap,rel_dual_gap,termination,ncalls
3,20,100,4.0,186.76,3.4232738207320144,0.03379833865028292,0.009971554250489761,OPTIMAL,34958
