seed,dimension,p,k,Ns,time,solution,dual_gap,rel_dual_gap,termination,ncalls
7,90,90,45.0,5.0,8.267,-12565.263113646073,3.6080410836420924,0.0002871440932839443,OPTIMAL,30
