seed,dimension,p,k,time,solution,dual_gap,rel_dual_gap,termination,ncalls
4,20,100,4.0,25.252,5.58043616690493,0.0532481383474126,0.009633856867595885,OPTIMAL,3504
