seed,dimension,p,k,time,solution,dual_gap,rel_dual_gap,termination,ncalls
3,21,105,5.0,76.522,3.7183894561199775,0.03643528198085688,0.009895637006230756,OPTIMAL,20566
