seed,dimension,p,k,time,solution,dual_gap,rel_dual_gap,termination,ncalls
2,26,130,6.0,1800.012,1.7310613963210044,0.08140754367913017,0.04934825784740131,Time limit reached,239467
