seed,dimension,p,k,time,solution,dual_gap,rel_dual_gap,termination,ncalls
3,30,150,6.0,1800.01,4.319300767044491,0.16727602051534607,0.04028781876966876,Time limit reached,225375
