seed,dimension,p,k,time,solution,dual_gap,rel_dual_gap,termination,ncalls
2,15,75,3.0,10.881,1.5912331179212327,0.014857008207732392,0.009424786455582984,OPTIMAL,1901
