seed,dimension,p,k,time,solution,dual_gap,rel_dual_gap,termination,ncalls
5,16,80,4.0,5.144,3.9792937790149603,0.03502586727799528,0.008880194769165843,OPTIMAL,203
