seed,dimension,p,k,time,solution,dual_gap,rel_dual_gap,termination,ncalls
2,17,85,4.0,155.763,1.9730825424630343,0.019526975960495463,0.009995608159462141,OPTIMAL,33871
