seed,dimension,p,k,time,solution,dual_gap,rel_dual_gap,termination,ncalls
1,20,100,4.0,46.193,2.274969426057991,0.022507068842481548,0.009992206427060895,OPTIMAL,4356
