seed,dimension,p,k,Ns,time,solution,dual_gap,rel_dual_gap,termination,ncalls
10,90,90,45.0,5.0,1800.046,0.9999999999999984,0.9933993859198365,150.50105548595516,Time limit reached,23985
