seed,dimension,p,k,time,solution,dual_gap,rel_dual_gap,termination,ncalls
1,26,130,6.0,968.665,1.8799554878597626,0.01860814381105569,0.009997136681958679,OPTIMAL,125975
