seed,dimension,p,k,time,solution,dual_gap,rel_dual_gap,termination,ncalls
4,29,145,6.0,34.767,5.521068734094021,0.053492792572064296,0.009783639613640926,OPTIMAL,4304
