seed,dimension,p,k,time,solution,dual_gap,rel_dual_gap,termination,ncalls
3,21,105,5.0,94.177,3.7183894561199775,0.03654247480840578,0.009925038980133926,OPTIMAL,24429
