seed,dimension,p,k,time,solution,dual_gap,rel_dual_gap,termination,ncalls
5,19,95,4.0,16.259,5.052999834779796,0.049878722151980526,0.009969521230674837,OPTIMAL,1092
