seed,dimension,p,k,time,solution,dual_gap,rel_dual_gap,termination,ncalls
4,21,105,5.0,10.213,5.061115465947954,0.04798426081628193,0.009571714533855214,OPTIMAL,1756
