seed,dimension,p,k,Ns,time,solution,dual_gap,rel_dual_gap,termination,ncalls
2,50,50,25.0,0.1,1800.019,0.9571916791480566,0.14828415520840044,0.18331410058619052,Time limit reached,40493
