seed,dimension,p,k,time,solution,dual_gap,rel_dual_gap,termination,ncalls
3,21,105,5.0,131.296,3.7183894561199775,0.03657127642658109,0.00993293928208768,OPTIMAL,21466
