seed,dimension,p,k,time,solution,dual_gap,rel_dual_gap,termination,ncalls
1,23,115,5.0,25.633,1.8673957031119208,0.018359724581209935,0.00992934956073652,OPTIMAL,3873
