seed,dimension,p,k,time,solution,dual_gap,rel_dual_gap,termination,ncalls
2,28,140,6.0,1800.017,1.9495269184815265,0.45425950102526125,0.3037981672857175,Time limit reached,230616
