seed,dimension,p,k,time,solution,dual_gap,rel_dual_gap,termination,ncalls
2,18,90,4.0,127.341,1.9086437104115461,0.018869817073110973,0.009985224761347479,OPTIMAL,20253
