seed,dimension,p,k,time,solution,dual_gap,rel_dual_gap,termination,ncalls
2,22,110,5.0,1800.009,2.06972462159116,0.06847373796277134,0.03421546919625805,Time limit reached,299109
