seed,dimension,p,k,time,solution,dual_gap,rel_dual_gap,termination,ncalls
1,27,135,6.0,101.162,1.686597181016222,0.012897362115036115,0.007705899211665965,OPTIMAL,21038
