seed,dimension,p,k,time,solution,dual_gap,rel_dual_gap,termination,ncalls
4,25,125,5.0,7.971,4.560058701673463,0.04167672293384239,0.009223815766339414,OPTIMAL,1000
