seed,dimension,time,solution,dual_gap,rel_dual_gap,termination,ncalls
5,40,4.09,-0.2731967891819203,0.0007723787278168803,0.002827188160335799,OPTIMAL,800
