seed,dimension,time,solution,dual_gap,rel_dual_gap,termination,ncalls
7,90,730.319,-0.7218884527902223,0.0019848223456594427,0.0027494862093828554,OPTIMAL,148362
