seed,dimension,p,k,time,solution,dual_gap,rel_dual_gap,termination,ncalls
1,24,120,5.0,38.475,2.0309586934341795,0.01974823598351083,0.009819079803584017,OPTIMAL,4254
