seed,dimension,p,k,time,solution,dual_gap,rel_dual_gap,termination,ncalls
3,17,85,4.0,219.64,3.5278768501750717,0.03485368516815024,0.009978085893421544,OPTIMAL,64612
