seed,dimension,p,k,time,solution,dual_gap,rel_dual_gap,termination,ncalls
4,18,90,4.0,13.876,4.507734990471111,0.035801582221453465,0.008005839746049893,OPTIMAL,1432
