seed,dimension,time,solution,dual_gap,rel_dual_gap,termination,ncalls
10,50,4.661,0.015598868620550488,0.0009117496651293022,0.062078183467885975,OPTIMAL,1026
