seed,dimension,p,k,time,solution,dual_gap,rel_dual_gap,termination,ncalls
3,27,135,6.0,1353.769,4.457530395820922,0.044128371469174255,0.00999872008615756,OPTIMAL,225068
