seed,dimension,p,k,time,solution,dual_gap,rel_dual_gap,termination,ncalls
1,27,135,6.0,134.368,1.686597181016222,0.012461280708074396,0.007443410481658465,OPTIMAL,24897
