seed,dimension,p,k,time,solution,dual_gap,rel_dual_gap,termination,ncalls
1,30,150,6.0,272.247,2.018248305910541,0.019863511423131808,0.009939783107800741,OPTIMAL,34330
