seed,dimension,p,k,time,solution,dual_gap,rel_dual_gap,termination,ncalls
4,18,90,4.0,14.03,4.507734990471111,0.03524130474403986,0.007879565007884603,OPTIMAL,1529
