seed,dimension,p,k,time,solution,dual_gap,rel_dual_gap,termination,ncalls
1,23,115,5.0,21.758,1.8673957031119208,0.01847896506073332,0.009994482001504672,OPTIMAL,4194
