seed,dimension,p,k,time,solution,dual_gap,rel_dual_gap,termination,ncalls
4,20,100,4.0,24.679,5.58043616690493,0.05330516485117265,0.00964427382513019,OPTIMAL,3354
