seed,dimension,p,k,time,solution,dual_gap,rel_dual_gap,termination,ncalls
3,20,100,4.0,235.624,3.4232738207320144,0.03368095632662893,0.009936578720210802,OPTIMAL,38893
