seed,dimension,p,k,time,solution,dual_gap,rel_dual_gap,termination,ncalls
5,23,115,5.0,11.64,5.519353385927931,0.05436774709543801,0.009948378767753325,OPTIMAL,1933
