seed,dimension,p,k,time,solution,dual_gap,rel_dual_gap,termination,ncalls
5,23,115,5.0,15.603,5.519353385927931,0.05425614045623828,0.00992775389334457,OPTIMAL,1597
