seed,dimension,p,k,time,solution,dual_gap,rel_dual_gap,termination,ncalls
5,21,105,5.0,15.98,5.48922185529245,0.05416047838214322,0.009965016883200695,OPTIMAL,3644
