seed,dimension,p,k,time,solution,dual_gap,rel_dual_gap,termination,ncalls
1,20,100,4.0,42.079,2.274969426057991,0.022512566866668582,0.009994671718041715,OPTIMAL,3860
