seed,dimension,p,k,time,solution,dual_gap,rel_dual_gap,termination,ncalls
1,16,80,4.0,45.911,2.250303004538984,0.02219934655399136,0.009963336523610198,OPTIMAL,6383
