seed,dimension,p,k,Ns,time,solution,dual_gap,rel_dual_gap,termination,ncalls
8,70,70,35.0,10.0,5.939,-2546.8074728541073,2.5432200345676392e-8,9.985913979267354e-12,OPTIMAL,44
