seed,dimension,p,k,time,solution,dual_gap,rel_dual_gap,termination,ncalls
4,24,120,5.0,15.719,5.14765880456751,0.04535406358345817,0.008888936644484115,OPTIMAL,1134
