seed,dimension,p,k,time,solution,dual_gap,rel_dual_gap,termination,ncalls
3,21,105,5.0,88.573,3.7183894561199775,0.03654234718904803,0.009925003974339,OPTIMAL,23642
