seed,dimension,p,k,time,solution,dual_gap,rel_dual_gap,termination,ncalls
2,17,85,4.0,204.253,1.9730825424630343,0.019528924003023196,0.009996615305812733,OPTIMAL,32896
