seed,dimension,time,solution,dual_gap,rel_dual_gap,termination,ncalls
6,80,17.023,-0.5385800180309155,0.0020139873966187327,0.003739439506096058,OPTIMAL,3737
