seed,dimension,p,k,time,solution,dual_gap,rel_dual_gap,termination,ncalls
1,26,130,6.0,943.57,1.8799554964663772,0.01860806500805534,0.009997093875954346,OPTIMAL,122614
