seed,dimension,time,solution,dual_gap,rel_dual_gap,termination,ncalls
1,65,3.788,-0.1739499274781947,0.00044226423005958027,0.0025424801060352255,OPTIMAL,1322
