seed,dimension,p,k,time,solution,dual_gap,rel_dual_gap,termination,ncalls
4,21,105,5.0,10.525,5.061115465947954,0.04797875431888787,0.009570605606583732,OPTIMAL,1835
