seed,dimension,p,k,time,solution,dual_gap,rel_dual_gap,termination,ncalls
1,28,140,6.0,578.524,2.2624477875609434,0.022355659142375472,0.00997979451771827,OPTIMAL,85189
