seed,dimension,p,k,time,solution,dual_gap,rel_dual_gap,termination,ncalls
4,28,140,6.0,15.493,5.8042455912059845,0.056195971541398215,0.009776528607050786,OPTIMAL,2804
