seed,dimension,p,k,time,solution,dual_gap,rel_dual_gap,termination,ncalls
3,15,75,3.0,25.596,3.3580743194150378,0.03295366973639302,0.009910518506923295,OPTIMAL,7052
