seed,dimension,p,k,time,solution,dual_gap,rel_dual_gap,termination,ncalls
5,30,150,6.0,54.061,6.19206643854921,0.060761610621344,0.00991006194058027,OPTIMAL,12738
