seed,dimension,p,k,time,solution,dual_gap,rel_dual_gap,termination,ncalls
5,26,130,6.0,28.5,5.876645371520513,0.057734593940468315,0.009921890220918432,OPTIMAL,4411
