seed,dimension,p,k,time,solution,dual_gap,rel_dual_gap,termination,ncalls
1,18,90,4.0,7.582,2.1566595398692447,0.019459398400691885,0.00910508942195773,OPTIMAL,917
