seed,dimension,time,solution,dual_gap,rel_dual_gap,termination,ncalls
3,95,14.588,-0.5108338553005806,0.004581655708282617,0.008968974277530446,OPTIMAL,2600
