seed,dimension,p,k,time,solution,dual_gap,rel_dual_gap,termination,ncalls
4,28,140,6.0,19.116,5.8042455912059845,0.05644817964942739,0.009820836680139828,OPTIMAL,3688
