seed,dimension,p,k,time,solution,dual_gap,rel_dual_gap,termination,ncalls
2,22,110,5.0,1800.01,2.0697251826033827,0.06562200147606179,0.032743823818067584,Time limit reached,298544
