seed,dimension,p,k,time,solution,dual_gap,rel_dual_gap,termination,ncalls
3,16,80,4.0,187.948,3.048834351864469,0.03006727287027866,0.009960116856811835,OPTIMAL,33049
