seed,dimension,p,k,time,solution,dual_gap,rel_dual_gap,termination,ncalls
1,24,120,5.0,45.723,2.0309586934341795,0.019220633857868652,0.009554242793376728,OPTIMAL,6434
