seed,dimension,p,k,time,solution,dual_gap,rel_dual_gap,termination,ncalls
1,16,80,4.0,46.951,2.250303004538984,0.022261064444523804,0.009991313019709146,OPTIMAL,6696
