seed,dimension,p,k,time,solution,dual_gap,rel_dual_gap,termination,ncalls
2,27,135,6.0,1800.019,2.2484432009967756,0.431993711599588,0.23782313470381755,Time limit reached,239766
