seed,dimension,p,k,time,solution,dual_gap,rel_dual_gap,termination,ncalls
2,21,105,5.0,1800.011,2.0334184092329686,0.06104033420384303,0.030947583009886002,Time limit reached,283377
