seed,dimension,p,k,time,solution,dual_gap,rel_dual_gap,termination,ncalls
5,22,110,5.0,7.432,5.183929732888859,0.05027207341570605,0.009792642351781844,OPTIMAL,903
