seed,dimension,p,k,time,solution,dual_gap,rel_dual_gap,termination,ncalls
4,24,120,5.0,15.805,5.14765880456751,0.04522980185080172,0.008864366721559441,OPTIMAL,1204
