seed,dimension,p,k,time,solution,dual_gap,rel_dual_gap,termination,ncalls
3,28,140,6.0,1800.022,4.363373393383866,0.06936629500406877,0.016154210604412335,Time limit reached,268747
