seed,dimension,p,k,time,solution,dual_gap,rel_dual_gap,termination,ncalls
5,30,150,6.0,50.509,6.19206643854921,0.06082081308261422,0.009919813492708618,OPTIMAL,11042
