seed,dimension,p,k,time,solution,dual_gap,rel_dual_gap,termination,ncalls
1,24,120,5.0,39.918,2.0309586934341795,0.019783903265863767,0.009836988491789938,OPTIMAL,4975
