seed,dimension,time,solution,dual_gap,rel_dual_gap,termination,ncalls
7,95,239.471,-0.8837071405627843,0.0023955418826729913,0.002710787061364473,OPTIMAL,57554
