seed,dimension,p,k,time,solution,dual_gap,rel_dual_gap,termination,ncalls
1,18,90,4.0,9.4,2.1566595398692447,0.020459797167938554,0.00957766109552394,OPTIMAL,1058
