seed,dimension,p,k,time,solution,dual_gap,rel_dual_gap,termination,ncalls
1,30,150,6.0,136.34,2.0182483059101366,0.019948563038029388,0.009982768155370829,OPTIMAL,27113
