seed,dimension,time,solution,dual_gap,rel_dual_gap,termination,ncalls
1,120,1800.007,34.22481925672192,13.726806979261287,0.6696652725862164,Time limit reached,219374
