seed,dimension,p,k,time,solution,dual_gap,rel_dual_gap,termination,ncalls
3,29,145,6.0,1800.023,4.6434855914450495,0.0903565805885691,0.01984494187911717,Time limit reached,350433
