seed,dimension,p,k,time,solution,dual_gap,rel_dual_gap,termination,ncalls
5,18,90,4.0,13.046,4.646806399110294,0.04419556919117262,0.00960228244888331,OPTIMAL,957
