seed,dimension,p,k,time,solution,dual_gap,rel_dual_gap,termination,ncalls
2,25,125,5.0,1711.613,1.831704795182616,0.018130773124030775,0.00999726115587527,OPTIMAL,236556
