seed,dimension,p,k,time,solution,dual_gap,rel_dual_gap,termination,ncalls
4,18,90,4.0,16.843,4.507734990471111,0.04462845162798246,0.009999414362972052,OPTIMAL,1882
