seed,dimension,p,k,time,solution,dual_gap,rel_dual_gap,termination,ncalls
2,21,105,5.0,1928.274,2.033418409196724,0.020132352666005993,0.009999747726211317,OPTIMAL,369685
