seed,dimension,p,k,time,solution,dual_gap,rel_dual_gap,termination,ncalls
3,22,110,5.0,218.219,3.5577863670987497,0.027318121165095466,0.007737818119893901,OPTIMAL,36390
