seed,dimension,p,k,time,solution,dual_gap,rel_dual_gap,termination,ncalls
1,17,85,4.0,8.965,1.6411353000709363,0.016073861392855715,0.009891233039121972,OPTIMAL,1286
