seed,dimension,p,k,time,solution,dual_gap,rel_dual_gap,termination,ncalls
2,17,85,4.0,230.153,1.9730825424630343,0.019355035921335695,0.009906722332837565,OPTIMAL,41256
