seed,dimension,p,k,time,solution,dual_gap,rel_dual_gap,termination,ncalls
1,28,140,6.0,545.245,2.262447787186701,0.022355634274151992,0.009979783307166798,OPTIMAL,87593
