seed,dimension,p,k,time,solution,dual_gap,rel_dual_gap,termination,ncalls
2,24,120,5.0,1449.907,1.6462740967035767,0.01628108330594147,0.009988437479252994,OPTIMAL,188877
