seed,dimension,p,k,Ns,time,solution,dual_gap,rel_dual_gap,termination,ncalls
10,50,50,25.0,5.0,1800.015,0.4955528531252179,0.025376028723358146,0.05397124529827798,Time limit reached,64519
