seed,dimension,p,k,Ns,time,solution,dual_gap,rel_dual_gap,termination,ncalls
8,50,50,25.0,5.0,1800.02,-0.20067102316925936,0.030585703514553586,0.152417140409732,Time limit reached,35051
