seed,dimension,p,k,Ns,time,solution,dual_gap,rel_dual_gap,termination,ncalls
6,70,70,35.0,10.0,1800.016,0.9999999999999983,0.9305751482129533,13.404063879998112,Time limit reached,38326
