seed,dimension,p,k,time,solution,dual_gap,rel_dual_gap,termination,ncalls
3,23,115,5.0,811.11,4.014525717592983,0.03974595216383037,0.00999953569994564,OPTIMAL,136697
