seed,dimension,time,solution,dual_gap,rel_dual_gap,termination,ncalls
9,105,17.612,-0.19099024323588665,6.161648746533244e-6,3.2261589085067376e-5,OPTIMAL,3938
