seed,dimension,p,k,time,solution,dual_gap,rel_dual_gap,termination,ncalls
2,22,110,5.0,1800.014,2.0697246644196787,0.07303571404935272,0.0365784134959062,Time limit reached,291165
