seed,dimension,p,k,time,solution,dual_gap,rel_dual_gap,termination,ncalls
2,19,95,4.0,233.312,2.098437741911695,0.020757671721751247,0.009990793106011534,OPTIMAL,33790
