seed,dimension,p,k,time,solution,dual_gap,rel_dual_gap,termination,ncalls
5,21,105,5.0,17.518,5.48922185529245,0.053261148289718285,0.009797927387721186,OPTIMAL,4167
