seed,dimension,p,k,time,solution,dual_gap,rel_dual_gap,termination,ncalls
3,27,135,6.0,1449.173,4.457526586478268,0.04406928732244619,0.009985207590175503,OPTIMAL,205545
