seed,dimension,time,solution,dual_gap,rel_dual_gap,termination,ncalls
7,25,4.522,-0.243337903259098,0.011830553536060107,0.0486178000944774,OPTIMAL,411
