seed,dimension,p,k,time,solution,dual_gap,rel_dual_gap,termination,ncalls
1,20,100,4.0,25.267,2.274969426057991,0.022443541178519766,0.00996372176194578,OPTIMAL,3288
