seed,dimension,p,k,time,solution,dual_gap,rel_dual_gap,termination,ncalls
3,25,125,5.0,784.815,4.453860581740739,0.04406573552081561,0.009992695138321177,OPTIMAL,120186
