seed,dimension,p,k,time,solution,dual_gap,rel_dual_gap,termination,ncalls
4,27,135,6.0,34.422,5.075591656149386,0.05019135604654057,0.009987533937448405,OPTIMAL,4531
