seed,dimension,p,k,time,solution,dual_gap,rel_dual_gap,termination,ncalls
3,22,110,5.0,306.249,3.5657132968055762,0.035303902665445364,0.009999945820460295,OPTIMAL,49577
