seed,dimension,time,solution,dual_gap,rel_dual_gap,termination,ncalls
6,95,233.204,-0.7492022577666781,0.005607768402647428,0.00748498598944938,OPTIMAL,45630
