seed,dimension,p,k,time,solution,dual_gap,rel_dual_gap,termination,ncalls
3,21,105,5.0,158.506,3.718586133585336,0.036805249706753695,0.009996588843163613,OPTIMAL,26252
