seed,dimension,p,k,time,solution,dual_gap,rel_dual_gap,termination,ncalls
5,24,120,5.0,31.798,5.482109670783845,0.05372153798471935,0.009896406938944887,OPTIMAL,5059
