seed,dimension,p,k,time,solution,dual_gap,rel_dual_gap,termination,ncalls
4,28,140,6.0,27.471,5.8042455912059845,0.0566929299096115,0.009863838271787889,OPTIMAL,3560
