seed,dimension,p,k,time,solution,dual_gap,rel_dual_gap,termination,ncalls
1,22,110,5.0,10.685,1.930455938957835,0.018809742750424796,0.009839552312421713,OPTIMAL,1566
