seed,dimension,p,k,time,solution,dual_gap,rel_dual_gap,termination,ncalls
3,21,105,5.0,91.674,3.7183894561199775,0.03649568185141039,0.009912203906170678,OPTIMAL,24501
