seed,dimension,p,k,time,solution,dual_gap,rel_dual_gap,termination,ncalls
5,17,85,4.0,6.887,4.7972456633480265,0.04618203439666235,0.009720356956544374,OPTIMAL,865
