seed,dimension,time,solution,dual_gap,rel_dual_gap,termination,ncalls
5,60,111.119,-2.417413592528071,0.024100660362775805,0.009969605713009968,OPTIMAL,44227
