seed,dimension,p,k,time,solution,dual_gap,rel_dual_gap,termination,ncalls
1,20,100,4.0,24.647,2.274969426057991,0.022251018889937413,0.00987740803250669,OPTIMAL,3215
