seed,dimension,p,k,Ns,time,solution,dual_gap,rel_dual_gap,termination,ncalls
1,70,70,35.0,1.0,1800.023,-1.3890840800010962,0.048007155778435395,0.03456029513951201,Time limit reached,16457
