seed,dimension,p,k,time,solution,dual_gap,rel_dual_gap,termination,ncalls
1,19,95,4.0,15.561,1.7514415693513994,0.017330862509349343,0.009994092326960016,OPTIMAL,2019
