seed,dimension,p,k,time,solution,dual_gap,rel_dual_gap,termination,ncalls
1,30,150,6.0,103.012,2.0182483059101366,0.01987974719420804,0.00994798837656952,OPTIMAL,21592
