seed,dimension,p,k,time,solution,dual_gap,rel_dual_gap,termination,ncalls
3,20,100,4.0,130.574,3.4232738207320144,0.03368055901888267,0.00993646034151608,OPTIMAL,39217
