seed,dimension,p,k,time,solution,dual_gap,rel_dual_gap,termination,ncalls
2,15,75,3.0,13.906,1.5912331179212327,0.01480834253710972,0.00939362459176107,OPTIMAL,2501
