seed,dimension,p,k,time,solution,dual_gap,rel_dual_gap,termination,ncalls
1,15,75,3.0,3.634,2.2335078624459115,0.021315746091840282,0.009635576374339,OPTIMAL,236
