seed,dimension,p,k,time,solution,dual_gap,rel_dual_gap,termination,ncalls
1,21,105,5.0,49.573,1.761794051506944,0.017442957856678598,0.009999682930904181,OPTIMAL,6805
