seed,dimension,p,k,time,solution,dual_gap,rel_dual_gap,termination,ncalls
1,18,90,4.0,21.385,2.1566595398692447,0.021101939612887755,0.00988123177307633,OPTIMAL,1425
