seed,dimension,time,solution,dual_gap,rel_dual_gap,termination,ncalls
2,120,1800.004,20.99819808604681,11.115796698158984,1.124807246929157,Time limit reached,225454
