seed,dimension,p,k,time,solution,dual_gap,rel_dual_gap,termination,ncalls
5,15,75,3.0,4.778,3.5392833726599346,0.020196741126898843,0.00573919975311902,OPTIMAL,87
