seed,dimension,p,k,time,solution,dual_gap,rel_dual_gap,termination,ncalls
3,23,115,5.0,849.054,4.014525717592983,0.03971786965357227,0.00999239992800218,OPTIMAL,147044
