seed,dimension,p,k,time,solution,dual_gap,rel_dual_gap,termination,ncalls
5,30,150,6.0,120.618,6.19206643854921,0.06076591655965835,0.009910771188220988,OPTIMAL,12246
