seed,dimension,p,k,time,solution,dual_gap,rel_dual_gap,termination,ncalls
2,26,130,6.0,1800.009,1.7310607407991094,0.09931186003023273,0.0608622204070011,Time limit reached,211363
