seed,dimension,p,k,time,solution,dual_gap,rel_dual_gap,termination,ncalls
2,28,140,6.0,1800.022,1.9495269184815265,0.46138547835770605,0.31004141536392976,Time limit reached,230337
