seed,dimension,p,k,time,solution,dual_gap,rel_dual_gap,termination,ncalls
2,23,115,5.0,1800.014,2.1495088073572415,0.025560581408075045,0.01203446538658085,Time limit reached,276206
