seed,dimension,p,k,time,solution,dual_gap,rel_dual_gap,termination,ncalls
3,18,90,4.0,92.717,3.2649714704686863,0.03213579457001847,0.009940435515976334,OPTIMAL,20525
