seed,dimension,p,k,time,solution,dual_gap,rel_dual_gap,termination,ncalls
2,23,115,5.0,1800.01,2.1495088073693838,0.03871131891773416,0.018339665045807113,Time limit reached,260738
