seed,dimension,p,k,time,solution,dual_gap,rel_dual_gap,termination,ncalls
4,16,80,4.0,7.58,4.873912590274357,0.04742022181164085,0.009824986385867764,OPTIMAL,950
