seed,dimension,p,k,time,solution,dual_gap,rel_dual_gap,termination,ncalls
2,22,110,5.0,1800.009,2.069724617474461,0.08127033408002049,0.0408711101676856,Time limit reached,292911
