seed,dimension,time,solution,dual_gap,rel_dual_gap,termination,ncalls
5,85,330.961,16.990652007565032,0.14802594824048398,0.008788768908072545,OPTIMAL,64426
