seed,dimension,p,k,time,solution,dual_gap,rel_dual_gap,termination,ncalls
4,23,115,5.0,8.799,5.266123075399722,0.05162945130667218,0.009901143817325507,OPTIMAL,817
