seed,dimension,p,k,time,solution,dual_gap,rel_dual_gap,termination,ncalls
3,21,105,5.0,103.532,3.7183894561199775,0.036608572241395354,0.009943169731173668,OPTIMAL,26252
