seed,dimension,p,k,time,solution,dual_gap,rel_dual_gap,termination,ncalls
1,27,135,6.0,131.615,1.6865999170979717,0.015623939647924079,0.009350188068991041,OPTIMAL,17761
