seed,dimension,p,k,time,solution,dual_gap,rel_dual_gap,termination,ncalls
5,22,110,5.0,8.181,5.183929732888859,0.04937189415861454,0.009615607752278044,OPTIMAL,1067
