seed,dimension,p,k,Ns,time,solution,dual_gap,rel_dual_gap,termination,ncalls
7,70,70,35.0,0.1,1800.025,0.9060514440126751,0.06680442010931265,0.079600425389182,Time limit reached,46322
