seed,dimension,p,k,time,solution,dual_gap,rel_dual_gap,termination,ncalls
3,23,115,5.0,1001.878,4.014525717592983,0.03972826222123027,0.00999504066994392,OPTIMAL,177779
