seed,dimension,p,k,time,solution,dual_gap,rel_dual_gap,termination,ncalls
4,19,95,4.0,11.054,4.659490245415256,0.04413176521936979,0.00956193660985067,OPTIMAL,946
