seed,dimension,p,k,time,solution,dual_gap,rel_dual_gap,termination,ncalls
2,20,100,4.0,102.591,1.7116317565131989,0.01679176161310103,0.009907579278060888,OPTIMAL,14718
