seed,dimension,p,k,time,solution,dual_gap,rel_dual_gap,termination,ncalls
1,16,80,4.0,52.536,2.250303004538984,0.022255301300204255,0.00998870054166841,OPTIMAL,6942
