seed,dimension,p,k,time,solution,dual_gap,rel_dual_gap,termination,ncalls
1,23,115,5.0,34.489,1.8673957031119208,0.018449323516548155,0.009978290187401564,OPTIMAL,4561
