seed,dimension,p,k,time,solution,dual_gap,rel_dual_gap,termination,ncalls
1,16,80,4.0,29.931,2.250303004538984,0.022264490559918748,0.009992866110809046,OPTIMAL,7661
