seed,dimension,p,k,time,solution,dual_gap,rel_dual_gap,termination,ncalls
5,22,110,5.0,7.793,5.183929732888859,0.050041594007030454,0.009747308989464975,OPTIMAL,984
