seed,dimension,p,k,time,solution,dual_gap,rel_dual_gap,termination,ncalls
4,24,120,5.0,14.668,5.14765880456751,0.04563550546909223,0.008944589782088315,OPTIMAL,1016
