seed,dimension,p,k,time,solution,dual_gap,rel_dual_gap,termination,ncalls
5,24,120,5.0,30.758,5.482109670783845,0.054027866535999,0.009953399466772681,OPTIMAL,3511
