seed,dimension,p,k,time,solution,dual_gap,rel_dual_gap,termination,ncalls
5,26,130,6.0,61.555,5.876645371520513,0.05733456048822472,0.00985246575582962,OPTIMAL,6179
