seed,dimension,p,k,time,solution,dual_gap,rel_dual_gap,termination,ncalls
5,16,80,4.0,5.276,3.9792937790149603,0.03480551686119515,0.008823835830656188,OPTIMAL,205
