seed,dimension,p,k,time,solution,dual_gap,rel_dual_gap,termination,ncalls
3,24,120,5.0,1800.009,4.032486137147539,0.09870926639531286,0.02509274664997393,Time limit reached,294308
