seed,dimension,p,k,time,solution,dual_gap,rel_dual_gap,termination,ncalls
3,29,145,6.0,1800.008,4.6434855914450495,0.16404418938467202,0.03662157279459393,Time limit reached,235087
