seed,dimension,p,k,time,solution,dual_gap,rel_dual_gap,termination,ncalls
3,15,75,3.0,40.45,3.3580743194150378,0.032983016369831475,0.009919431788121054,OPTIMAL,6421
