seed,dimension,p,k,time,solution,dual_gap,rel_dual_gap,termination,ncalls
2,16,80,4.0,58.721,1.5377815557830616,0.015224097269368242,0.009999029714274209,OPTIMAL,13397
