seed,dimension,p,k,time,solution,dual_gap,rel_dual_gap,termination,ncalls
2,21,105,5.0,2738.218,2.033418409196724,0.02013097450350143,0.00999905634764413,OPTIMAL,392595
