seed,dimension,p,k,time,solution,dual_gap,rel_dual_gap,termination,ncalls
5,29,145,6.0,43.686,6.393902999859767,0.0630745461890676,0.009963079342719535,OPTIMAL,9783
