seed,dimension,p,k,time,solution,dual_gap,rel_dual_gap,termination,ncalls
4,16,80,4.0,7.766,4.873912590274357,0.04719296715721555,0.009777441169607005,OPTIMAL,1022
