seed,dimension,p,k,time,solution,dual_gap,rel_dual_gap,termination,ncalls
1,18,90,4.0,10.976,2.1566595398692447,0.021083130164798902,0.009872337074427934,OPTIMAL,1339
