seed,dimension,p,k,time,solution,dual_gap,rel_dual_gap,termination,ncalls
5,26,130,6.0,46.988,5.876645371520513,0.057824375021929164,0.009937472738330393,OPTIMAL,4545
