seed,dimension,p,k,time,solution,dual_gap,rel_dual_gap,termination,ncalls
2,18,90,4.0,194.197,1.9086114227602864,0.018888980581024173,0.00999563753883404,OPTIMAL,23708
