seed,dimension,time,solution,dual_gap,rel_dual_gap,termination,ncalls
1,30,3.982,-30.327575604673267,0.15289354034515057,0.00504140332013848,OPTIMAL,297
