seed,dimension,p,k,Ns,time,solution,dual_gap,rel_dual_gap,termination,ncalls
9,50,50,25.0,5.0,1800.013,0.13737850008427402,0.01752640922509814,0.1462336543272438,Time limit reached,40811
