seed,dimension,p,k,time,solution,dual_gap,rel_dual_gap,termination,ncalls
4,30,150,6.0,61.933,5.765377668008542,0.05636019841030926,0.009872136266956556,OPTIMAL,13300
