seed,dimension,p,k,time,solution,dual_gap,rel_dual_gap,termination,ncalls
1,25,125,5.0,101.19,1.918574585754522,0.018842947918348063,0.009918741964949584,OPTIMAL,10867
