seed,dimension,p,k,time,solution,dual_gap,rel_dual_gap,termination,ncalls
5,22,110,5.0,7.86,5.183929732888859,0.049530525711171336,0.00964680066986798,OPTIMAL,988
