seed,dimension,p,k,time,solution,dual_gap,rel_dual_gap,termination,ncalls
4,19,95,4.0,7.688,4.659490245415256,0.04492271464471642,0.009734978271564105,OPTIMAL,889
