seed,dimension,p,k,time,solution,dual_gap,rel_dual_gap,termination,ncalls
3,17,85,4.0,302.677,3.5278768501750717,0.03486982594016652,0.009982752882612446,OPTIMAL,68095
