seed,dimension,p,k,time,solution,dual_gap,rel_dual_gap,termination,ncalls
1,15,75,3.0,5.242,2.2335078624459115,0.021192076271261406,0.009579137121244774,OPTIMAL,250
