seed,dimension,p,k,time,solution,dual_gap,rel_dual_gap,termination,ncalls
5,26,130,6.0,23.832,5.876645371520513,0.05738424238018158,0.009861087362590799,OPTIMAL,4977
