seed,dimension,p,k,time,solution,dual_gap,rel_dual_gap,termination,ncalls
5,30,150,6.0,51.985,6.19206643854921,0.06077263355709839,0.009911877572661286,OPTIMAL,11792
