seed,dimension,p,k,time,solution,dual_gap,rel_dual_gap,termination,ncalls
2,22,110,5.0,2872.841,2.069724617321463,0.02048983806583138,0.009998775285901672,OPTIMAL,579603
