seed,dimension,p,k,time,solution,dual_gap,rel_dual_gap,termination,ncalls
4,24,120,5.0,11.806,5.14765880456751,0.045222554159636275,0.008862933692904309,OPTIMAL,1160
