seed,dimension,p,k,time,solution,dual_gap,rel_dual_gap,termination,ncalls
3,26,130,6.0,1800.009,4.057720933359512,0.19585361365172638,0.05071474430316419,Time limit reached,258884
