seed,dimension,p,k,time,solution,dual_gap,rel_dual_gap,termination,ncalls
3,16,80,4.0,88.419,3.048834351864469,0.030130592654650457,0.009981301597655775,OPTIMAL,25241
