seed,dimension,p,k,time,solution,dual_gap,rel_dual_gap,termination,ncalls
4,16,80,4.0,7.634,4.873912590274357,0.0477293699683754,0.009889672188066937,OPTIMAL,1001
