seed,dimension,time,solution,dual_gap,rel_dual_gap,termination,ncalls
5,50,13.505,-2.0879787432793995,0.015290916518570175,0.007323310434930058,OPTIMAL,5121
