seed,dimension,p,k,time,solution,dual_gap,rel_dual_gap,termination,ncalls
4,25,125,5.0,8.16,4.560058701673463,0.04167456891615373,0.00922333464612318,OPTIMAL,988
