seed,dimension,p,k,time,solution,dual_gap,rel_dual_gap,termination,ncalls
2,19,95,4.0,246.143,2.098437741911695,0.020752445167112388,0.0099882524074403,OPTIMAL,39795
