seed,dimension,p,k,time,solution,dual_gap,rel_dual_gap,termination,ncalls
5,23,115,5.0,17.739,5.519353385927931,0.05434493331176604,0.009944162718678042,OPTIMAL,1975
