seed,dimension,p,k,time,solution,dual_gap,rel_dual_gap,termination,ncalls
4,17,85,4.0,6.316,4.165906206758644,0.04091500294090622,0.009918809742682314,OPTIMAL,618
