seed,dimension,p,k,time,solution,dual_gap,rel_dual_gap,termination,ncalls
4,19,95,4.0,7.904,4.659490245415256,0.0453526742906325,0.009829068507720825,OPTIMAL,953
