seed,dimension,p,k,time,solution,dual_gap,rel_dual_gap,termination,ncalls
3,27,135,6.0,1949.262,4.457526586478268,0.044123970058515205,0.009997721461974732,OPTIMAL,272958
