seed,n0,m0,M,time,solution,dual_gap,rel_dual_gap,termination,ncalls
7,3,26,20.0,0.665,5.159338267215356,4.3860232779024955e-8,8.501135393775871e-9,OPTIMAL,96
