seed,dimension,p,k,time,solution,dual_gap,rel_dual_gap,termination,ncalls
3,24,120,5.0,2187.129,4.032486027759986,0.03991665419701729,0.009997735909444114,OPTIMAL,492364
