seed,dimension,p,k,time,solution,dual_gap,rel_dual_gap,termination,ncalls
5,17,85,4.0,7.581,4.7972456633480265,0.041989761472541964,0.008830179140512942,OPTIMAL,781
