seed,dimension,p,k,time,solution,dual_gap,rel_dual_gap,termination,ncalls
2,20,100,4.0,154.841,1.7116317565128987,0.016791737447959143,0.009907564878733106,OPTIMAL,15779
