seed,dimension,p,k,time,solution,dual_gap,rel_dual_gap,termination,ncalls
1,28,140,6.0,480.029,2.262447787186701,0.022355545609788585,0.009979743331485049,OPTIMAL,90227
