seed,dimension,p,k,time,solution,dual_gap,rel_dual_gap,termination,ncalls
3,28,140,6.0,1800.006,4.363373393383866,0.05729503448123818,0.013305618176404806,Time limit reached,274410
