seed,dimension,p,k,time,solution,dual_gap,rel_dual_gap,termination,ncalls
1,21,105,5.0,44.997,1.761794051506944,0.017389086061324832,0.009968491494681502,OPTIMAL,6023
