seed,dimension,p,k,time,solution,dual_gap,rel_dual_gap,termination,ncalls
3,26,130,6.0,1800.014,4.057720933359512,0.18806876104101233,0.04860094723405878,Time limit reached,262713
