seed,dimension,p,k,time,solution,dual_gap,rel_dual_gap,termination,ncalls
2,25,125,5.0,1800.009,1.8317048754269283,0.02234209099972495,0.01234804384837498,Time limit reached,243458
