seed,dimension,p,k,time,solution,dual_gap,rel_dual_gap,termination,ncalls
2,16,80,4.0,68.624,1.5377815557830616,0.014963687164261996,0.009826314408717902,OPTIMAL,16863
