seed,dimension,p,k,time,solution,dual_gap,rel_dual_gap,termination,ncalls
1,28,140,6.0,522.966,2.2624479709600145,0.02239868407458223,0.009999192520324137,OPTIMAL,71267
