seed,dimension,p,k,time,solution,dual_gap,rel_dual_gap,termination,ncalls
10,24,120,5.0,1.103,2.5919150187022093,0.023937487429989357,0.00932153305022506,OPTIMAL,342
