seed,dimension,p,k,time,solution,dual_gap,rel_dual_gap,termination,ncalls
1,19,95,4.0,15.133,1.7514415693513994,0.017313134169343325,0.009983766956410999,OPTIMAL,2266
