seed,dimension,time,solution,dual_gap,rel_dual_gap,termination,ncalls
9,50,1713.053,-0.596084546122059,0.005656241344510704,0.00948899175680439,OPTIMAL,364939
