seed,dimension,p,k,time,solution,dual_gap,rel_dual_gap,termination,ncalls
2,23,115,5.0,1800.007,2.149508808294519,0.033403613405771804,0.01578542195655258,Time limit reached,260492
