seed,dimension,p,k,time,solution,dual_gap,rel_dual_gap,termination,ncalls
5,22,110,5.0,8.133,5.183929732888859,0.049287227322090565,0.0095989598630587,OPTIMAL,1092
