seed,dimension,p,k,time,solution,dual_gap,rel_dual_gap,termination,ncalls
4,16,80,4.0,8.488,4.873912590274357,0.047847322832337724,0.00991435469286524,OPTIMAL,1239
