seed,dimension,p,k,time,solution,dual_gap,rel_dual_gap,termination,ncalls
4,15,75,3.0,7.053,5.039099478655551,0.04804255987754047,0.009625728710243402,OPTIMAL,882
