seed,dimension,p,k,time,solution,dual_gap,rel_dual_gap,termination,ncalls
3,26,130,6.0,1800.011,4.057720933359512,0.16013798461838702,0.04108648532293835,Time limit reached,281439
