seed,dimension,p,k,time,solution,dual_gap,rel_dual_gap,termination,ncalls
3,22,110,5.0,360.976,3.5577863670987497,0.02737112313750467,0.007752947244470129,OPTIMAL,53722
