seed,dimension,p,k,time,solution,dual_gap,rel_dual_gap,termination,ncalls
5,29,145,6.0,33.18,6.393902999859767,0.06327964910411499,0.009995800665753025,OPTIMAL,7321
