seed,dimension,p,k,time,solution,dual_gap,rel_dual_gap,termination,ncalls
2,20,100,4.0,128.861,1.7116317565128987,0.01682646857307324,0.009928260604807995,OPTIMAL,12531
