seed,dimension,p,k,time,solution,dual_gap,rel_dual_gap,termination,ncalls
1,28,140,6.0,649.364,2.262447788959745,0.022355636047195926,0.009979784098671706,OPTIMAL,87593
