seed,dimension,p,k,time,solution,dual_gap,rel_dual_gap,termination,ncalls
1,28,140,6.0,467.695,2.262448065913962,0.022394602694670862,0.009997351876810332,OPTIMAL,70842
