seed,dimension,time,solution,dual_gap,rel_dual_gap,termination,ncalls
4,35,1.441,0.1346594842784854,0.0008004520491735612,0.0059798135086044785,OPTIMAL,718
