seed,dimension,p,k,time,solution,dual_gap,rel_dual_gap,termination,ncalls
2,27,135,6.0,1800.016,2.2484432009967756,0.435480394134224,0.2402037110115076,Time limit reached,228554
