seed,dimension,p,k,time,solution,dual_gap,rel_dual_gap,termination,ncalls
5,29,145,6.0,34.015,6.393902999859767,0.063168025030226,0.0099779923312817,OPTIMAL,7604
