seed,dimension,p,k,time,solution,dual_gap,rel_dual_gap,termination,ncalls
10,27,135,6.0,1.01,3.2617850351808957,0.029837714249921543,0.009232116518943347,OPTIMAL,227
