seed,dimension,time,solution,dual_gap,rel_dual_gap,termination,ncalls
4,65,3.938,-0.1380396250035884,0.004791500720700115,0.03471105286308593,OPTIMAL,1548
