seed,dimension,p,k,time,solution,dual_gap,rel_dual_gap,termination,ncalls
1,20,100,4.0,46.108,2.274969426057991,0.022506807272877793,0.00999208914064778,OPTIMAL,4487
