seed,dimension,p,k,time,solution,dual_gap,rel_dual_gap,termination,ncalls
4,25,125,5.0,7.153,4.560058701673463,0.03574561149667321,0.007900782015790255,OPTIMAL,698
