seed,dimension,p,k,time,solution,dual_gap,rel_dual_gap,termination,ncalls
3,17,85,4.0,270.316,3.5278768501750717,0.03487702079127475,0.00998483323642974,OPTIMAL,59348
