seed,dimension,p,k,time,solution,dual_gap,rel_dual_gap,termination,ncalls
1,22,110,5.0,13.502,1.930455938957835,0.018644621729277944,0.00975233359132217,OPTIMAL,1411
