seed,dimension,p,k,time,solution,dual_gap,rel_dual_gap,termination,ncalls
1,16,80,4.0,49.831,2.250303004538984,0.022271144154824007,0.009995882263094743,OPTIMAL,6422
