seed,dimension,p,k,time,solution,dual_gap,rel_dual_gap,termination,ncalls
3,27,135,6.0,1696.157,4.457526586478268,0.04411381979364659,0.009995398600975435,OPTIMAL,239690
