seed,dimension,p,k,time,solution,dual_gap,rel_dual_gap,termination,ncalls
3,18,90,4.0,116.32,3.2649714704686863,0.032316806030831646,0.009996986806647163,OPTIMAL,27240
