seed,dimension,p,k,time,solution,dual_gap,rel_dual_gap,termination,ncalls
5,23,115,5.0,11.075,5.519353385927931,0.05437819360455265,0.00995030932270972,OPTIMAL,1934
