seed,dimension,p,k,time,solution,dual_gap,rel_dual_gap,termination,ncalls
2,28,140,6.0,1800.02,1.9495269184815265,0.4586064824196101,0.3075995682445422,Time limit reached,231351
