seed,dimension,p,k,time,solution,dual_gap,rel_dual_gap,termination,ncalls
5,26,130,6.0,23.295,5.876645371520513,0.05733686137793903,0.009852865040237276,OPTIMAL,3768
