seed,dimension,p,k,time,solution,dual_gap,rel_dual_gap,termination,ncalls
2,27,135,6.0,1800.018,1.9958714563910425,0.16293191907334137,0.08889104946242457,Time limit reached,226513
