seed,dimension,p,k,time,solution,dual_gap,rel_dual_gap,termination,ncalls
5,17,85,4.0,6.924,4.7972456633480265,0.044791064843640704,0.009424827510763935,OPTIMAL,827
