seed,dimension,p,k,time,solution,dual_gap,rel_dual_gap,termination,ncalls
4,25,125,5.0,7.908,4.560058701673463,0.04169717924895,0.009228384900590173,OPTIMAL,934
