seed,dimension,p,k,time,solution,dual_gap,rel_dual_gap,termination,ncalls
7,24,120,5.0,151.975,3.6739884198705677,0.03636178270091195,0.009996018373453555,OPTIMAL,21119
