seed,dimension,p,k,time,solution,dual_gap,rel_dual_gap,termination,ncalls
1,22,110,5.0,11.859,1.930455938957835,0.018402991527378676,0.009624729039072813,OPTIMAL,1866
