seed,dimension,p,k,time,solution,dual_gap,rel_dual_gap,termination,ncalls
4,28,140,6.0,28.245,5.8042455912059845,0.056591228918201786,0.009845969390489992,OPTIMAL,3633
