seed,dimension,p,k,time,solution,dual_gap,rel_dual_gap,termination,ncalls
3,22,110,5.0,225.765,3.5577863670987497,0.02715417077604121,0.007691022249308024,OPTIMAL,37610
