seed,dimension,time,solution,dual_gap,rel_dual_gap,termination,ncalls
6,30,0.907,-0.16316116450350626,0.0005513967925211971,0.0033794610022493915,OPTIMAL,474
