seed,dimension,time,solution,dual_gap,rel_dual_gap,termination,ncalls
5,30,22.496,3.9430969761913413,0.03848623753417524,0.00985661314536338,OPTIMAL,8579
