seed,dimension,p,k,time,solution,dual_gap,rel_dual_gap,termination,ncalls
3,27,135,6.0,1343.417,4.457526586478268,0.044107967627646794,0.009994059353276066,OPTIMAL,229212
