seed,dimension,p,k,time,solution,dual_gap,rel_dual_gap,termination,ncalls
3,28,140,6.0,1063.914,4.363373393383866,0.043164829682746486,0.009991376352850707,OPTIMAL,232668
