seed,dimension,p,k,time,solution,dual_gap,rel_dual_gap,termination,ncalls
1,18,90,4.0,20.789,2.1566595398692447,0.021086228417749986,0.0098738021798082,OPTIMAL,1315
