seed,dimension,p,k,time,solution,dual_gap,rel_dual_gap,termination,ncalls
1,22,110,5.0,15.73,1.930455938957835,0.01846963975839344,0.009659922650139686,OPTIMAL,1789
