seed,dimension,p,k,time,solution,dual_gap,rel_dual_gap,termination,ncalls
2,20,100,4.0,130.87,1.7116317565128987,0.016796037023035337,0.009910126881259534,OPTIMAL,12341
