seed,dimension,p,k,time,solution,dual_gap,rel_dual_gap,termination,ncalls
5,16,80,4.0,5.177,3.9792937790149603,0.03766906831602901,0.009556736391920354,OPTIMAL,223
