seed,dimension,p,k,time,solution,dual_gap,rel_dual_gap,termination,ncalls
3,28,140,6.0,1800.01,4.363373393383866,0.06366277743329452,0.01480629352057454,Time limit reached,271158
