seed,dimension,p,k,time,solution,dual_gap,rel_dual_gap,termination,ncalls
1,28,140,6.0,613.54,2.262447787353158,0.022355743524833827,0.009979832563767242,OPTIMAL,82800
