seed,dimension,p,k,time,solution,dual_gap,rel_dual_gap,termination,ncalls
3,19,95,4.0,286.9,3.632956866161044,0.0359408408251225,0.009991848958128016,OPTIMAL,54391
