seed,dimension,p,k,time,solution,dual_gap,rel_dual_gap,termination,ncalls
2,21,105,5.0,1800.008,2.0334184219450506,0.04775135412968501,0.02404801635866436,Time limit reached,308056
