seed,dimension,p,k,time,solution,dual_gap,rel_dual_gap,termination,ncalls
1,23,115,5.0,32.217,1.8673957031119208,0.018465561017841026,0.009987159924239817,OPTIMAL,4365
