seed,dimension,time,solution,dual_gap,rel_dual_gap,termination,ncalls
1,45,4.709,-0.4494578956821638,0.0008720348499147712,0.001940192525912226,OPTIMAL,1132
