seed,dimension,p,k,time,solution,dual_gap,rel_dual_gap,termination,ncalls
3,21,105,5.0,133.482,3.7183894561199775,0.03613230489791519,0.009812542528683433,OPTIMAL,21168
