seed,dimension,p,k,time,solution,dual_gap,rel_dual_gap,termination,ncalls
1,20,100,4.0,38.828,2.274969426057991,0.022443541178518434,0.009963721761945184,OPTIMAL,3288
