seed,dimension,p,k,time,solution,dual_gap,rel_dual_gap,termination,ncalls
1,25,125,5.0,85.35,1.918574585754522,0.01896003503407151,0.00998099063143136,OPTIMAL,11627
