seed,dimension,p,k,time,solution,dual_gap,rel_dual_gap,termination,ncalls
1,30,150,6.0,169.68,2.0182483059101366,0.019863511422727242,0.009939783107598296,OPTIMAL,34330
