seed,dimension,p,k,time,solution,dual_gap,rel_dual_gap,termination,ncalls
1,17,85,4.0,8.157,1.6411353000709363,0.016076854923334327,0.009893093366173724,OPTIMAL,1091
