seed,dimension,p,k,time,solution,dual_gap,rel_dual_gap,termination,ncalls
3,28,140,6.0,1800.015,4.363373393383866,0.07448415548551335,0.01736677059116877,Time limit reached,260615
