seed,dimension,p,k,time,solution,dual_gap,rel_dual_gap,termination,ncalls
1,27,135,6.0,156.881,1.686597279482584,0.01289746058139829,0.0077059580432205016,OPTIMAL,21038
