seed,dimension,p,k,time,solution,dual_gap,rel_dual_gap,termination,ncalls
3,27,135,6.0,1310.839,4.457530395820922,0.044119530850560196,0.009996696931332831,OPTIMAL,217511
