seed,dimension,p,k,time,solution,dual_gap,rel_dual_gap,termination,ncalls
2,29,145,6.0,1800.022,2.0424263816814343,0.13490070403301968,0.07072025588631886,Time limit reached,205219
