seed,dimension,p,k,time,solution,dual_gap,rel_dual_gap,termination,ncalls
3,21,105,5.0,146.721,3.718586133585336,0.03674260818757791,0.009979405136074739,OPTIMAL,24064
