seed,dimension,p,k,Ns,time,solution,dual_gap,rel_dual_gap,termination,ncalls
8,90,90,45.0,0.1,1800.035,0.8335944513184914,0.21352968902533764,0.3443667532979164,Time limit reached,6707
