seed,dimension,p,k,time,solution,dual_gap,rel_dual_gap,termination,ncalls
3,27,135,6.0,1800.008,4.457530395820922,0.05464594072931739,0.012411395594568345,Time limit reached,246382
