seed,dimension,p,k,time,solution,dual_gap,rel_dual_gap,termination,ncalls
5,18,90,4.0,12.994,4.646806399110294,0.04462118236044521,0.009695651143731573,OPTIMAL,961
