seed,n0,m0,M,time,solution,dual_gap,rel_dual_gap,termination,ncalls
1,2,20,20.0,0.271,3.3882214078246813,2.9710979898567302e-8,8.768901610292085e-9,OPTIMAL,62
