seed,dimension,p,k,time,solution,dual_gap,rel_dual_gap,termination,ncalls
1,20,100,4.0,37.889,2.274969426057991,0.022139502414784573,0.009827418475950133,OPTIMAL,3287
