seed,dimension,p,k,time,solution,dual_gap,rel_dual_gap,termination,ncalls
3,23,115,5.0,1024.081,4.014525717592983,0.03974513058155482,0.009999326934279542,OPTIMAL,156369
