seed,dimension,p,k,time,solution,dual_gap,rel_dual_gap,termination,ncalls
3,19,95,4.0,304.974,3.632956866161044,0.03591784015985722,0.009985390733941224,OPTIMAL,48812
