seed,dimension,p,k,time,solution,dual_gap,rel_dual_gap,termination,ncalls
1,19,95,4.0,13.164,1.7514415693513994,0.01712067409107365,0.009871687608597829,OPTIMAL,1840
