seed,dimension,p,k,time,solution,dual_gap,rel_dual_gap,termination,ncalls
5,24,120,5.0,42.076,5.482109670783845,0.053737989166835476,0.009899467523349092,OPTIMAL,4694
