seed,dimension,p,k,time,solution,dual_gap,rel_dual_gap,termination,ncalls
3,21,105,5.0,136.2,3.7183894561199775,0.03645509858935636,0.009901072384627155,OPTIMAL,22175
