seed,dimension,p,k,time,solution,dual_gap,rel_dual_gap,termination,ncalls
5,21,105,5.0,14.165,5.48922185529245,0.05422649812973379,0.009977285087883163,OPTIMAL,3150
