seed,dimension,p,k,time,solution,dual_gap,rel_dual_gap,termination,ncalls
3,30,150,6.0,1800.057,4.319300767044491,0.19338175848380956,0.046869984137490474,Time limit reached,158820
