seed,dimension,p,k,time,solution,dual_gap,rel_dual_gap,termination,ncalls
1,28,140,6.0,545.022,2.2624479274925546,0.02235681933006184,0.009980316982910907,OPTIMAL,74010
