seed,dimension,p,k,time,solution,dual_gap,rel_dual_gap,termination,ncalls
3,15,75,3.0,22.42,3.3580743194150378,0.033205194529625004,0.009986917765002067,OPTIMAL,6037
