seed,dimension,p,k,Ns,time,solution,dual_gap,rel_dual_gap,termination,ncalls
7,50,50,25.0,0.1,1800.006,0.8898007903567755,0.12145754072068204,0.15807718851985408,Time limit reached,28356
