seed,dimension,p,k,time,solution,dual_gap,rel_dual_gap,termination,ncalls
1,19,95,4.0,15.602,1.7514415693513994,0.017331415282991314,0.009994414277737753,OPTIMAL,2063
