seed,dimension,p,k,time,solution,dual_gap,rel_dual_gap,termination,ncalls
5,30,150,6.0,71.212,6.19206643854921,0.060884326415179046,0.009930275320754994,OPTIMAL,10545
