seed,dimension,p,k,time,solution,dual_gap,rel_dual_gap,termination,ncalls
4,29,145,6.0,28.538,5.521068734094021,0.05247163759959683,0.009595082006175428,OPTIMAL,5193
