seed,dimension,p,k,time,solution,dual_gap,rel_dual_gap,termination,ncalls
3,27,135,6.0,1982.589,4.457526586478268,0.044124888897838055,0.009997931736426519,OPTIMAL,276797
