seed,dimension,p,k,time,solution,dual_gap,rel_dual_gap,termination,ncalls
4,27,135,6.0,22.556,5.075591656149386,0.04981901664903443,0.009912707999856376,OPTIMAL,4798
