seed,dimension,p,k,time,solution,dual_gap,rel_dual_gap,termination,ncalls
4,18,90,4.0,14.653,4.507734990471111,0.03537666916107263,0.007910070396754376,OPTIMAL,1417
