seed,dimension,time,solution,dual_gap,rel_dual_gap,termination,ncalls
2,35,15.356,4.642555494445428,0.045431821211789014,0.009882662386550946,OPTIMAL,5606
