seed,dimension,p,k,time,solution,dual_gap,rel_dual_gap,termination,ncalls
1,17,85,4.0,8.592,1.6411353000709363,0.016095067967747623,0.00990441199533674,OPTIMAL,1220
