seed,dimension,p,k,time,solution,dual_gap,rel_dual_gap,termination,ncalls
4,25,125,5.0,7.232,4.560058701673463,0.04385696338794087,0.009711028410478008,OPTIMAL,733
