seed,dimension,p,k,time,solution,dual_gap,rel_dual_gap,termination,ncalls
2,23,115,5.0,2030.17,2.149508807356191,0.021280368101983083,0.009999099584178252,OPTIMAL,259283
