seed,dimension,p,k,time,solution,dual_gap,rel_dual_gap,termination,ncalls
1,16,80,4.0,47.148,2.250303004538984,0.02216726067039021,0.009948792721175223,OPTIMAL,5863
