seed,dimension,p,k,Ns,time,solution,dual_gap,rel_dual_gap,termination,ncalls
10,70,70,35.0,10.0,1800.018,0.9999999999999983,0.02127880252097103,0.021741434205962425,Time limit reached,22975
