seed,dimension,p,k,time,solution,dual_gap,rel_dual_gap,termination,ncalls
5,21,105,5.0,16.589,5.48922185529245,0.05415823431408562,0.00996459988159929,OPTIMAL,3772
