seed,dimension,p,k,time,solution,dual_gap,rel_dual_gap,termination,ncalls
2,26,130,6.0,1800.039,1.7310607460509804,0.09722999426937973,0.05951044449576915,Time limit reached,222953
