seed,dimension,p,k,time,solution,dual_gap,rel_dual_gap,termination,ncalls
4,15,75,3.0,6.27,5.039099478655551,0.049157776346426374,0.009851372877498413,OPTIMAL,666
