seed,dimension,p,k,time,solution,dual_gap,rel_dual_gap,termination,ncalls
4,24,120,5.0,14.716,5.14765880456751,0.04731665780338812,0.009277153657898786,OPTIMAL,1000
