seed,dimension,p,k,time,solution,dual_gap,rel_dual_gap,termination,ncalls
5,24,120,5.0,35.222,5.482109670783845,0.05377633979580043,0.009906602361504625,OPTIMAL,4433
