seed,dimension,p,k,time,solution,dual_gap,rel_dual_gap,termination,ncalls
4,21,105,5.0,12.818,5.061115465947954,0.04812239896140813,0.00959953431380584,OPTIMAL,1454
