seed,dimension,p,k,time,solution,dual_gap,rel_dual_gap,termination,ncalls
3,30,150,6.0,2486.048,4.319300767044491,0.04276364504252239,0.009999596360922855,OPTIMAL,524322
