seed,dimension,p,k,time,solution,dual_gap,rel_dual_gap,termination,ncalls
2,24,120,5.0,1032.178,1.646273721545093,0.016268691995394713,0.009980761838439888,OPTIMAL,168175
