seed,dimension,p,k,time,solution,dual_gap,rel_dual_gap,termination,ncalls
3,19,95,4.0,254.731,3.6329568662377363,0.035934328484958034,0.009990020387085989,OPTIMAL,60944
