seed,dimension,p,k,Ns,time,solution,dual_gap,rel_dual_gap,termination,ncalls
8,70,70,35.0,10.0,1800.016,0.9999999999999983,0.19180169247859635,0.23732008678268265,Time limit reached,27320
