seed,dimension,p,k,Ns,time,solution,dual_gap,rel_dual_gap,termination,ncalls
7,90,90,45.0,0.1,1800.024,0.856202650635829,0.06967705843368033,0.08858841864076598,Time limit reached,33318
