seed,dimension,p,k,time,solution,dual_gap,rel_dual_gap,termination,ncalls
3,24,120,5.0,2706.402,4.032486027759986,0.039869138051561226,0.00998571592339099,OPTIMAL,348012
