seed,num_v,time,solution,dual_gap,rel_dual_gap,number_nodes,termination,ncalls
3,8,1800.119,-0.9868809399417389,0.07801374164940644,0.07905081402627154,24321,Time limit reached,443648
