seed,dimension,p,k,time,solution,dual_gap,rel_dual_gap,termination,ncalls
1,16,80,4.0,51.254,2.250303004538984,0.02223279994860272,0.009978500633776081,OPTIMAL,7516
