seed,dimension,p,k,time,solution,dual_gap,rel_dual_gap,termination,ncalls
1,18,90,4.0,9.701,2.1566595398692447,0.021133267704180003,0.009896046693330737,OPTIMAL,1103
