seed,dimension,p,k,time,solution,dual_gap,rel_dual_gap,termination,ncalls
1,29,145,6.0,490.925,2.0679355073617574,0.02042373443502088,0.009974904518290981,OPTIMAL,63056
