seed,dimension,p,k,time,solution,dual_gap,rel_dual_gap,termination,ncalls
2,29,145,6.0,1800.015,2.0424263826835825,0.1322040141084555,0.06920870380502828,Time limit reached,206763
