seed,dimension,p,k,time,solution,dual_gap,rel_dual_gap,termination,ncalls
3,26,130,6.0,1800.016,4.057720933359512,0.15646503602592432,0.04010632476912481,Time limit reached,282846
