seed,dimension,p,k,time,solution,dual_gap,rel_dual_gap,termination,ncalls
1,23,115,5.0,19.813,1.8673957031119208,0.01835797859065469,0.009928395914911767,OPTIMAL,3762
