seed,dimension,p,k,time,solution,dual_gap,rel_dual_gap,termination,ncalls
4,28,140,6.0,37.648,5.8042455912059845,0.05696685926014755,0.009911970850395918,OPTIMAL,3412
