seed,dimension,p,k,time,solution,dual_gap,rel_dual_gap,termination,ncalls
1,28,140,6.0,449.478,2.262451326491628,0.022391896433592073,0.009996117126683527,OPTIMAL,61760
