seed,dimension,var_A,p,k,M,time,solution,dual_gap,rel_dual_gap,termination,ncalls
1,20,5,100,20.0,1.0,1800.162,0.18977210524110733,0.05168939701722619,0.37433649500427896,Time limit reached,266251
