seed,dimension,p,k,time,solution,dual_gap,rel_dual_gap,termination,ncalls
1,24,120,5.0,47.312,2.0309586934341795,0.019530387724716824,0.00970971108902047,OPTIMAL,6085
