seed,dimension,p,k,time,solution,dual_gap,rel_dual_gap,termination,ncalls
5,17,85,4.0,7.471,4.7972456633480265,0.04600410059230775,0.009682542970015902,OPTIMAL,1113
