seed,dimension,p,k,time,solution,dual_gap,rel_dual_gap,termination,ncalls
1,18,90,4.0,4.258,2.1566595398692447,0.02028112111750424,0.009493225048282528,OPTIMAL,961
