seed,dimension,time,solution,dual_gap,rel_dual_gap,termination,ncalls
5,70,8.337,-0.26503356274013407,0.0006139000688648033,0.002316310668421771,OPTIMAL,1752
