seed,dimension,p,k,time,solution,dual_gap,rel_dual_gap,termination,ncalls
4,16,80,4.0,7.908,4.873912590274357,0.047853024048528425,0.009915547744876137,OPTIMAL,1173
