seed,dimension,time,solution,dual_gap,rel_dual_gap,termination,ncalls
4,100,50.512,-0.5055937515283258,0.004689740945400089,0.009275709858406643,OPTIMAL,7364
