seed,dimension,p,k,time,solution,dual_gap,rel_dual_gap,termination,ncalls
1,25,125,5.0,67.913,1.918574585754522,0.01891950200780035,0.00995944062144434,OPTIMAL,14695
