seed,dimension,p,k,Ns,time,solution,dual_gap,rel_dual_gap,termination,ncalls
7,50,50,25.0,10.0,1800.016,0.18347080538351046,0.020761199570085015,0.12759664351895303,Time limit reached,37482
