seed,dimension,p,k,Ns,time,solution,dual_gap,rel_dual_gap,termination,ncalls
3,50,50,25.0,0.1,1800.015,0.9828924019745227,0.1466393988137431,0.17535291145083032,Time limit reached,33050
