seed,dimension,p,k,time,solution,dual_gap,rel_dual_gap,termination,ncalls
1,19,95,4.0,11.735,1.7514415693513994,0.01714550834230333,0.009886148465520503,OPTIMAL,1584
