seed,dimension,p,k,time,solution,dual_gap,rel_dual_gap,termination,ncalls
3,30,150,6.0,1832.902,4.319300767044491,0.04276276581977534,0.009999388712909585,OPTIMAL,395645
