seed,dimension,p,k,Ns,time,solution,dual_gap,rel_dual_gap,termination,ncalls
5,50,50,25.0,5.0,1800.013,0.4653157986799885,0.017464390519063733,0.03899594865801632,Time limit reached,40917
