seed,dimension,time,solution,dual_gap,rel_dual_gap,termination,ncalls
3,75,115.775,-0.9801474058749053,0.0024403940208944652,0.002489823475802709,OPTIMAL,28332
