seed,dimension,p,k,time,solution,dual_gap,rel_dual_gap,termination,ncalls
2,23,115,5.0,1800.008,2.149508807402606,0.031107151972420866,0.014684255883525505,Time limit reached,278402
