seed,dimension,p,k,time,solution,dual_gap,rel_dual_gap,termination,ncalls
1,20,100,4.0,26.587,2.274969426057991,0.022416299854211452,0.00995150773291175,OPTIMAL,3532
