seed,dimension,time,solution,dual_gap,rel_dual_gap,termination,ncalls
3,30,5.186,-12.154197341792061,0.104511835183974,0.008598826581876478,OPTIMAL,724
