seed,dimension,p,k,time,solution,dual_gap,rel_dual_gap,termination,ncalls
4,23,115,5.0,7.637,5.266123075399722,0.05147158041856681,0.00987056958036518,OPTIMAL,953
