seed,dimension,p,k,time,solution,dual_gap,rel_dual_gap,termination,ncalls
5,20,100,4.0,13.902,5.1963483368745385,0.04965018777833485,0.009646998199623147,OPTIMAL,1473
