seed,dimension,p,k,time,solution,dual_gap,rel_dual_gap,termination,ncalls
3,27,135,6.0,1565.497,4.457526586478268,0.04408684584891631,0.009989225737707608,OPTIMAL,219617
