seed,dimension,p,k,time,solution,dual_gap,rel_dual_gap,termination,ncalls
7,27,135,6.0,1800.019,4.204125639392938,0.07282509991264963,0.017627645148714094,Time limit reached,368176
