seed,dimension,time,solution,dual_gap,rel_dual_gap,termination,ncalls
3,55,5.394,-1.1735977735443626,0.0002225563729261193,0.00018963598768083941,OPTIMAL,1257
