seed,dimension,p,k,time,solution,dual_gap,rel_dual_gap,termination,ncalls
1,21,105,5.0,45.281,1.761794212799401,0.017301785245881662,0.009917948036120587,OPTIMAL,5741
