seed,dimension,p,k,time,solution,dual_gap,rel_dual_gap,termination,ncalls
2,23,115,5.0,2478.517,2.149508807356191,0.021265100662814174,0.009991854126449394,OPTIMAL,324941
