seed,dimension,p,k,time,solution,dual_gap,rel_dual_gap,termination,ncalls
4,24,120,5.0,17.771,5.14765880456751,0.045230963032566684,0.008864596313224888,OPTIMAL,1265
