seed,dimension,p,k,time,solution,dual_gap,rel_dual_gap,termination,ncalls
1,18,90,4.0,8.773,2.1566595398692447,0.021348261893006093,0.009997728253109359,OPTIMAL,950
