seed,dimension,p,k,time,solution,dual_gap,rel_dual_gap,termination,ncalls
2,20,100,4.0,119.944,1.7116317565128987,0.016854402408718716,0.009944906549466824,OPTIMAL,11475
