seed,dimension,p,k,time,solution,dual_gap,rel_dual_gap,termination,ncalls
2,27,135,6.0,1800.014,2.2484432009967756,0.4386425708954944,0.24237065873435287,Time limit reached,221919
