seed,dimension,p,k,time,solution,dual_gap,rel_dual_gap,termination,ncalls
1,25,125,5.0,88.875,1.918574585754522,0.018982487829597217,0.009992928403067845,OPTIMAL,12069
