seed,dimension,p,k,time,solution,dual_gap,rel_dual_gap,termination,ncalls
5,18,90,4.0,13.736,4.646806399110294,0.044081283709608954,0.009577214064362283,OPTIMAL,1113
