seed,dimension,time,solution,dual_gap,rel_dual_gap,termination,ncalls
9,30,4.113,-0.060417746497007596,0.003696118906576007,0.06117604711984864,OPTIMAL,422
