seed,dimension,p,k,time,solution,dual_gap,rel_dual_gap,termination,ncalls
3,30,150,6.0,1800.014,4.319300767044491,0.15396783925653246,0.03696411353564926,Time limit reached,172525
