seed,dimension,p,k,time,solution,dual_gap,rel_dual_gap,termination,ncalls
5,19,95,4.0,15.486,5.052999834779796,0.04974984976631269,0.009943506703708834,OPTIMAL,975
