seed,dimension,p,k,time,solution,dual_gap,rel_dual_gap,termination,ncalls
1,15,75,3.0,5.402,2.2335078624459115,0.021193851312242273,0.009579947152882597,OPTIMAL,278
