seed,dimension,p,k,time,solution,dual_gap,rel_dual_gap,termination,ncalls
4,18,90,4.0,15.311,4.507734990471111,0.04158300179168961,0.009310700105390979,OPTIMAL,1717
