seed,dimension,p,k,time,solution,dual_gap,rel_dual_gap,termination,ncalls
1,21,105,5.0,36.026,1.7617980865673228,0.01735204442440219,0.00994702272538422,OPTIMAL,5058
