seed,dimension,p,k,time,solution,dual_gap,rel_dual_gap,termination,ncalls
2,15,75,3.0,12.787,1.5912331179212327,0.015047891860179963,0.009547032678250146,OPTIMAL,2006
