seed,dimension,p,k,time,solution,dual_gap,rel_dual_gap,termination,ncalls
3,30,150,6.0,1800.007,4.319300767044491,0.09075417661271867,0.021462262427963896,Time limit reached,338056
