seed,dimension,p,k,time,solution,dual_gap,rel_dual_gap,termination,ncalls
3,25,125,5.0,513.151,4.453860581740739,0.04408038350380039,0.009996050034744144,OPTIMAL,122377
