seed,dimension,p,k,time,solution,dual_gap,rel_dual_gap,termination,ncalls
1,21,105,5.0,38.928,1.761794051506944,0.017348009364023254,0.009944709635565758,OPTIMAL,5058
