seed,dimension,p,k,time,solution,dual_gap,rel_dual_gap,termination,ncalls
2,28,140,6.0,1800.02,1.700852342378409,0.1827734255855773,0.1203978420118721,Time limit reached,225494
