seed,dimension,p,k,time,solution,dual_gap,rel_dual_gap,termination,ncalls
4,15,75,3.0,6.61,5.039099478655551,0.048131429156288874,0.009643706126533478,OPTIMAL,750
