seed,dimension,p,k,time,solution,dual_gap,rel_dual_gap,termination,ncalls
3,30,150,6.0,1800.011,4.319300767044491,0.16393074252449846,0.0394503357239371,Time limit reached,229741
