seed,dimension,p,k,time,solution,dual_gap,rel_dual_gap,termination,ncalls
1,16,80,4.0,28.1,2.250303004538984,0.022184502614012835,0.009956608050625069,OPTIMAL,6162
