seed,dimension,p,k,time,solution,dual_gap,rel_dual_gap,termination,ncalls
4,15,75,3.0,6.454,5.039099478655551,0.0487246800423593,0.009763731585030392,OPTIMAL,697
