seed,dimension,p,k,time,solution,dual_gap,rel_dual_gap,termination,ncalls
2,27,135,6.0,1800.014,2.2484432009967756,0.43146971764203124,0.23746616095100792,Time limit reached,226210
