seed,dimension,time,solution,dual_gap,rel_dual_gap,termination,ncalls
7,95,429.869,-0.8826828408212272,0.004318884664329614,0.004892906562351916,OPTIMAL,74239
