seed,dimension,p,k,time,solution,dual_gap,rel_dual_gap,termination,ncalls
9,16,80,4.0,0.236,1.6367785124373262,0.01374176217166867,0.008466698101210233,OPTIMAL,70
