seed,dimension,p,k,time,solution,dual_gap,rel_dual_gap,termination,ncalls
2,20,100,4.0,153.054,1.7116317565128987,0.016791657081978828,0.009907516990904924,OPTIMAL,15853
