seed,dimension,p,k,time,solution,dual_gap,rel_dual_gap,termination,ncalls
3,29,145,6.0,1800.022,4.6434855914450495,0.15754264035593302,0.03511918053208504,Time limit reached,175403
