seed,dimension,p,k,time,solution,dual_gap,rel_dual_gap,termination,ncalls
5,25,125,5.0,60.23,6.063698098092319,0.05971781537522869,0.00994637100110587,OPTIMAL,6143
