seed,dimension,p,k,time,solution,dual_gap,rel_dual_gap,termination,ncalls
2,21,105,5.0,1800.008,2.033531585907157,0.02502241279950912,0.012458201901459786,Time limit reached,315955
