seed,dimension,p,k,Ns,time,solution,dual_gap,rel_dual_gap,termination,ncalls
3,70,70,35.0,0.1,1800.017,0.7861138536351389,0.16133983575824962,0.25823710836522235,Time limit reached,24998
