seed,dimension,p,k,time,solution,dual_gap,rel_dual_gap,termination,ncalls
2,15,75,3.0,16.251,1.5912331179212327,0.014808857581958712,0.009393954377974105,OPTIMAL,2074
