seed,dimension,p,k,time,solution,dual_gap,rel_dual_gap,termination,ncalls
5,16,80,4.0,5.18,3.9792937790149603,0.03760191366615251,0.009539536562131816,OPTIMAL,239
