seed,dimension,p,k,time,solution,dual_gap,rel_dual_gap,termination,ncalls
1,22,110,5.0,10.569,1.930455938957835,0.018822791390354032,0.009846445388491875,OPTIMAL,1513
