seed,dimension,p,k,time,solution,dual_gap,rel_dual_gap,termination,ncalls
5,18,90,4.0,13.219,4.646806399110294,0.04431217627042372,0.009627861356245623,OPTIMAL,1004
