seed,dimension,p,k,time,solution,dual_gap,rel_dual_gap,termination,ncalls
3,24,120,5.0,1800.023,4.0324863220587135,0.12628429285395448,0.03232917598982047,Time limit reached,277282
