seed,dimension,p,k,time,solution,dual_gap,rel_dual_gap,termination,ncalls
2,27,135,6.0,1800.025,2.2484432009967756,0.4317870756305293,0.2376823382264924,Time limit reached,229550
