seed,dimension,time,solution,dual_gap,rel_dual_gap,termination,ncalls
5,65,204.248,10.129436028300606,0.09950343469270706,0.009920648395595484,OPTIMAL,44060
