seed,dimension,time,solution,dual_gap,rel_dual_gap,termination,ncalls
9,90,1620.002,-1.8362356616359428,0.018338920270766224,0.009987236744126663,OPTIMAL,370546
