seed,dimension,p,k,time,solution,dual_gap,rel_dual_gap,termination,ncalls
1,23,115,5.0,31.188,1.8673957031119208,0.018427452746244466,0.00996634352298911,OPTIMAL,2901
