seed,dimension,p,k,time,solution,dual_gap,rel_dual_gap,termination,ncalls
2,23,115,5.0,2323.975,2.149508807356191,0.021265622064756684,0.009992101566083314,OPTIMAL,309343
