seed,dimension,p,k,time,solution,dual_gap,rel_dual_gap,termination,ncalls
7,24,120,5.0,90.726,3.6739884198705677,0.03636262192688111,0.009996251386669992,OPTIMAL,20927
