seed,dimension,p,k,time,solution,dual_gap,rel_dual_gap,termination,ncalls
1,24,120,5.0,43.035,2.0309586934341795,0.01975176033504278,0.009820849366607256,OPTIMAL,4925
