seed,dimension,p,k,time,solution,dual_gap,rel_dual_gap,termination,ncalls
1,25,125,5.0,97.252,1.918574585754522,0.018985463185226203,0.009994510370509677,OPTIMAL,9171
