seed,dimension,p,k,time,solution,dual_gap,rel_dual_gap,termination,ncalls
1,19,95,4.0,14.376,1.7514415693513994,0.017297554570152585,0.009974693233499745,OPTIMAL,1699
