seed,dimension,p,k,time,solution,dual_gap,rel_dual_gap,termination,ncalls
5,20,100,4.0,12.153,5.1963483368745385,0.050808035888183056,0.00987418869859859,OPTIMAL,1149
