seed,dimension,p,k,time,solution,dual_gap,rel_dual_gap,termination,ncalls
2,21,105,5.0,1733.956,2.033418409196724,0.020020003384281004,0.009943388912241922,OPTIMAL,335237
