seed,dimension,p,k,time,solution,dual_gap,rel_dual_gap,termination,ncalls
2,22,110,5.0,1800.009,2.069724654596195,0.10537104073248593,0.0536415846865934,Time limit reached,201117
