seed,dimension,p,k,time,solution,dual_gap,rel_dual_gap,termination,ncalls
3,30,150,6.0,1800.012,4.319300767044491,0.1432351555682434,0.03429906732658098,Time limit reached,241190
