seed,dimension,p,k,time,solution,dual_gap,rel_dual_gap,termination,ncalls
1,15,75,3.0,2.984,2.2335078624459115,0.021173885078893395,0.009570835730730507,OPTIMAL,287
