seed,dimension,p,k,time,solution,dual_gap,rel_dual_gap,termination,ncalls
1,23,115,5.0,21.845,1.8673957031119208,0.018485322827423545,0.009997955025045158,OPTIMAL,4331
