seed,dimension,var_A,p,k,M,time,solution,dual_gap,rel_dual_gap,termination,ncalls
3,15,1,75,15.0,1.0,1800.117,0.6158751812552601,0.04453219406166553,0.0779430133209567,Time limit reached,420367
