seed,dimension,p,k,time,solution,dual_gap,rel_dual_gap,termination,ncalls
1,29,145,6.0,611.184,2.0679355073617574,0.020452424965111682,0.009989056877174024,OPTIMAL,84320
