seed,dimension,p,k,Ns,time,solution,dual_gap,rel_dual_gap,termination,ncalls
7,90,90,45.0,10.0,1800.029,0.9999999999999984,0.9367378021457407,14.807228232945349,Time limit reached,18009
