seed,dimension,p,k,time,solution,dual_gap,rel_dual_gap,termination,ncalls
5,24,120,5.0,32.424,5.482109670783845,0.05409090101337366,0.009965127850075755,OPTIMAL,3331
