seed,dimension,p,k,time,solution,dual_gap,rel_dual_gap,termination,ncalls
1,25,125,5.0,110.457,1.918574585754522,0.018977642103557013,0.009990351988607956,OPTIMAL,12141
