seed,dimension,p,k,time,solution,dual_gap,rel_dual_gap,termination,ncalls
4,24,120,5.0,9.993,5.14765880456751,0.04521404780503513,0.008861251803875217,OPTIMAL,1336
