seed,dimension,p,k,time,solution,dual_gap,rel_dual_gap,termination,ncalls
2,26,130,6.0,1800.035,1.731076809473468,0.07134307161199094,0.04298464867257238,Time limit reached,223910
