seed,dimension,p,k,time,solution,dual_gap,rel_dual_gap,termination,ncalls
1,24,120,5.0,45.16,2.0309586934341795,0.01953187900746345,0.009710459693275143,OPTIMAL,5770
