seed,dimension,p,k,time,solution,dual_gap,rel_dual_gap,termination,ncalls
3,15,75,3.0,34.11,3.3580743194150378,0.032253636140006314,0.009697948028949422,OPTIMAL,5244
