seed,dimension,p,k,time,solution,dual_gap,rel_dual_gap,termination,ncalls
5,23,115,5.0,11.851,5.519353385927931,0.05431723616400408,0.009939044257987282,OPTIMAL,2075
