seed,dimension,p,k,time,solution,dual_gap,rel_dual_gap,termination,ncalls
1,17,85,4.0,7.733,1.6411353000709363,0.016173929496898998,0.009953423995048793,OPTIMAL,1133
