seed,dimension,p,k,time,solution,dual_gap,rel_dual_gap,termination,ncalls
8,28,140,6.0,2.266,3.274522687579969,0.030458474123104207,0.009388986197239218,OPTIMAL,495
