seed,dimension,p,k,time,solution,dual_gap,rel_dual_gap,termination,ncalls
3,27,135,6.0,1800.05,4.457530395820922,0.04602978787597056,0.010434043189991315,Time limit reached,256706
