seed,dimension,p,k,time,solution,dual_gap,rel_dual_gap,termination,ncalls
6,21,105,5.0,2.744,4.15033550991732,0.02723026185332511,0.006604309183257227,OPTIMAL,35
