seed,dimension,time,solution,dual_gap,rel_dual_gap,termination,ncalls
8,95,38.87,-0.8056881196822572,0.0078025635404118665,0.009684347267636263,OPTIMAL,5380
