seed,dimension,p,k,Ns,time,solution,dual_gap,rel_dual_gap,termination,ncalls
1,90,90,45.0,0.1,1800.032,0.8458268719706753,0.085806772479042,0.1129006621488523,Time limit reached,28253
