seed,dimension,p,k,time,solution,dual_gap,rel_dual_gap,termination,ncalls
2,21,105,5.0,2145.24,2.033418409196724,0.020129489241417886,0.009998311241818563,OPTIMAL,415355
