seed,dimension,p,k,time,solution,dual_gap,rel_dual_gap,termination,ncalls
2,28,140,6.0,1800.017,1.9495269184815265,0.44302501946530826,0.2940753143123246,Time limit reached,232944
