seed,dimension,time,solution,dual_gap,rel_dual_gap,termination,ncalls
2,70,417.91,-1.2709137426840265,0.01252770539242043,0.009857242841645042,OPTIMAL,123794
