seed,dimension,p,k,time,solution,dual_gap,rel_dual_gap,termination,ncalls
1,29,145,6.0,657.049,2.0679355075189654,0.020451615158835423,0.00998865741271395,OPTIMAL,86842
