seed,dimension,p,k,time,solution,dual_gap,rel_dual_gap,termination,ncalls
5,20,100,4.0,12.903,5.1963483368745385,0.05001977309652972,0.009719506338672116,OPTIMAL,1281
