seed,dimension,p,k,time,solution,dual_gap,rel_dual_gap,termination,ncalls
2,25,125,5.0,1800.002,1.8317077616043422,0.01990676899075683,0.010987282307446266,Time limit reached,244630
