seed,dimension,p,k,time,solution,dual_gap,rel_dual_gap,termination,ncalls
2,27,135,6.0,1800.016,2.2484432009967756,0.42315286625847337,0.23182770335500744,Time limit reached,225399
