seed,dimension,p,k,time,solution,dual_gap,rel_dual_gap,termination,ncalls
5,30,150,6.0,71.581,6.19206643854921,0.061055793584674944,0.009958520237576284,OPTIMAL,9700
