seed,dimension,p,k,time,solution,dual_gap,rel_dual_gap,termination,ncalls
1,28,140,6.0,440.233,2.262447787186701,0.022384302751219387,0.009992709093626628,OPTIMAL,64675
