seed,dimension,p,k,time,solution,dual_gap,rel_dual_gap,termination,ncalls
1,24,120,5.0,40.314,2.0309586934341795,0.01962727572693046,0.009758349894073612,OPTIMAL,5068
