seed,dimension,p,k,time,solution,dual_gap,rel_dual_gap,termination,ncalls
1,21,105,5.0,43.714,1.761794051506944,0.017342238760658768,0.009941368763495356,OPTIMAL,5731
