seed,dimension,p,k,time,solution,dual_gap,rel_dual_gap,termination,ncalls
4,16,80,4.0,7.688,4.873912590274357,0.047558854809970796,0.009853992769014212,OPTIMAL,987
