seed,dimension,time,solution,dual_gap,rel_dual_gap,termination,ncalls
1,25,3.236,-0.5940218474478942,0.005906056841878393,0.00994249094920108,OPTIMAL,264
