seed,dimension,p,k,time,solution,dual_gap,rel_dual_gap,termination,ncalls
2,24,120,5.0,1466.163,1.646273721545093,0.016262465574436114,0.009976903849508672,OPTIMAL,241602
