seed,dimension,p,k,Ns,time,solution,dual_gap,rel_dual_gap,termination,ncalls
4,70,70,35.0,0.1,1800.019,0.9028245607681239,0.07525954446352612,0.09094094479680821,Time limit reached,20800
