seed,dimension,p,k,time,solution,dual_gap,rel_dual_gap,termination,ncalls
3,27,135,6.0,1949.236,4.457526586478268,0.04412631700483338,0.009998258555890765,OPTIMAL,269262
