seed,dimension,p,k,time,solution,dual_gap,rel_dual_gap,termination,ncalls
3,20,100,4.0,313.628,3.4232738207320144,0.03367633708176898,0.009935202408016616,OPTIMAL,42952
