seed,dimension,p,k,time,solution,dual_gap,rel_dual_gap,termination,ncalls
3,28,140,6.0,1800.036,4.363373393383866,0.06745681090113731,0.015702542078261713,Time limit reached,268228
