seed,dimension,p,k,time,solution,dual_gap,rel_dual_gap,termination,ncalls
4,24,120,5.0,11.466,5.14765880456751,0.0452808875133206,0.0088744676010716,OPTIMAL,1086
