seed,dimension,p,k,time,solution,dual_gap,rel_dual_gap,termination,ncalls
5,30,150,6.0,59.655,6.19206643854921,0.06108922618429968,0.009964027604130607,OPTIMAL,8800
