seed,dimension,p,k,time,solution,dual_gap,rel_dual_gap,termination,ncalls
1,26,130,6.0,1057.095,1.8799554877600944,0.018573310313074964,0.00997823581750912,OPTIMAL,102400
