seed,dimension,p,k,time,solution,dual_gap,rel_dual_gap,termination,ncalls
5,18,90,4.0,12.739,4.646806399110294,0.044061961469355815,0.009572975876961584,OPTIMAL,1120
