seed,dimension,p,k,time,solution,dual_gap,rel_dual_gap,termination,ncalls
1,22,110,5.0,14.383,1.930455938957835,0.018463156439405548,0.00965649902458645,OPTIMAL,1528
