seed,dimension,p,k,time,solution,dual_gap,rel_dual_gap,termination,ncalls
5,20,100,4.0,13.181,5.1963483368745385,0.049804463967874746,0.009677264043169653,OPTIMAL,1321
