seed,dimension,p,k,time,solution,dual_gap,rel_dual_gap,termination,ncalls
4,23,115,5.0,7.137,5.266123075399722,0.05187701083081109,0.009949091429213176,OPTIMAL,765
