seed,dimension,p,k,time,solution,dual_gap,rel_dual_gap,termination,ncalls
2,19,95,4.0,277.018,2.098437741911695,0.020719615225479604,0.00997229362316131,OPTIMAL,47110
