seed,dimension,p,k,time,solution,dual_gap,rel_dual_gap,termination,ncalls
2,21,105,5.0,1564.784,2.033418409196724,0.020115073301719022,0.009991079308859814,OPTIMAL,280830
