seed,dimension,p,k,time,solution,dual_gap,rel_dual_gap,termination,ncalls
3,26,130,6.0,1800.013,4.057720933359512,0.14444907584869604,0.03691260947573888,Time limit reached,291049
