seed,dimension,p,k,time,solution,dual_gap,rel_dual_gap,termination,ncalls
1,22,110,5.0,12.055,1.930455938957835,0.01839303081227306,0.009619469492304397,OPTIMAL,1900
