seed,dimension,p,k,time,solution,dual_gap,rel_dual_gap,termination,ncalls
1,20,100,4.0,31.235,2.274969426057991,0.022512228127883116,0.009994519828643444,OPTIMAL,4226
