seed,dimension,p,k,time,solution,dual_gap,rel_dual_gap,termination,ncalls
8,29,145,6.0,4.31,3.7775892964014806,0.035094003616088276,0.009377167069185326,OPTIMAL,296
