seed,dimension,p,k,time,solution,dual_gap,rel_dual_gap,termination,ncalls
5,17,85,4.0,8.425,4.7972456633480265,0.04606281895113895,0.009695021315683788,OPTIMAL,1007
