seed,dimension,p,k,time,solution,dual_gap,rel_dual_gap,termination,ncalls
5,22,110,5.0,7.443,5.183929732888859,0.05087264879792475,0.009910789606372419,OPTIMAL,861
