seed,dimension,p,k,time,solution,dual_gap,rel_dual_gap,termination,ncalls
5,20,100,4.0,14.46,5.1963483368745385,0.04968320141689553,0.009653474649944888,OPTIMAL,1480
