seed,dimension,time,solution,dual_gap,rel_dual_gap,termination,ncalls
4,30,4.619,-0.1941856432897585,0.005352057332867477,0.027561550082676727,OPTIMAL,545
