seed,dimension,p,k,time,solution,dual_gap,rel_dual_gap,termination,ncalls
5,25,125,5.0,47.896,6.063698098092319,0.05998970033006579,0.009992107603431504,OPTIMAL,6946
