seed,dimension,p,k,time,solution,dual_gap,rel_dual_gap,termination,ncalls
3,18,90,4.0,132.722,3.2649714704686863,0.032136755963325214,0.00994073585609906,OPTIMAL,22498
