seed,dimension,p,k,time,solution,dual_gap,rel_dual_gap,termination,ncalls
1,26,130,6.0,946.037,1.8799554877960976,0.01860966926582619,0.009997964419379352,OPTIMAL,124740
