seed,dimension,p,k,time,solution,dual_gap,rel_dual_gap,termination,ncalls
4,21,105,5.0,9.244,5.061115465947954,0.048108684637136356,0.009596772303698488,OPTIMAL,1445
