seed,dimension,p,k,time,solution,dual_gap,rel_dual_gap,termination,ncalls
2,17,85,4.0,198.412,1.9730825424630343,0.01949330162342866,0.009978198700076229,OPTIMAL,31449
