seed,dimension,p,k,time,solution,dual_gap,rel_dual_gap,termination,ncalls
1,16,80,4.0,25.725,2.250303004538984,0.022167260670389766,0.009948792721175022,OPTIMAL,5863
