seed,dimension,time,solution,dual_gap,rel_dual_gap,termination,ncalls
9,80,18.077,-0.5735489004174554,0.005654694647250991,0.009859132574633554,OPTIMAL,4165
