seed,dimension,p,k,time,solution,dual_gap,rel_dual_gap,termination,ncalls
3,26,130,6.0,1800.012,4.057720933359512,0.16262715184048915,0.04175179365695971,Time limit reached,287184
