seed,dimension,p,k,time,solution,dual_gap,rel_dual_gap,termination,ncalls
1,25,125,5.0,86.702,1.918574585754522,0.01895585011632428,0.009978765612645874,OPTIMAL,11685
