seed,dimension,p,k,time,solution,dual_gap,rel_dual_gap,termination,ncalls
5,17,85,4.0,7.291,4.7972456633480265,0.04389775877456703,0.009235124307297298,OPTIMAL,743
