seed,dimension,p,k,time,solution,dual_gap,rel_dual_gap,termination,ncalls
1,21,105,5.0,47.132,1.761794051506944,0.017324676631470082,0.009931201361850665,OPTIMAL,6245
