seed,dimension,p,k,time,solution,dual_gap,rel_dual_gap,termination,ncalls
2,19,95,4.0,273.126,2.098437741911695,0.020719878480588427,0.009972421590663897,OPTIMAL,46237
