seed,dimension,p,k,time,solution,dual_gap,rel_dual_gap,termination,ncalls
5,29,145,6.0,49.574,6.393902999859767,0.06322335799213619,0.009986819989122762,OPTIMAL,7135
