seed,dimension,p,k,time,solution,dual_gap,rel_dual_gap,termination,ncalls
5,24,120,5.0,33.853,5.482109670783845,0.0532357579399374,0.009806040588636536,OPTIMAL,3565
