seed,dimension,p,k,time,solution,dual_gap,rel_dual_gap,termination,ncalls
4,17,85,4.0,6.645,4.165906206758644,0.04033483292270379,0.009776787084209532,OPTIMAL,795
