seed,dimension,p,k,time,solution,dual_gap,rel_dual_gap,termination,ncalls
4,20,100,4.0,24.748,5.58043616690493,0.052967642166100504,0.009582622122412393,OPTIMAL,3482
