seed,dimension,p,k,time,solution,dual_gap,rel_dual_gap,termination,ncalls
2,17,85,4.0,217.294,1.9730825424630343,0.019395782860926136,0.009927785386064817,OPTIMAL,38800
