seed,n0,m0,M,time,solution,dual_gap,rel_dual_gap,termination,ncalls
9,3,30,20.0,0.48,1.2378727652842538,6.951163977753083e-8,5.6154110204478964e-8,OPTIMAL,96
