seed,dimension,p,k,time,solution,dual_gap,rel_dual_gap,termination,ncalls
2,29,145,6.0,1800.018,2.0424268340500666,0.10032020216073212,0.05165535224146672,Time limit reached,281186
