seed,dimension,p,k,time,solution,dual_gap,rel_dual_gap,termination,ncalls
5,24,120,5.0,21.971,5.482109670783845,0.05379648336165488,0.009910349956650508,OPTIMAL,4548
