seed,dimension,p,k,time,solution,dual_gap,rel_dual_gap,termination,ncalls
4,27,135,6.0,41.694,5.075591656149386,0.050186256914286353,0.009986509132561732,OPTIMAL,5756
