seed,dimension,p,k,time,solution,dual_gap,rel_dual_gap,termination,ncalls
5,25,125,5.0,32.724,6.063698098092319,0.06001393253953946,0.009996184157034812,OPTIMAL,7385
