seed,dimension,p,k,time,solution,dual_gap,rel_dual_gap,termination,ncalls
2,21,105,5.0,1800.007,2.033419042981672,0.029564160851419885,0.014753643647084317,Time limit reached,319167
