seed,dimension,p,k,time,solution,dual_gap,rel_dual_gap,termination,ncalls
5,19,95,4.0,15.359,5.052999834779796,0.04998573097452219,0.009991123338329834,OPTIMAL,995
