seed,dimension,p,k,time,solution,dual_gap,rel_dual_gap,termination,ncalls
3,15,75,3.0,28.243,3.3580743194150378,0.03294191887199638,0.009906949529774061,OPTIMAL,7963
