seed,dimension,p,k,Ns,time,solution,dual_gap,rel_dual_gap,termination,ncalls
4,50,50,25.0,1.0,1800.013,-0.9570683220182008,0.0487350423159667,0.050921173749850536,Time limit reached,23890
