seed,dimension,p,k,time,solution,dual_gap,rel_dual_gap,termination,ncalls
3,24,120,5.0,1800.023,4.032486122240251,0.11660154248264254,0.029776552425827656,Time limit reached,281453
