seed,dimension,p,k,time,solution,dual_gap,rel_dual_gap,termination,ncalls
3,22,110,5.0,246.468,3.5577863670987497,0.027289395877443834,0.007729618832672048,OPTIMAL,41541
