seed,dimension,p,k,time,solution,dual_gap,rel_dual_gap,termination,ncalls
5,29,145,6.0,36.618,6.393902999859767,0.06325024768184306,0.00999110994677179,OPTIMAL,7865
