seed,dimension,p,k,time,solution,dual_gap,rel_dual_gap,termination,ncalls
2,23,115,5.0,2442.305,2.149508807356191,0.021264617589945356,0.009991624876598836,OPTIMAL,321259
