seed,dimension,p,k,time,solution,dual_gap,rel_dual_gap,termination,ncalls
2,19,95,4.0,237.444,2.098437741911695,0.02075794824287236,0.009990927527007143,OPTIMAL,36442
