seed,dimension,p,k,time,solution,dual_gap,rel_dual_gap,termination,ncalls
4,27,135,6.0,36.802,5.075591656149386,0.049466308164730854,0.009841837347842022,OPTIMAL,4989
