seed,dimension,p,k,time,solution,dual_gap,rel_dual_gap,termination,ncalls
5,26,130,6.0,26.363,5.876645371520513,0.05733738280975054,0.009852955526839772,OPTIMAL,5743
