seed,dimension,p,k,time,solution,dual_gap,rel_dual_gap,termination,ncalls
2,17,85,4.0,261.591,1.9730825424630343,0.019345108569151837,0.009901590783668512,OPTIMAL,48728
