seed,dimension,p,k,time,solution,dual_gap,rel_dual_gap,termination,ncalls
5,29,145,6.0,39.357,6.393902999859767,0.06308477376969712,0.009964710961012452,OPTIMAL,8663
