seed,dimension,time,solution,dual_gap,rel_dual_gap,termination,ncalls
4,110,246.178,-0.2398344331703678,0.0004871495725880248,0.002031191126930366,OPTIMAL,51173
