seed,dimension,p,k,time,solution,dual_gap,rel_dual_gap,termination,ncalls
3,28,140,6.0,1670.587,4.363373393383866,0.04319796797759157,0.009999123582702473,OPTIMAL,332026
