seed,dimension,p,k,time,solution,dual_gap,rel_dual_gap,termination,ncalls
5,29,145,6.0,56.886,6.393902999859767,0.06311929814541362,0.00997021871531026,OPTIMAL,8413
