seed,dimension,time,solution,dual_gap,rel_dual_gap,termination,ncalls
10,105,13.725,-0.20402179611238647,0.0003350645222991444,0.001642297679384081,OPTIMAL,3507
