seed,dimension,p,k,time,solution,dual_gap,rel_dual_gap,termination,ncalls
3,24,120,5.0,2780.738,4.032486027759986,0.039922588781780455,0.009999237179809876,OPTIMAL,499678
