seed,dimension,time,solution,dual_gap,rel_dual_gap,termination,ncalls
2,35,3.965,-0.26159128979032226,0.000896947572344986,0.003428812836482177,OPTIMAL,549
