seed,dimension,p,k,time,solution,dual_gap,rel_dual_gap,termination,ncalls
1,20,100,4.0,37.135,2.274969426057991,0.02195162808976736,0.0097432111320041,OPTIMAL,3121
