seed,dimension,p,k,time,solution,dual_gap,rel_dual_gap,termination,ncalls
2,25,125,5.0,1800.02,1.8317047966439137,0.03097116791580401,0.017199194495900818,Time limit reached,239274
