seed,dimension,p,k,time,solution,dual_gap,rel_dual_gap,termination,ncalls
2,16,80,4.0,55.832,1.5377815557830616,0.015171879078755612,0.009964391604022377,OPTIMAL,12704
