seed,dimension,time,solution,dual_gap,rel_dual_gap,termination,ncalls
9,75,86.191,18.2335206761404,0.1756194261695896,0.009725350899782634,OPTIMAL,18154
