seed,dimension,p,k,time,solution,dual_gap,rel_dual_gap,termination,ncalls
2,30,150,6.0,1800.034,2.43230540371428,0.5238599394116965,0.2744956296684822,Time limit reached,203646
