seed,dimension,p,k,time,solution,dual_gap,rel_dual_gap,termination,ncalls
4,25,125,5.0,9.908,4.560058701673463,0.04475737773908861,0.00991237893733515,OPTIMAL,664
