seed,dimension,p,k,Ns,time,solution,dual_gap,rel_dual_gap,termination,ncalls
6,50,50,25.0,5.0,1800.018,1.0000000000000004,0.3845651138896127,0.6248672647078947,Time limit reached,74763
