seed,dimension,p,k,time,solution,dual_gap,rel_dual_gap,termination,ncalls
2,29,145,6.0,1800.024,2.042426380890373,0.12211877144813221,0.06359333830042052,Time limit reached,214509
