seed,dimension,p,k,time,solution,dual_gap,rel_dual_gap,termination,ncalls
3,26,130,6.0,1800.016,4.057720933359512,0.197579551777606,0.05118453762349939,Time limit reached,257401
