seed,dimension,p,k,time,solution,dual_gap,rel_dual_gap,termination,ncalls
3,26,130,6.0,1800.01,4.057720933359512,0.19024484524024654,0.04919095578242131,Time limit reached,265440
