seed,dimension,p,k,time,solution,dual_gap,rel_dual_gap,termination,ncalls
5,29,145,6.0,40.518,6.393902999859767,0.06309559214876082,0.009966436835830697,OPTIMAL,8919
