seed,dimension,p,k,Ns,time,solution,dual_gap,rel_dual_gap,termination,ncalls
6,70,70,35.0,0.1,1800.015,0.97846880551169,0.20506963483156893,0.26515367821151437,Time limit reached,30649
