seed,dimension,p,k,Ns,time,solution,dual_gap,rel_dual_gap,termination,ncalls
6,50,50,25.0,0.1,1800.013,0.9198980856489041,0.03707023724267888,0.041990335159456084,Time limit reached,67553
