seed,dimension,p,k,time,solution,dual_gap,rel_dual_gap,termination,ncalls
4,28,140,6.0,18.639,5.8042455912059845,0.056380572019476105,0.00980895894932752,OPTIMAL,3882
