seed,dimension,p,k,time,solution,dual_gap,rel_dual_gap,termination,ncalls
2,28,140,6.0,1800.129,1.815333424646909,0.3115219449956894,0.20715491882529116,Time limit reached,244637
