seed,dimension,p,k,time,solution,dual_gap,rel_dual_gap,termination,ncalls
1,18,90,4.0,19.252,2.1566595398692447,0.021328158509691164,0.009988219484748847,OPTIMAL,1123
