seed,dimension,p,k,time,solution,dual_gap,rel_dual_gap,termination,ncalls
1,20,100,4.0,29.135,2.274969426057991,0.02229175260281835,0.009895668992282905,OPTIMAL,4002
