seed,dimension,p,k,time,solution,dual_gap,rel_dual_gap,termination,ncalls
3,24,120,5.0,1800.013,4.032486027835975,0.1391314828307828,0.03573563137456244,Time limit reached,270766
