seed,dimension,p,k,time,solution,dual_gap,rel_dual_gap,termination,ncalls
1,25,125,5.0,90.363,1.918574585754522,0.018974885036986633,0.009988886095222721,OPTIMAL,12475
