seed,dimension,p,k,Ns,time,solution,dual_gap,rel_dual_gap,termination,ncalls
10,70,70,35.0,1.0,1800.024,0.9999999999999983,0.020900038635402685,0.021346174507323835,Time limit reached,37013
