seed,dimension,p,k,time,solution,dual_gap,rel_dual_gap,termination,ncalls
2,27,135,6.0,1800.023,1.9958723003315462,0.15949121360643082,0.08685082565888176,Time limit reached,246742
