seed,dimension,p,k,time,solution,dual_gap,rel_dual_gap,termination,ncalls
4,24,120,5.0,13.191,5.14765880456751,0.04520805502671621,0.008860066906238107,OPTIMAL,1430
