seed,dimension,p,k,time,solution,dual_gap,rel_dual_gap,termination,ncalls
3,19,95,4.0,323.405,3.632956866161044,0.0359343284082656,0.009990020365764902,OPTIMAL,60944
