seed,dimension,p,k,time,solution,dual_gap,rel_dual_gap,termination,ncalls
3,15,75,3.0,21.764,3.3580743194150378,0.03225363614000676,0.009697948028949558,OPTIMAL,5244
