seed,dimension,p,k,time,solution,dual_gap,rel_dual_gap,termination,ncalls
5,18,90,4.0,12.839,4.646806399110294,0.04439164911292792,0.009645295247012088,OPTIMAL,918
