seed,dimension,p,k,time,solution,dual_gap,rel_dual_gap,termination,ncalls
2,21,105,5.0,2935.766,2.033418409196724,0.02013248091004094,0.009999812062052105,OPTIMAL,427774
