seed,dimension,p,k,time,solution,dual_gap,rel_dual_gap,termination,ncalls
3,29,145,6.0,1800.01,4.6434855914450495,0.13976006114479844,0.031032100025749354,Time limit reached,244002
