seed,dimension,p,k,time,solution,dual_gap,rel_dual_gap,termination,ncalls
3,24,120,5.0,1800.009,4.032486941571729,0.11449920489340482,0.029223982459546292,Time limit reached,277261
