seed,dimension,p,k,time,solution,dual_gap,rel_dual_gap,termination,ncalls
3,29,145,6.0,1800.011,4.6434855914450495,0.14827380093943798,0.03298483093780115,Time limit reached,241462
