seed,dimension,p,k,time,solution,dual_gap,rel_dual_gap,termination,ncalls
4,24,120,5.0,14.889,5.14765880456751,0.04538554409067608,0.008895161386639367,OPTIMAL,1076
