seed,dimension,p,k,Ns,time,solution,dual_gap,rel_dual_gap,termination,ncalls
10,90,90,45.0,10.0,1800.041,0.9999999999999984,0.9933668885111195,149.75881080494395,Time limit reached,18453
