seed,dimension,p,k,time,solution,dual_gap,rel_dual_gap,termination,ncalls
9,27,135,6.0,0.909,3.3356267696550654,0.03257584885581144,0.00986235139479137,OPTIMAL,215
