seed,dimension,p,k,time,solution,dual_gap,rel_dual_gap,termination,ncalls
3,23,115,5.0,804.272,4.014525717592983,0.03974634015363998,0.009999634288946525,OPTIMAL,122319
