seed,dimension,p,k,time,solution,dual_gap,rel_dual_gap,termination,ncalls
1,23,115,5.0,25.896,1.8673957031119208,0.01798139828461154,0.009722752894079386,OPTIMAL,3213
