seed,dimension,p,k,Ns,time,solution,dual_gap,rel_dual_gap,termination,ncalls
8,70,70,35.0,5.0,1800.025,0.9999999999999983,0.19159293319818704,0.23700056699919705,Time limit reached,35687
