seed,dimension,p,k,time,solution,dual_gap,rel_dual_gap,termination,ncalls
4,24,120,5.0,14.497,5.14765880456751,0.0452184460629077,0.008862121433235155,OPTIMAL,1251
