seed,dimension,p,k,time,solution,dual_gap,rel_dual_gap,termination,ncalls
2,20,100,4.0,97.012,1.7116318741276688,0.01679195337505912,0.009907692856091386,OPTIMAL,14515
