seed,dimension,p,k,time,solution,dual_gap,rel_dual_gap,termination,ncalls
2,16,80,4.0,102.546,1.5377815557830616,0.014992500835133704,0.009845421981737566,OPTIMAL,15351
