seed,dimension,p,k,time,solution,dual_gap,rel_dual_gap,termination,ncalls
5,22,110,5.0,8.648,5.183929732888859,0.04925751760102681,0.00959311822366554,OPTIMAL,1200
