seed,n0,m0,M,time,solution,dual_gap,rel_dual_gap,termination,ncalls
2,2,19,20.0,0.053,2.8257415463844584,7.264414758623161e-8,2.5707994967450336e-8,OPTIMAL,16
