seed,dimension,p,k,time,solution,dual_gap,rel_dual_gap,termination,ncalls
3,23,115,5.0,1044.49,4.014525717592983,0.03970040437224531,0.009987962047085965,OPTIMAL,160818
