seed,dimension,p,k,time,solution,dual_gap,rel_dual_gap,termination,ncalls
3,27,135,6.0,1535.232,4.457530395820922,0.04412834839941393,0.009998714806686496,OPTIMAL,261526
