seed,dimension,time,solution,dual_gap,rel_dual_gap,termination,ncalls
7,70,7.257,0.1538388522513297,0.002271926513788325,0.014989592899195388,OPTIMAL,1736
