seed,dimension,p,k,time,solution,dual_gap,rel_dual_gap,termination,ncalls
5,29,145,6.0,36.405,6.393902999859767,0.06311637944519699,0.009969753085922808,OPTIMAL,8115
