seed,dimension,p,k,time,solution,dual_gap,rel_dual_gap,termination,ncalls
1,15,75,3.0,4.946,2.2335078624459115,0.021654136378047806,0.009790039966405725,OPTIMAL,207
