seed,dimension,p,k,time,solution,dual_gap,rel_dual_gap,termination,ncalls
5,24,120,5.0,31.499,5.482109670783845,0.05389275434758023,0.00992826100673993,OPTIMAL,3971
