seed,dimension,p,k,time,solution,dual_gap,rel_dual_gap,termination,ncalls
3,26,130,6.0,1800.013,4.057720933359512,0.1818435608969855,0.04691674772503232,Time limit reached,251286
