seed,dimension,p,k,time,solution,dual_gap,rel_dual_gap,termination,ncalls
2,22,110,5.0,1800.017,2.0697385136097024,0.04717560544897603,0.02332466656964281,Time limit reached,293951
