seed,dimension,p,k,time,solution,dual_gap,rel_dual_gap,termination,ncalls
5,25,125,5.0,52.507,6.0413347760572425,0.05950479871609815,0.009947591112000706,OPTIMAL,5313
