seed,dimension,p,k,time,solution,dual_gap,rel_dual_gap,termination,ncalls
3,18,90,4.0,175.412,3.2649714704686863,0.03216384436570685,0.009949198370482403,OPTIMAL,20129
