seed,dimension,p,k,time,solution,dual_gap,rel_dual_gap,termination,ncalls
2,28,140,6.0,1800.019,1.9495269184815265,0.4332726752495031,0.28575199521021355,Time limit reached,234159
