seed,dimension,p,k,time,solution,dual_gap,rel_dual_gap,termination,ncalls
3,21,105,5.0,203.431,3.718586133585336,0.03679669021122001,0.009994240783497461,OPTIMAL,28297
