seed,dimension,p,k,time,solution,dual_gap,rel_dual_gap,termination,ncalls
3,22,110,5.0,356.913,3.5577863670987497,0.027371676726388294,0.007753105265801321,OPTIMAL,53046
