seed,dimension,p,k,time,solution,dual_gap,rel_dual_gap,termination,ncalls
1,28,140,6.0,827.874,2.2624477871867006,0.022355504076955413,0.009979724605774282,OPTIMAL,85722
