seed,dimension,p,k,time,solution,dual_gap,rel_dual_gap,termination,ncalls
3,24,120,5.0,1800.007,4.0324860363631565,0.11627237652930322,0.029689998204601564,Time limit reached,286802
