seed,dimension,p,k,time,solution,dual_gap,rel_dual_gap,termination,ncalls
1,26,130,6.0,870.264,1.8799554877600944,0.018608143711387415,0.009997136628412373,OPTIMAL,125975
