seed,dimension,p,k,Ns,time,solution,dual_gap,rel_dual_gap,termination,ncalls
6,90,90,45.0,0.1,1800.027,0.849446359679231,0.109641355931133,0.14820304725657904,Time limit reached,22728
