seed,dimension,var_A,p,k,M,time,solution,dual_gap,rel_dual_gap,termination,ncalls
7,20,1,100,20.0,1.0,1800.196,0.6380706016868677,0.027973934514084697,0.04585164289409618,Time limit reached,241024
