seed,dimension,p,k,time,solution,dual_gap,rel_dual_gap,termination,ncalls
5,21,105,5.0,15.069,5.48922185529245,0.054184906744381145,0.009969556280359098,OPTIMAL,3327
