seed,dimension,p,k,time,solution,dual_gap,rel_dual_gap,termination,ncalls
5,26,130,6.0,57.7,5.876645371520513,0.05734421220432573,0.009854140666448017,OPTIMAL,5447
