seed,dimension,p,k,time,solution,dual_gap,rel_dual_gap,termination,ncalls
5,23,115,5.0,16.021,5.519353385927931,0.052737153350560284,0.00964712924903749,OPTIMAL,1676
