seed,dimension,p,k,time,solution,dual_gap,rel_dual_gap,termination,ncalls
2,15,75,3.0,9.842,1.5912331179212327,0.015145231232684075,0.00960938242124624,OPTIMAL,1704
