seed,dimension,time,solution,dual_gap,rel_dual_gap,termination,ncalls
8,75,8.695,-0.3677271054775756,0.0030147513025500228,0.008198338544107855,OPTIMAL,1570
