seed,dimension,time,solution,dual_gap,rel_dual_gap,termination,ncalls
1,105,17.469,-0.09952198720712085,2.9827347072297616e-5,0.00029970610424229406,OPTIMAL,3387
