seed,dimension,p,k,time,solution,dual_gap,rel_dual_gap,termination,ncalls
3,18,90,4.0,173.93,3.2649714704686863,0.032191958881650606,0.009957981596414825,OPTIMAL,20505
