seed,dimension,time,solution,dual_gap,rel_dual_gap,termination,ncalls
4,100,23.653,-0.5055937515283255,0.0046897409454002,0.009275709858406865,OPTIMAL,7364
