seed,dimension,p,k,time,solution,dual_gap,rel_dual_gap,termination,ncalls
2,21,105,5.0,2519.66,2.033418409196724,0.020126463053178334,0.009996793108784105,OPTIMAL,359795
