seed,dimension,p,k,time,solution,dual_gap,rel_dual_gap,termination,ncalls
1,21,105,5.0,50.124,1.76179412811448,0.017300451481848445,0.009917176378216075,OPTIMAL,6201
