seed,dimension,p,k,time,solution,dual_gap,rel_dual_gap,termination,ncalls
1,29,145,6.0,565.736,2.0679355565145663,0.0203904949193654,0.00995850850944378,OPTIMAL,71655
