seed,dimension,p,k,time,solution,dual_gap,rel_dual_gap,termination,ncalls
3,23,115,5.0,1272.991,4.014525717592983,0.03972675884240351,0.009994658661904007,OPTIMAL,178879
