seed,dimension,p,k,time,solution,dual_gap,rel_dual_gap,termination,ncalls
1,26,130,6.0,1221.929,1.8799554877600944,0.018608056301772313,0.009997089198545453,OPTIMAL,122614
