seed,dimension,p,k,time,solution,dual_gap,rel_dual_gap,termination,ncalls
3,22,110,5.0,278.364,3.5657132968055762,0.03523000220462791,0.009978804391598166,OPTIMAL,44169
