seed,dimension,time,solution,dual_gap,rel_dual_gap,termination,ncalls
1,110,1800.007,-47.4144288969358,3.163857790775566,0.06672774225864467,Time limit reached,382585
