seed,dimension,time,solution,dual_gap,rel_dual_gap,termination,ncalls
1,100,202.449,-0.823819946875998,0.008212160916514222,0.00996839290873631,OPTIMAL,34775
