seed,dimension,p,k,time,solution,dual_gap,rel_dual_gap,termination,ncalls
5,24,120,5.0,35.414,5.482109670783845,0.05382167830098705,0.00991503737007318,OPTIMAL,3829
