seed,dimension,p,k,time,solution,dual_gap,rel_dual_gap,termination,ncalls
3,16,80,4.0,101.462,3.048834351864469,0.03013666679057536,0.009983333852736451,OPTIMAL,28538
