seed,dimension,p,k,time,solution,dual_gap,rel_dual_gap,termination,ncalls
2,15,75,3.0,12.657,1.5912331179212327,0.014808196348059521,0.00939353098610105,OPTIMAL,2156
