seed,dimension,p,k,time,solution,dual_gap,rel_dual_gap,termination,ncalls
3,19,95,4.0,322.486,3.632956866161044,0.03596610114808785,0.009998941753735167,OPTIMAL,52912
