seed,dimension,p,k,time,solution,dual_gap,rel_dual_gap,termination,ncalls
2,27,135,6.0,1800.017,2.2484432009967756,0.437725653429452,0.24174154274780787,Time limit reached,222508
