seed,dimension,p,k,time,solution,dual_gap,rel_dual_gap,termination,ncalls
3,20,100,4.0,171.014,3.4232738207320144,0.03352765727324192,0.009890904998925207,OPTIMAL,31494
