seed,dimension,p,k,time,solution,dual_gap,rel_dual_gap,termination,ncalls
2,16,80,4.0,89.069,1.5377815559429602,0.014963687324160535,0.009826314513719651,OPTIMAL,16863
