seed,dimension,p,k,time,solution,dual_gap,rel_dual_gap,termination,ncalls
2,29,145,6.0,1800.021,2.042426881292828,0.11888278526212082,0.06180403428621113,Time limit reached,212300
