seed,dimension,p,k,time,solution,dual_gap,rel_dual_gap,termination,ncalls
1,20,100,4.0,22.413,2.274969426057991,0.022441250455952577,0.00996269467304428,OPTIMAL,2839
