seed,dimension,p,k,time,solution,dual_gap,rel_dual_gap,termination,ncalls
2,21,105,5.0,2827.373,2.033418409196724,0.020128861446766066,0.009997996298774799,OPTIMAL,417589
