seed,dimension,p,k,time,solution,dual_gap,rel_dual_gap,termination,ncalls
4,24,120,5.0,18.007,5.14765880456751,0.04521615575003235,0.008861668589359151,OPTIMAL,1350
