seed,dimension,p,k,time,solution,dual_gap,rel_dual_gap,termination,ncalls
2,24,120,5.0,1634.885,1.6462737366951576,0.01626917260779326,0.009981059541942037,OPTIMAL,216811
