seed,dimension,time,solution,dual_gap,rel_dual_gap,termination,ncalls
1,65,111.546,14.605036632131924,0.14167159883386304,0.009795203156921074,OPTIMAL,20508
