seed,dimension,p,k,time,solution,dual_gap,rel_dual_gap,termination,ncalls
4,15,75,3.0,6.249,5.039099478655551,0.04905406297126724,0.009830384071672917,OPTIMAL,627
