seed,dimension,p,k,time,solution,dual_gap,rel_dual_gap,termination,ncalls
3,30,150,6.0,1800.013,4.319300767044491,0.20648152060792935,0.050204375207305675,Time limit reached,151076
