seed,dimension,p,k,time,solution,dual_gap,rel_dual_gap,termination,ncalls
3,23,115,5.0,962.468,4.014525717592983,0.039731448481251874,0.009995850298468624,OPTIMAL,170657
