seed,dimension,p,k,time,solution,dual_gap,rel_dual_gap,termination,ncalls
3,29,145,6.0,1800.014,4.6434855914450495,0.17152944418125493,0.03835669191125828,Time limit reached,234092
