seed,dimension,p,k,time,solution,dual_gap,rel_dual_gap,termination,ncalls
5,21,105,5.0,14.723,5.48922185529245,0.0538705576415941,0.009911145515999455,OPTIMAL,3161
