seed,dimension,p,k,time,solution,dual_gap,rel_dual_gap,termination,ncalls
2,21,105,5.0,1800.009,2.0334184126664314,0.032666080809266695,0.0163268987815923,Time limit reached,320773
