seed,dimension,p,k,Ns,time,solution,dual_gap,rel_dual_gap,termination,ncalls
10,70,70,35.0,5.0,1800.023,0.9999999999999983,0.020942079569563732,0.021390031307194492,Time limit reached,29011
