seed,dimension,p,k,time,solution,dual_gap,rel_dual_gap,termination,ncalls
2,27,135,6.0,1800.014,2.2484432009967756,0.42152019931813234,0.2307268554453714,Time limit reached,246889
