seed,dimension,p,k,time,solution,dual_gap,rel_dual_gap,termination,ncalls
2,19,95,4.0,278.649,2.098437741911695,0.020719168596234017,0.009972076518126316,OPTIMAL,48079
