seed,dimension,p,k,time,solution,dual_gap,rel_dual_gap,termination,ncalls
2,30,150,6.0,1800.022,2.436515331153286,0.5214750325915032,0.2723049916929356,Time limit reached,206670
