seed,dimension,p,k,time,solution,dual_gap,rel_dual_gap,termination,ncalls
3,29,145,6.0,1800.004,4.6434855914450495,0.14610621537585722,0.03248696699978138,Time limit reached,240575
