seed,dimension,p,k,Ns,time,solution,dual_gap,rel_dual_gap,termination,ncalls
4,70,70,35.0,5.0,1800.013,0.9999999999999983,0.5264643809668763,1.1117735600160887,Time limit reached,40895
