seed,dimension,p,k,time,solution,dual_gap,rel_dual_gap,termination,ncalls
2,29,145,6.0,1800.022,2.042426906439225,0.11611790966043722,0.060280001731088786,Time limit reached,210196
