seed,dimension,p,k,time,solution,dual_gap,rel_dual_gap,termination,ncalls
2,30,150,6.0,1800.024,2.443866841233342,0.5516882554506499,0.2915624664584428,Time limit reached,138257
