seed,dimension,p,k,time,solution,dual_gap,rel_dual_gap,termination,ncalls
1,30,150,6.0,145.283,2.0182483059101366,0.019927067832853806,0.009971904142912958,OPTIMAL,29113
