seed,dimension,p,k,time,solution,dual_gap,rel_dual_gap,termination,ncalls
4,29,145,6.0,21.2,5.469267654536534,0.05099939705673151,0.009412490233632848,OPTIMAL,2315
