seed,dimension,p,k,time,solution,dual_gap,rel_dual_gap,termination,ncalls
5,23,115,5.0,11.008,5.519353385927931,0.054607822067256784,0.009992747407745374,OPTIMAL,1869
