seed,dimension,p,k,time,solution,dual_gap,rel_dual_gap,termination,ncalls
1,25,125,5.0,80.797,1.918574585754522,0.01884294791834784,0.009918741964949466,OPTIMAL,10867
