seed,dimension,p,k,Ns,time,solution,dual_gap,rel_dual_gap,termination,ncalls
2,70,70,35.0,1.0,1800.025,0.9999999999999983,0.7517184644027171,3.027685738266186,Time limit reached,24990
