seed,dimension,p,k,time,solution,dual_gap,rel_dual_gap,termination,ncalls
4,25,125,5.0,7.373,4.560058701673463,0.04319809490949034,0.009563743199159487,OPTIMAL,718
