seed,dimension,p,k,time,solution,dual_gap,rel_dual_gap,termination,ncalls
2,18,90,4.0,120.591,1.9086196178938604,0.018757033515035104,0.009925077976608713,OPTIMAL,19267
