seed,dimension,p,k,time,solution,dual_gap,rel_dual_gap,termination,ncalls
2,21,105,5.0,1800.001,2.0334207490566154,0.021613862039723486,0.010743507331249139,Time limit reached,313113
