seed,dimension,p,k,time,solution,dual_gap,rel_dual_gap,termination,ncalls
3,23,115,5.0,1060.032,4.014525717592983,0.03973100954573283,0.009995738764896366,OPTIMAL,167451
