seed,dimension,p,k,time,solution,dual_gap,rel_dual_gap,termination,ncalls
1,22,110,5.0,10.246,1.930455938957835,0.01864462172927861,0.009752333591322522,OPTIMAL,1411
