seed,dimension,p,k,time,solution,dual_gap,rel_dual_gap,termination,ncalls
4,20,100,4.0,27.654,5.58043616690493,0.05287405964504899,0.009565529725229931,OPTIMAL,4204
