seed,dimension,p,k,time,solution,dual_gap,rel_dual_gap,termination,ncalls
4,19,95,4.0,8.429,4.659490245415256,0.045133703086346344,0.009781147744505876,OPTIMAL,1071
