seed,dimension,p,k,time,solution,dual_gap,rel_dual_gap,termination,ncalls
2,23,115,5.0,1674.381,2.1495094475962206,0.02127688442894682,0.009997443323243855,OPTIMAL,250462
