seed,dimension,p,k,time,solution,dual_gap,rel_dual_gap,termination,ncalls
2,26,130,6.0,1800.018,1.7310613963210044,0.08535630642978265,0.05186610101292483,Time limit reached,220537
