seed,dimension,p,k,time,solution,dual_gap,rel_dual_gap,termination,ncalls
2,19,95,4.0,303.555,2.098437741911695,0.020719067604873853,0.009972027426564981,OPTIMAL,50177
