seed,dimension,p,k,time,solution,dual_gap,rel_dual_gap,termination,ncalls
1,22,110,5.0,11.083,1.930455938957835,0.018652337862564927,0.009756409001363438,OPTIMAL,1631
