seed,dimension,p,k,time,solution,dual_gap,rel_dual_gap,termination,ncalls
1,23,115,5.0,38.308,1.8673957031119208,0.018357978590655577,0.009928395914912253,OPTIMAL,3762
