seed,dimension,p,k,time,solution,dual_gap,rel_dual_gap,termination,ncalls
1,30,150,6.0,160.27,2.0182483059101366,0.019890680288596307,0.009953513842353316,OPTIMAL,32228
