seed,dimension,p,k,time,solution,dual_gap,rel_dual_gap,termination,ncalls
1,15,75,3.0,9.737,2.2335078624459115,0.021396166188638155,0.009672281117105823,OPTIMAL,199
