seed,dimension,p,k,time,solution,dual_gap,rel_dual_gap,termination,ncalls
2,20,100,4.0,145.289,1.7116317565128987,0.016791761612800826,0.009907579277883759,OPTIMAL,14718
