seed,dimension,p,k,time,solution,dual_gap,rel_dual_gap,termination,ncalls
5,15,75,3.0,4.871,3.5392833726599346,0.0192952118025298,0.005481612698898918,OPTIMAL,114
