seed,dimension,p,k,time,solution,dual_gap,rel_dual_gap,termination,ncalls
3,25,125,5.0,386.958,4.453860581740739,0.04406139914024987,0.009991701960964708,OPTIMAL,94374
