seed,dimension,p,k,time,solution,dual_gap,rel_dual_gap,termination,ncalls
4,24,120,5.0,8.888,5.14765880456751,0.04568701562126698,0.008954776214217981,OPTIMAL,1024
