seed,dimension,p,k,time,solution,dual_gap,rel_dual_gap,termination,ncalls
3,18,90,4.0,175.335,3.2649714704686863,0.0322366573656887,0.009971946116652166,OPTIMAL,24365
