seed,dimension,p,k,Ns,time,solution,dual_gap,rel_dual_gap,termination,ncalls
2,70,70,35.0,5.0,1800.014,0.9999999999999983,0.7516771288588513,3.027015294260177,Time limit reached,42084
