seed,dimension,p,k,time,solution,dual_gap,rel_dual_gap,termination,ncalls
2,25,125,5.0,1470.104,1.831707268456281,0.01813020978489077,0.00999693379346825,OPTIMAL,203552
