seed,dimension,time,solution,dual_gap,rel_dual_gap,termination,ncalls
2,55,133.158,-0.9085693083465598,0.008602256271606157,0.009467914216980086,OPTIMAL,40963
