seed,dimension,p,k,time,solution,dual_gap,rel_dual_gap,termination,ncalls
1,21,105,5.0,39.904,1.761794051506944,0.017108464426662806,0.00980604445486003,OPTIMAL,5162
