seed,dimension,p,k,time,solution,dual_gap,rel_dual_gap,termination,ncalls
5,18,90,4.0,12.625,4.646806399110294,0.04457489468647591,0.009685495969428968,OPTIMAL,882
