seed,dimension,p,k,time,solution,dual_gap,rel_dual_gap,termination,ncalls
3,28,140,6.0,1800.008,4.363373393383866,0.05071609406425459,0.011759824754045687,Time limit reached,273380
