seed,dimension,p,k,time,solution,dual_gap,rel_dual_gap,termination,ncalls
5,16,80,4.0,5.175,3.9792937790149603,0.03658216875608211,0.009278428749618877,OPTIMAL,200
