seed,dimension,p,k,time,solution,dual_gap,rel_dual_gap,termination,ncalls
3,15,75,3.0,33.508,3.3580743194150378,0.03296216821799636,0.009913099684812125,OPTIMAL,6658
