seed,dimension,p,k,time,solution,dual_gap,rel_dual_gap,termination,ncalls
5,21,105,5.0,17.235,5.48922185529245,0.05326285947929055,0.009798245262761223,OPTIMAL,4027
