seed,dimension,p,k,time,solution,dual_gap,rel_dual_gap,termination,ncalls
1,28,140,6.0,353.785,2.262447787186701,0.022364048591589913,0.009983577045033026,OPTIMAL,80555
