seed,dimension,p,k,time,solution,dual_gap,rel_dual_gap,termination,ncalls
3,27,135,6.0,1787.661,4.457530395820922,0.0441286368779954,0.009998780824468798,OPTIMAL,257293
