seed,dimension,p,k,time,solution,dual_gap,rel_dual_gap,termination,ncalls
2,21,105,5.0,2711.966,2.033418409196724,0.02012400386201829,0.009995559421759146,OPTIMAL,384570
