seed,dimension,p,k,time,solution,dual_gap,rel_dual_gap,termination,ncalls
1,21,105,5.0,37.918,1.7617940912228212,0.017171018177311037,0.009842250995417802,OPTIMAL,5394
