seed,dimension,p,k,time,solution,dual_gap,rel_dual_gap,termination,ncalls
3,18,90,4.0,127.841,3.2649714704686863,0.03227411635622213,0.009983649200926504,OPTIMAL,21025
