seed,dimension,p,k,time,solution,dual_gap,rel_dual_gap,termination,ncalls
4,19,95,4.0,15.978,4.659490245415256,0.04514010877629726,0.009782549533438052,OPTIMAL,1051
