seed,dimension,p,k,time,solution,dual_gap,rel_dual_gap,termination,ncalls
1,22,110,5.0,9.844,1.930455938957835,0.017934698582068753,0.009377516026198485,OPTIMAL,1326
