seed,dimension,p,k,time,solution,dual_gap,rel_dual_gap,termination,ncalls
3,26,130,6.0,1800.012,4.057720933359512,0.17390145641333143,0.0447758855543072,Time limit reached,268217
