seed,dimension,p,k,time,solution,dual_gap,rel_dual_gap,termination,ncalls
2,17,85,4.0,173.658,1.9730825424630343,0.019495737770941934,0.009979458155694641,OPTIMAL,27978
