seed,dimension,p,k,time,solution,dual_gap,rel_dual_gap,termination,ncalls
4,24,120,5.0,16.535,5.14765880456751,0.04545275817276995,0.00890845210080985,OPTIMAL,1127
