seed,dimension,p,k,time,solution,dual_gap,rel_dual_gap,termination,ncalls
3,16,80,4.0,177.996,3.048834351864469,0.030125407919711744,0.009979566920534172,OPTIMAL,31665
