seed,dimension,p,k,time,solution,dual_gap,rel_dual_gap,termination,ncalls
2,25,125,5.0,1800.011,1.8317049331241209,0.025271928069267702,0.013989961431478777,Time limit reached,243726
