seed,dimension,p,k,time,solution,dual_gap,rel_dual_gap,termination,ncalls
3,19,95,4.0,360.727,3.632956866161044,0.03593419532530229,0.009989982998064686,OPTIMAL,59973
