seed,dimension,var_A,p,k,M,time,solution,dual_gap,rel_dual_gap,termination,ncalls
3,20,1,100,20.0,0.1,1800.017,0.6931471805599454,0.09102221714277159,0.15116831666669853,Time limit reached,364819
