seed,dimension,p,k,time,solution,dual_gap,rel_dual_gap,termination,ncalls
3,18,90,4.0,190.636,3.2649714704686863,0.03228030311712926,0.009985582119053923,OPTIMAL,22262
