seed,dimension,p,k,time,solution,dual_gap,rel_dual_gap,termination,ncalls
3,21,105,5.0,200.388,3.718586133585336,0.03679684191746002,0.009994282399792304,OPTIMAL,28597
