seed,dimension,p,k,Ns,time,solution,dual_gap,rel_dual_gap,termination,ncalls
1,70,70,35.0,0.1,1800.016,0.5123950966645312,0.09489239530082971,0.22728570375923285,Time limit reached,22075
