seed,dimension,p,k,time,solution,dual_gap,rel_dual_gap,termination,ncalls
3,15,75,3.0,23.652,3.3580743194150378,0.033225082130496464,0.009992959006355407,OPTIMAL,5883
