seed,dimension,p,k,Ns,time,solution,dual_gap,rel_dual_gap,termination,ncalls
4,90,90,45.0,1.0,1800.021,-0.1419570710066267,1.4605476744490538,10.288657437718436,Time limit reached,16640
