seed,dimension,p,k,time,solution,dual_gap,rel_dual_gap,termination,ncalls
1,16,80,4.0,27.534,2.250303004538984,0.022261064444524248,0.009991313019709347,OPTIMAL,6696
