seed,dimension,p,k,time,solution,dual_gap,rel_dual_gap,termination,ncalls
1,20,100,4.0,26.963,2.274969426057991,0.02252211030462048,0.009998950984159895,OPTIMAL,3637
