seed,dimension,p,k,time,solution,dual_gap,rel_dual_gap,termination,ncalls
1,20,100,4.0,41.928,2.274969426057991,0.022346714457758043,0.009920309487549841,OPTIMAL,3850
