seed,dimension,p,k,time,solution,dual_gap,rel_dual_gap,termination,ncalls
4,23,115,5.0,7.378,5.266123075399722,0.05158108428895414,0.009891776569617127,OPTIMAL,819
