seed,dimension,p,k,time,solution,dual_gap,rel_dual_gap,termination,ncalls
3,27,135,6.0,1023.383,4.457526586478268,0.04409387396352038,0.009990834082161854,OPTIMAL,172831
