seed,dimension,p,k,time,solution,dual_gap,rel_dual_gap,termination,ncalls
2,18,90,4.0,197.206,1.9086114227602864,0.018892148797188923,0.009997330850930321,OPTIMAL,26598
