seed,dimension,p,k,Ns,time,solution,dual_gap,rel_dual_gap,termination,ncalls
10,90,90,45.0,5.0,1800.029,0.9999999999999984,0.9934419914816238,151.48531580862303,Time limit reached,20506
