seed,dimension,time,solution,dual_gap,rel_dual_gap,termination,ncalls
4,45,42.235,-11.147038965768303,0.10296540168085855,0.009237018189050684,OPTIMAL,16991
