seed,dimension,p,k,time,solution,dual_gap,rel_dual_gap,termination,ncalls
5,21,105,5.0,14.713,5.48922185529245,0.05431427097568964,0.009993596051646141,OPTIMAL,3318
