seed,dimension,p,k,time,solution,dual_gap,rel_dual_gap,termination,ncalls
2,15,75,3.0,10.189,1.5912331179212327,0.015455359975266258,0.009808083593851706,OPTIMAL,1630
