seed,dimension,p,k,time,solution,dual_gap,rel_dual_gap,termination,ncalls
3,22,110,5.0,134.435,3.5577863670987497,0.027229439097039787,0.007712505322057393,OPTIMAL,41896
