seed,dimension,time,solution,dual_gap,rel_dual_gap,termination,ncalls
5,50,16.276,-2.0853444195339756,0.017925240263855446,0.008595817600174319,OPTIMAL,5121
