seed,dimension,p,k,time,solution,dual_gap,rel_dual_gap,termination,ncalls
4,27,135,6.0,48.186,5.075591656149386,0.0498097794064023,0.00991085180932725,OPTIMAL,7065
