seed,dimension,p,k,time,solution,dual_gap,rel_dual_gap,termination,ncalls
7,26,130,6.0,456.366,4.277812685027019,0.0423476189172316,0.009998339794153294,OPTIMAL,129864
