seed,dimension,p,k,time,solution,dual_gap,rel_dual_gap,termination,ncalls
2,22,110,5.0,2892.75,2.069724617321463,0.020488741538586375,0.009998234844858447,OPTIMAL,432200
