seed,dimension,p,k,time,solution,dual_gap,rel_dual_gap,termination,ncalls
2,23,115,5.0,1909.278,2.149508807356191,0.021277354035031504,0.009997669192336975,OPTIMAL,239036
