seed,dimension,p,k,time,solution,dual_gap,rel_dual_gap,termination,ncalls
1,30,150,6.0,146.603,2.0182483059101366,0.019953305571917435,0.009985165137549892,OPTIMAL,29044
