seed,dimension,p,k,time,solution,dual_gap,rel_dual_gap,termination,ncalls
5,19,95,4.0,14.555,5.052999834779796,0.04571885555784139,0.009130475351304394,OPTIMAL,820
