seed,dimension,p,k,time,solution,dual_gap,rel_dual_gap,termination,ncalls
1,20,100,4.0,34.814,2.274969426057991,0.02244125045595169,0.00996269467304388,OPTIMAL,2839
