seed,dimension,p,k,Ns,time,solution,dual_gap,rel_dual_gap,termination,ncalls
10,50,50,25.0,5.0,1800.013,0.500900289298076,0.03072724195673998,0.0653530484796859,Time limit reached,61687
