seed,dimension,time,solution,dual_gap,rel_dual_gap,termination,ncalls
1,30,0.614,-30.402260755051028,0.07820838996738999,0.0025724531013502495,OPTIMAL,297
