seed,dimension,p,k,time,solution,dual_gap,rel_dual_gap,termination,ncalls
3,22,110,5.0,342.83,3.5577863670987497,0.027371183216180928,0.007752964393859056,OPTIMAL,50928
