seed,dimension,p,k,time,solution,dual_gap,rel_dual_gap,termination,ncalls
2,25,125,5.0,1813.709,1.8317047951826155,0.01812266475742841,0.009992745546726148,OPTIMAL,275040
