seed,dimension,p,k,time,solution,dual_gap,rel_dual_gap,termination,ncalls
5,19,95,4.0,15.043,5.052999834779796,0.050009326574336654,0.009995886758592847,OPTIMAL,892
