seed,dimension,p,k,time,solution,dual_gap,rel_dual_gap,termination,ncalls
5,26,130,6.0,27.731,5.876645371520513,0.05790260471668951,0.009951050774580783,OPTIMAL,4571
