seed,dimension,p,k,time,solution,dual_gap,rel_dual_gap,termination,ncalls
1,17,85,4.0,8.529,1.6411353000709363,0.016068480970885535,0.00988788939754744,OPTIMAL,1374
