seed,dimension,p,k,time,solution,dual_gap,rel_dual_gap,termination,ncalls
3,18,90,4.0,192.102,3.2649714704686863,0.03213642379735404,0.009940632087134511,OPTIMAL,23066
