seed,dimension,p,k,time,solution,dual_gap,rel_dual_gap,termination,ncalls
5,24,120,5.0,41.047,5.482109670783845,0.05372051663701516,0.00989621692762709,OPTIMAL,5411
