seed,dimension,p,k,time,solution,dual_gap,rel_dual_gap,termination,ncalls
2,21,105,5.0,1800.011,2.0334210513740816,0.051884632326494984,0.026184041750508435,Time limit reached,280275
