seed,dimension,p,k,time,solution,dual_gap,rel_dual_gap,termination,ncalls
4,26,130,6.0,43.599,4.860201559916642,0.047598264311060845,0.009890336141880451,OPTIMAL,6112
