seed,dimension,p,k,Ns,time,solution,dual_gap,rel_dual_gap,termination,ncalls
9,70,70,35.0,0.1,1800.013,0.27169153212856273,0.0637536280151777,0.3065993585297172,Time limit reached,31479
