seed,dimension,p,k,time,solution,dual_gap,rel_dual_gap,termination,ncalls
4,21,105,5.0,9.56,5.061115465947954,0.04812570136550054,0.009600199407051665,OPTIMAL,1486
