seed,dimension,time,solution,dual_gap,rel_dual_gap,termination,ncalls
5,55,93.588,3.41289553661129,0.03355066690044728,0.009928157141096428,OPTIMAL,26016
