seed,dimension,p,k,time,solution,dual_gap,rel_dual_gap,termination,ncalls
3,22,110,5.0,252.101,3.5577863670987497,0.02737062825373604,0.007752805980490679,OPTIMAL,42248
