seed,dimension,p,k,time,solution,dual_gap,rel_dual_gap,termination,ncalls
1,21,105,5.0,46.605,1.761794051506944,0.017297907874468832,0.00991570427805606,OPTIMAL,6304
