seed,dimension,p,k,time,solution,dual_gap,rel_dual_gap,termination,ncalls
1,20,100,4.0,34.304,2.274969426057991,0.022006616710837257,0.009767856184547567,OPTIMAL,2842
