seed,dimension,p,k,time,solution,dual_gap,rel_dual_gap,termination,ncalls
3,17,85,4.0,321.821,3.5278768501750717,0.03487014189512827,0.009982844239168188,OPTIMAL,66852
