seed,dimension,p,k,Ns,time,solution,dual_gap,rel_dual_gap,termination,ncalls
10,90,90,45.0,1.0,1800.029,0.9999999999999984,0.9933950641486163,150.40192463651996,Time limit reached,14371
