seed,dimension,p,k,time,solution,dual_gap,rel_dual_gap,termination,ncalls
2,25,125,5.0,1800.01,1.8317048014433448,0.029556560197422588,0.01640073747595178,Time limit reached,240346
