seed,dimension,p,k,time,solution,dual_gap,rel_dual_gap,termination,ncalls
2,24,120,5.0,1344.234,1.6462786367701454,0.016294285597053593,0.009996590203658505,OPTIMAL,176466
