seed,dimension,p,k,time,solution,dual_gap,rel_dual_gap,termination,ncalls
1,15,75,3.0,5.543,2.2335078624459115,0.0212521250012343,0.009606540799745926,OPTIMAL,277
