seed,dimension,p,k,time,solution,dual_gap,rel_dual_gap,termination,ncalls
5,29,145,6.0,79.781,6.393902999859767,0.06307702880196686,0.009963475396469869,OPTIMAL,9663
