seed,dimension,p,k,time,solution,dual_gap,rel_dual_gap,termination,ncalls
4,29,145,6.0,38.291,5.521068734094021,0.05247313441148016,0.009595358342921955,OPTIMAL,4823
