seed,dimension,p,k,time,solution,dual_gap,rel_dual_gap,termination,ncalls
4,19,95,4.0,12.153,4.659490245415256,0.04509018669494136,0.009771624939569276,OPTIMAL,1135
