seed,dimension,p,k,time,solution,dual_gap,rel_dual_gap,termination,ncalls
4,21,105,5.0,9.208,5.061115465947954,0.04868893320803558,0.009713645255448957,OPTIMAL,1340
