seed,dimension,p,k,time,solution,dual_gap,rel_dual_gap,termination,ncalls
2,17,85,4.0,145.484,1.9730825424630343,0.019423912392019238,0.00994232671616391,OPTIMAL,35484
