seed,dimension,p,k,time,solution,dual_gap,rel_dual_gap,termination,ncalls
4,18,90,4.0,17.031,4.507734990471111,0.04462957367152409,0.009999668281088276,OPTIMAL,1870
