seed,dimension,p,k,time,solution,dual_gap,rel_dual_gap,termination,ncalls
3,30,150,6.0,1800.012,4.319300767044491,0.15446117670156578,0.03708694497135428,Time limit reached,231393
