seed,dimension,p,k,time,solution,dual_gap,rel_dual_gap,termination,ncalls
5,21,105,5.0,14.744,5.48922185529245,0.05426860793570665,0.009985110352531525,OPTIMAL,3230
