seed,dimension,p,k,time,solution,dual_gap,rel_dual_gap,termination,ncalls
1,23,115,5.0,25.227,1.8673957031119208,0.018379102194459485,0.0099399335762264,OPTIMAL,3705
