seed,dimension,p,k,time,solution,dual_gap,rel_dual_gap,termination,ncalls
3,29,145,6.0,1800.011,4.6434855914450495,0.16761172079133146,0.03744782038883753,Time limit reached,235735
