seed,dimension,p,k,time,solution,dual_gap,rel_dual_gap,termination,ncalls
1,15,75,3.0,3.01,2.2335078624459115,0.021302396268024548,0.00962948360525911,OPTIMAL,217
