seed,dimension,p,k,time,solution,dual_gap,rel_dual_gap,termination,ncalls
3,29,145,6.0,1800.013,4.6434855914450495,0.1754937556590015,0.039277993807731997,Time limit reached,230527
