seed,dimension,p,k,time,solution,dual_gap,rel_dual_gap,termination,ncalls
4,28,140,6.0,16.951,5.8042455912059845,0.057125049916204595,0.009939768881789364,OPTIMAL,3301
