seed,dimension,p,k,time,solution,dual_gap,rel_dual_gap,termination,ncalls
1,20,100,4.0,36.61,2.274969426057991,0.022129308518211044,0.009822849098753361,OPTIMAL,3030
