seed,dimension,time,solution,dual_gap,rel_dual_gap,termination,ncalls
7,55,16.923,-0.4884986637960912,0.0010849950072788772,0.002221080808793727,OPTIMAL,5772
