seed,dimension,p,k,time,solution,dual_gap,rel_dual_gap,termination,ncalls
1,16,80,4.0,55.329,2.250303004538984,0.022256479471995938,0.009989234614984882,OPTIMAL,8323
