seed,dimension,p,k,Ns,time,solution,dual_gap,rel_dual_gap,termination,ncalls
7,90,90,45.0,10.0,1800.033,0.9999999999999984,0.9367256392232284,14.804189686371807,Time limit reached,18356
