seed,dimension,p,k,time,solution,dual_gap,rel_dual_gap,termination,ncalls
1,29,145,6.0,465.41,2.0679355073617574,0.020458874873233945,0.009992238518672628,OPTIMAL,61245
