seed,dimension,p,k,time,solution,dual_gap,rel_dual_gap,termination,ncalls
4,28,140,6.0,40.265,5.8042455912059845,0.05644539802727344,0.009820347981869806,OPTIMAL,3744
