seed,dimension,p,k,time,solution,dual_gap,rel_dual_gap,termination,ncalls
1,29,145,6.0,615.584,2.0679355075035324,0.02046604709550559,0.009995776489592692,OPTIMAL,78122
