seed,dimension,p,k,Ns,time,solution,dual_gap,rel_dual_gap,termination,ncalls
5,50,50,25.0,1.0,6.958,-1372.1635619598508,0.007601686385896755,5.53992730650807e-6,OPTIMAL,89
