seed,dimension,p,k,Ns,time,solution,dual_gap,rel_dual_gap,termination,ncalls
6,70,70,35.0,1.0,1800.028,0.9999999999999983,0.930657431851147,13.421156105054983,Time limit reached,23216
