seed,dimension,p,k,time,solution,dual_gap,rel_dual_gap,termination,ncalls
3,30,150,6.0,1800.01,4.319300767044491,0.158279448899882,0.03803860562061683,Time limit reached,231370
