seed,dimension,p,k,time,solution,dual_gap,rel_dual_gap,termination,ncalls
3,28,140,6.0,1800.011,4.363373393383866,0.07047767583660391,0.01641728112530793,Time limit reached,261970
