seed,dimension,p,k,time,solution,dual_gap,rel_dual_gap,termination,ncalls
1,28,140,6.0,472.649,2.262447787186701,0.022355532162462666,0.009979737268553153,OPTIMAL,89246
