seed,dimension,p,k,time,solution,dual_gap,rel_dual_gap,termination,ncalls
5,16,80,4.0,5.193,3.9792937790149603,0.03760815955689667,0.009541136251771231,OPTIMAL,230
