seed,dimension,p,k,time,solution,dual_gap,rel_dual_gap,termination,ncalls
1,28,140,6.0,595.567,2.2624478023618937,0.02235570549755206,0.0099798153517194,OPTIMAL,80132
