seed,dimension,p,k,time,solution,dual_gap,rel_dual_gap,termination,ncalls
2,23,115,5.0,1800.011,2.1495088073784956,0.031622314587170575,0.014931071469034727,Time limit reached,269982
