seed,dimension,p,k,time,solution,dual_gap,rel_dual_gap,termination,ncalls
3,30,150,6.0,1800.01,4.319300767044491,0.15619955545849873,0.037519999519539014,Time limit reached,230660
