seed,dimension,time,solution,dual_gap,rel_dual_gap,termination,ncalls
10,65,5.083,-0.19471070640499005,0.0007989646079620549,0.004103341941044794,OPTIMAL,1479
