seed,dimension,p,k,time,solution,dual_gap,rel_dual_gap,termination,ncalls
2,16,80,4.0,114.694,1.5377815557830616,0.014958950501192003,0.009823173394791542,OPTIMAL,17353
