seed,dimension,p,k,time,solution,dual_gap,rel_dual_gap,termination,ncalls
1,28,140,6.0,370.361,2.262447787186701,0.0223556903223594,0.009979808577358347,OPTIMAL,80132
