seed,dimension,p,k,time,solution,dual_gap,rel_dual_gap,termination,ncalls
1,29,145,6.0,534.1,2.0679355073617574,0.020390445766556464,0.009958484503716211,OPTIMAL,71655
