seed,dimension,p,k,time,solution,dual_gap,rel_dual_gap,termination,ncalls
3,29,145,6.0,2447.901,4.6434855914450495,0.045970721724692964,0.009999037094466022,OPTIMAL,529893
