seed,dimension,p,k,time,solution,dual_gap,rel_dual_gap,termination,ncalls
5,18,90,4.0,13.937,4.646806399110294,0.044062136855123946,0.009573014346344581,OPTIMAL,1207
