seed,dimension,p,k,time,solution,dual_gap,rel_dual_gap,termination,ncalls
5,29,145,6.0,30.215,6.393902999859767,0.06328071060432272,0.009995970018891347,OPTIMAL,6597
