seed,dimension,p,k,time,solution,dual_gap,rel_dual_gap,termination,ncalls
1,27,135,6.0,154.396,1.686597181016222,0.01341374912294957,0.008016902909307073,OPTIMAL,20752
