seed,dimension,time,solution,dual_gap,rel_dual_gap,termination,ncalls
10,95,21.897,-0.035133938250919594,0.00395773651589354,0.11264710741016772,OPTIMAL,3141
