seed,dimension,p,k,time,solution,dual_gap,rel_dual_gap,termination,ncalls
1,26,130,6.0,727.513,1.879958292989336,0.018589890550860577,0.009987217214231741,OPTIMAL,97343
