seed,dimension,p,k,time,solution,dual_gap,rel_dual_gap,termination,ncalls
5,29,145,6.0,30.549,6.393902999859767,0.06328813844982051,0.009997155068713981,OPTIMAL,6806
