seed,dimension,time,solution,dual_gap,rel_dual_gap,termination,ncalls
10,105,17.472,-0.20398858527464198,0.0001345108998312139,0.000659404052683212,OPTIMAL,3931
