seed,dimension,p,k,time,solution,dual_gap,rel_dual_gap,termination,ncalls
5,18,90,4.0,13.803,4.646806399110294,0.044125312606735356,0.009586871603188848,OPTIMAL,1032
