seed,dimension,p,k,time,solution,dual_gap,rel_dual_gap,termination,ncalls
2,24,120,5.0,1553.938,1.646273721545093,0.01628270936213938,0.009989447328505744,OPTIMAL,180401
