seed,dimension,p,k,time,solution,dual_gap,rel_dual_gap,termination,ncalls
1,15,75,3.0,9.913,2.2335078624459115,0.02148520279800703,0.009712921657604949,OPTIMAL,214
