seed,dimension,time,solution,dual_gap,rel_dual_gap,termination,ncalls
6,30,6.575,4.1042310020910735,0.024739314097910636,0.006064312907101601,OPTIMAL,2486
