seed,dimension,p,k,time,solution,dual_gap,rel_dual_gap,termination,ncalls
3,20,100,4.0,255.312,3.4232738207320144,0.03367647583926603,0.009935243751004177,OPTIMAL,42831
