seed,dimension,time,solution,dual_gap,rel_dual_gap,termination,ncalls
4,80,164.169,15.604545326924146,0.12771963537547215,0.008252314649070135,OPTIMAL,34352
