seed,dimension,p,k,time,solution,dual_gap,rel_dual_gap,termination,ncalls
1,22,110,5.0,10.961,1.930455938957835,0.018503118096049764,0.009677601818495578,OPTIMAL,1678
