seed,dimension,p,k,time,solution,dual_gap,rel_dual_gap,termination,ncalls
2,22,110,5.0,1800.016,2.0697246434926866,0.1065305618776069,0.05426389722506008,Time limit reached,208819
