seed,dimension,time,solution,dual_gap,rel_dual_gap,termination,ncalls
7,80,10.314,-0.2619344388082467,0.0026835444767002725,0.01024509983837904,OPTIMAL,2057
