seed,dimension,p,k,time,solution,dual_gap,rel_dual_gap,termination,ncalls
1,28,140,6.0,617.295,2.262447787186701,0.022355658768133058,0.009979794350652634,OPTIMAL,85189
