seed,dimension,p,k,time,solution,dual_gap,rel_dual_gap,termination,ncalls
3,30,150,6.0,1800.02,4.319300767044491,0.1705034701542365,0.04109708379390769,Time limit reached,158403
