seed,dimension,p,k,time,solution,dual_gap,rel_dual_gap,termination,ncalls
1,20,100,4.0,40.791,2.274969426057991,0.02231484698285069,0.00990602251678212,OPTIMAL,3681
