seed,dimension,p,k,time,solution,dual_gap,rel_dual_gap,termination,ncalls
3,15,75,3.0,43.758,3.3580743194150378,0.03294976604703592,0.009909332874060693,OPTIMAL,7374
