seed,dimension,p,k,time,solution,dual_gap,rel_dual_gap,termination,ncalls
1,26,130,6.0,486.819,1.8799554877600944,0.01861088079138007,0.009998621814414445,OPTIMAL,107806
