seed,dimension,p,k,time,solution,dual_gap,rel_dual_gap,termination,ncalls
4,18,90,4.0,14.509,4.507734990471111,0.03502674400773653,0.007831215916091244,OPTIMAL,1401
