seed,dimension,time,solution,dual_gap,rel_dual_gap,termination,ncalls
5,75,8.117,-0.2619539213110522,0.0009440583172609651,0.0036039098500074023,OPTIMAL,1981
