seed,dimension,p,k,time,solution,dual_gap,rel_dual_gap,termination,ncalls
3,22,110,5.0,411.992,3.5657132968055762,0.03529860643321481,0.009998430645973711,OPTIMAL,53046
