seed,dimension,p,k,time,solution,dual_gap,rel_dual_gap,termination,ncalls
4,20,100,4.0,27.062,5.58043616690493,0.052882050264422276,0.009566989150811337,OPTIMAL,3956
