seed,dimension,p,k,time,solution,dual_gap,rel_dual_gap,termination,ncalls
5,19,95,4.0,16.142,5.052999834779796,0.04987766994752185,0.009969308824421631,OPTIMAL,1137
