seed,dimension,p,k,time,solution,dual_gap,rel_dual_gap,termination,ncalls
1,28,140,6.0,382.945,2.262447787186701,0.022246370833520324,0.00993052261779887,OPTIMAL,58442
