seed,dimension,p,k,time,solution,dual_gap,rel_dual_gap,termination,ncalls
1,21,105,5.0,54.504,1.761794051506944,0.017429473662555095,0.009991875485165889,OPTIMAL,7691
