seed,dimension,time,solution,dual_gap,rel_dual_gap,termination,ncalls
9,20,3.386,-0.13869951642603018,0.006961460632490146,0.05019095099875681,OPTIMAL,407
