seed,dimension,p,k,time,solution,dual_gap,rel_dual_gap,termination,ncalls
2,19,95,4.0,225.302,2.098437741911695,0.020765908073109518,0.009994796933230615,OPTIMAL,34461
