seed,dimension,p,k,time,solution,dual_gap,rel_dual_gap,termination,ncalls
7,23,115,5.0,239.076,3.351295718306617,0.033160527478141244,0.009993724056150252,OPTIMAL,36623
