seed,dimension,time,solution,dual_gap,rel_dual_gap,termination,ncalls
5,45,4.042,-0.21299348282949593,0.0022517217813034507,0.010571787227433543,OPTIMAL,800
