seed,dimension,time,solution,dual_gap,rel_dual_gap,termination,ncalls
4,95,33.013,-0.1440163288078002,0.0004307672085084868,0.0029910997737164625,OPTIMAL,4808
