seed,dimension,p,k,time,solution,dual_gap,rel_dual_gap,termination,ncalls
2,18,90,4.0,173.826,1.9086114227602864,0.018878839323522634,0.009990217393187251,OPTIMAL,21334
