seed,dimension,p,k,time,solution,dual_gap,rel_dual_gap,termination,ncalls
2,30,150,6.0,1800.023,2.4379929949236283,0.5178306193715905,0.2696806405357862,Time limit reached,207427
