seed,dimension,p,k,time,solution,dual_gap,rel_dual_gap,termination,ncalls
2,21,105,5.0,1800.034,2.0334184113253606,0.04456964624410609,0.02240977143492617,Time limit reached,321876
