seed,dimension,p,k,Ns,time,solution,dual_gap,rel_dual_gap,termination,ncalls
3,50,50,25.0,0.1,1800.012,0.9828924019745227,0.1465372478965682,0.17520935595610598,Time limit reached,46843
