seed,dimension,p,k,time,solution,dual_gap,rel_dual_gap,termination,ncalls
3,23,115,5.0,1173.846,4.014525717592983,0.03972662985372155,0.009994625885937995,OPTIMAL,186874
