seed,dimension,p,k,time,solution,dual_gap,rel_dual_gap,termination,ncalls
4,22,110,5.0,15.325,5.233157398042667,0.050857254801982776,0.009813645176132129,OPTIMAL,3014
