seed,dimension,p,k,time,solution,dual_gap,rel_dual_gap,termination,ncalls
5,20,100,4.0,14.307,5.1963483368745385,0.049642483672869275,0.009645486858742397,OPTIMAL,1551
