seed,dimension,p,k,time,solution,dual_gap,rel_dual_gap,termination,ncalls
5,21,105,5.0,15.854,5.48922185529245,0.05416894444002285,0.009966590082657918,OPTIMAL,3544
