seed,dimension,p,k,time,solution,dual_gap,rel_dual_gap,termination,ncalls
2,17,85,4.0,251.259,1.9730825424630343,0.019349656161154583,0.009903941473688631,OPTIMAL,42787
