seed,dimension,p,k,Ns,time,solution,dual_gap,rel_dual_gap,termination,ncalls
2,50,50,25.0,1.0,1800.014,1.0000000000000004,0.7344949006847701,2.766406003421859,Time limit reached,56756
