seed,dimension,p,k,time,solution,dual_gap,rel_dual_gap,termination,ncalls
1,29,145,6.0,648.695,2.0679355073696786,0.0204524249730329,0.009989056881042783,OPTIMAL,84320
