seed,dimension,p,k,time,solution,dual_gap,rel_dual_gap,termination,ncalls
3,21,105,5.0,140.982,3.718586133585336,0.036741849499493995,0.009979197017729542,OPTIMAL,22920
