seed,dimension,p,k,Ns,time,solution,dual_gap,rel_dual_gap,termination,ncalls
8,70,70,35.0,10.0,1800.02,0.9999999999999983,0.1917579266258529,0.23725308659734387,Time limit reached,30246
