seed,dimension,p,k,time,solution,dual_gap,rel_dual_gap,termination,ncalls
3,27,135,6.0,1889.944,4.457526586478268,0.044127628792136164,0.009998558756009565,OPTIMAL,261220
