seed,dimension,p,k,Ns,time,solution,dual_gap,rel_dual_gap,termination,ncalls
1,50,50,25.0,1.0,1800.019,0.5086566636648584,0.021269263860481336,0.0436393387868012,Time limit reached,35849
