seed,dimension,p,k,time,solution,dual_gap,rel_dual_gap,termination,ncalls
2,24,120,5.0,1151.983,1.646273721545093,0.016280708147457856,0.009988207319687569,OPTIMAL,188877
