seed,dimension,p,k,time,solution,dual_gap,rel_dual_gap,termination,ncalls
1,23,115,5.0,35.228,1.8673957031119208,0.018445508497048957,0.009976206255188542,OPTIMAL,4679
