seed,dimension,p,k,time,solution,dual_gap,rel_dual_gap,termination,ncalls
2,19,95,4.0,282.684,2.098437741911695,0.020719006216616265,0.009971997585941268,OPTIMAL,49333
