seed,dimension,p,k,time,solution,dual_gap,rel_dual_gap,termination,ncalls
7,23,115,5.0,158.559,3.351295718306617,0.033160527478142576,0.009993724056150656,OPTIMAL,36623
