seed,dimension,p,k,time,solution,dual_gap,rel_dual_gap,termination,ncalls
3,24,120,5.0,1915.19,4.032486027759986,0.039910314906467015,0.009996132265690426,OPTIMAL,455774
