seed,dimension,p,k,time,solution,dual_gap,rel_dual_gap,termination,ncalls
3,20,100,4.0,192.462,3.4232738207320144,0.033730658671415004,0.009951387859273986,OPTIMAL,37247
