seed,dimension,p,k,time,solution,dual_gap,rel_dual_gap,termination,ncalls
3,22,110,5.0,230.463,3.5577863670987497,0.027037435892101058,0.007657705608328513,OPTIMAL,38257
