seed,dimension,p,k,time,solution,dual_gap,rel_dual_gap,termination,ncalls
4,25,125,5.0,7.2,4.560058701673463,0.04375040626815796,0.009687205435613798,OPTIMAL,745
