seed,dimension,p,k,time,solution,dual_gap,rel_dual_gap,termination,ncalls
1,16,80,4.0,30.765,2.250303004538984,0.022232799948602278,0.00997850063377588,OPTIMAL,7516
