seed,dimension,p,k,Ns,time,solution,dual_gap,rel_dual_gap,termination,ncalls
2,50,50,25.0,5.0,1800.014,0.27527920254673666,0.00964940034730144,0.03632649750669414,Time limit reached,47757
