seed,dimension,p,k,time,solution,dual_gap,rel_dual_gap,termination,ncalls
2,15,75,3.0,12.229,1.5912331179212327,0.014808760894336359,0.009393892468310612,OPTIMAL,2079
