seed,dimension,p,k,time,solution,dual_gap,rel_dual_gap,termination,ncalls
2,26,130,6.0,1800.02,1.7310607425212177,0.0996802593894619,0.06110178491170008,Time limit reached,220097
