seed,dimension,p,k,Ns,time,solution,dual_gap,rel_dual_gap,termination,ncalls
2,50,50,25.0,10.0,1800.016,1.0000000000000004,0.7345478138734065,2.767156769705793,Time limit reached,52057
