seed,dimension,p,k,time,solution,dual_gap,rel_dual_gap,termination,ncalls
1,19,95,4.0,16.738,1.7514415693513994,0.017302515127888274,0.009977582296960469,OPTIMAL,2350
