seed,dimension,p,k,time,solution,dual_gap,rel_dual_gap,termination,ncalls
4,30,150,6.0,68.378,5.765377668008542,0.05635753652924169,0.009871665405152203,OPTIMAL,14297
