seed,dimension,p,k,time,solution,dual_gap,rel_dual_gap,termination,ncalls
5,23,115,5.0,11.556,5.519353385927931,0.054271227006291944,0.009930541834159846,OPTIMAL,2154
