seed,dimension,p,k,time,solution,dual_gap,rel_dual_gap,termination,ncalls
2,19,95,4.0,260.198,2.098437741911695,0.02073029258864123,0.009977483882726344,OPTIMAL,43971
