seed,dimension,p,k,Ns,time,solution,dual_gap,rel_dual_gap,termination,ncalls
3,50,50,25.0,1.0,1800.014,0.49191081745647847,0.008089051120498736,0.016719072359554544,Time limit reached,42086
