seed,dimension,p,k,time,solution,dual_gap,rel_dual_gap,termination,ncalls
3,17,85,4.0,281.701,3.5278768501750717,0.03485810043794757,0.009979362532929692,OPTIMAL,63103
