seed,dimension,p,k,time,solution,dual_gap,rel_dual_gap,termination,ncalls
2,21,105,5.0,2759.436,2.033418409196724,0.020125308318516666,0.009996213819904275,OPTIMAL,395700
