seed,dimension,p,k,time,solution,dual_gap,rel_dual_gap,termination,ncalls
2,23,115,5.0,1800.028,2.1495088318126507,0.027633295986884132,0.013023052257459639,Time limit reached,263258
