seed,dimension,p,k,time,solution,dual_gap,rel_dual_gap,termination,ncalls
2,17,85,4.0,192.174,1.9730825424630343,0.01936086431736639,0.009909735114237116,OPTIMAL,39479
