seed,dimension,var_A,p,k,M,time,solution,dual_gap,rel_dual_gap,termination,ncalls
7,10,5,50,10.0,1.0,1800.113,0.09064021454383278,0.019327582867432136,0.271026077892287,Time limit reached,355456
