seed,dimension,p,k,Ns,time,solution,dual_gap,rel_dual_gap,termination,ncalls
8,70,70,35.0,1.0,1800.022,0.9999999999999983,0.19149040548467233,0.236843702021204,Time limit reached,30232
