seed,dimension,p,k,time,solution,dual_gap,rel_dual_gap,termination,ncalls
5,29,145,6.0,49.502,6.393902999859767,0.06307541705826658,0.009963218273329539,OPTIMAL,7056
