seed,dimension,p,k,time,solution,dual_gap,rel_dual_gap,termination,ncalls
2,27,135,6.0,1800.012,1.9958727667020724,0.16528889220532905,0.09029299039945361,Time limit reached,239257
