seed,dimension,p,k,time,solution,dual_gap,rel_dual_gap,termination,ncalls
3,19,95,4.0,253.54,3.632956866161044,0.03594498515587263,0.009993012629646345,OPTIMAL,39563
