seed,dimension,time,solution,dual_gap,rel_dual_gap,termination,ncalls
6,105,18.259,-0.44103102177703674,0.0030144480500202686,0.006835002304087859,OPTIMAL,3609
