seed,dimension,p,k,time,solution,dual_gap,rel_dual_gap,termination,ncalls
1,20,100,4.0,31.124,2.274969426057991,0.02250706884248066,0.009992206427060496,OPTIMAL,4356
