seed,dimension,p,k,time,solution,dual_gap,rel_dual_gap,termination,ncalls
3,21,105,5.0,136.504,3.718586133585336,0.03681088819297251,0.009998135611086062,OPTIMAL,21518
