seed,dimension,p,k,time,solution,dual_gap,rel_dual_gap,termination,ncalls
3,18,90,4.0,114.996,3.2649714704686863,0.03217535404031002,0.009952794077177269,OPTIMAL,18884
