seed,dimension,p,k,time,solution,dual_gap,rel_dual_gap,termination,ncalls
1,27,135,6.0,149.738,1.6865972249541135,0.01317306277533592,0.00787192098277388,OPTIMAL,19608
