seed,dimension,p,k,time,solution,dual_gap,rel_dual_gap,termination,ncalls
2,24,120,5.0,1307.858,1.646273721545093,0.016262708217175792,0.009977054194236995,OPTIMAL,239133
