seed,dimension,p,k,time,solution,dual_gap,rel_dual_gap,termination,ncalls
2,29,145,6.0,1800.019,2.0424263803613276,0.13405089754187083,0.07024346034032172,Time limit reached,206012
