seed,dimension,p,k,time,solution,dual_gap,rel_dual_gap,termination,ncalls
3,26,130,6.0,1800.015,4.057720933359512,0.169317926429573,0.043544335843741865,Time limit reached,259063
