seed,dimension,p,k,time,solution,dual_gap,rel_dual_gap,termination,ncalls
2,25,125,5.0,1317.991,1.831704795182616,0.018125747367004896,0.009994462269972014,OPTIMAL,251015
