seed,dimension,p,k,time,solution,dual_gap,rel_dual_gap,termination,ncalls
3,20,100,4.0,137.567,3.4232738207320144,0.033794682176586655,0.00997046472190111,OPTIMAL,37828
