seed,dimension,p,k,time,solution,dual_gap,rel_dual_gap,termination,ncalls
1,25,125,5.0,83.459,1.918574585754522,0.018887611647631974,0.00994248626488146,OPTIMAL,11239
