seed,dimension,p,k,time,solution,dual_gap,rel_dual_gap,termination,ncalls
3,23,115,5.0,1197.098,4.014525717592983,0.039726340877957345,0.009994552457334134,OPTIMAL,188874
