seed,dimension,p,k,Ns,time,solution,dual_gap,rel_dual_gap,termination,ncalls
9,50,50,25.0,5.0,1800.019,0.13737850008427402,0.017526666558921725,0.14623611540506223,Time limit reached,40349
