seed,dimension,p,k,time,solution,dual_gap,rel_dual_gap,termination,ncalls
4,27,135,6.0,39.364,5.075591656149386,0.049891129845883064,0.009927199120752014,OPTIMAL,5364
