seed,dimension,p,k,time,solution,dual_gap,rel_dual_gap,termination,ncalls
2,25,125,5.0,1800.022,1.831704795219654,0.03135333387241168,0.017415118406352334,Time limit reached,243521
