seed,dimension,p,k,time,solution,dual_gap,rel_dual_gap,termination,ncalls
4,21,105,5.0,9.56,5.061115465947954,0.04723550597867554,0.009420948717520746,OPTIMAL,1560
