seed,dimension,p,k,time,solution,dual_gap,rel_dual_gap,termination,ncalls
2,23,115,5.0,1800.01,2.1495088094430574,0.0349321369237221,0.016519683290605623,Time limit reached,263200
