seed,dimension,var_A,p,k,M,time,solution,dual_gap,rel_dual_gap,termination,ncalls
2,10,1,50,10.0,0.1,1800.095,0.6484994987895639,0.006898577426706964,0.01075213142159046,Time limit reached,572509
