seed,dimension,p,k,time,solution,dual_gap,rel_dual_gap,termination,ncalls
5,16,80,4.0,5.109,3.9792937790149603,0.03792408640616385,0.009622057650994383,OPTIMAL,205
