seed,dimension,p,k,time,solution,dual_gap,rel_dual_gap,termination,ncalls
5,25,125,5.0,27.146,6.063698098092319,0.059738651399104725,0.009949875899312883,OPTIMAL,6453
