seed,dimension,p,k,Ns,time,solution,dual_gap,rel_dual_gap,termination,ncalls
7,90,90,45.0,0.1,1800.025,0.856202650635829,0.06968154105246793,0.0885946228313947,Time limit reached,32638
