seed,dimension,p,k,time,solution,dual_gap,rel_dual_gap,termination,ncalls
2,30,150,6.0,1800.008,2.443866841233342,0.5405403560198105,0.2839977062364937,Time limit reached,143329
