seed,dimension,p,k,time,solution,dual_gap,rel_dual_gap,termination,ncalls
2,27,135,6.0,1800.022,1.9958712902462206,0.16732794020277697,0.09150887245785094,Time limit reached,225416
