seed,dimension,p,k,time,solution,dual_gap,rel_dual_gap,termination,ncalls
1,26,130,6.0,1362.193,1.8799554877600944,0.018607983223741575,0.009997049545230771,OPTIMAL,131824
