seed,dimension,p,k,time,solution,dual_gap,rel_dual_gap,termination,ncalls
3,15,75,3.0,40.136,3.3580743194150378,0.03314263222170366,0.009967913731689407,OPTIMAL,6359
