seed,dimension,p,k,Ns,time,solution,dual_gap,rel_dual_gap,termination,ncalls
2,70,70,35.0,10.0,1800.015,0.9999999999999983,0.7518073460808666,3.029128115636441,Time limit reached,36831
