seed,dimension,p,k,time,solution,dual_gap,rel_dual_gap,termination,ncalls
1,22,110,5.0,11.816,1.930455938957835,0.018402366742191534,0.009624399132743596,OPTIMAL,1834
