seed,dimension,p,k,Ns,time,solution,dual_gap,rel_dual_gap,termination,ncalls
2,70,70,35.0,5.0,1800.023,0.9999999999999983,0.7517067150815006,3.0274951468310873,Time limit reached,37779
