seed,dimension,p,k,time,solution,dual_gap,rel_dual_gap,termination,ncalls
10,25,125,5.0,0.743,3.491963376762896,0.03115976409751564,0.009003621003942945,OPTIMAL,189
