seed,dimension,p,k,time,solution,dual_gap,rel_dual_gap,termination,ncalls
2,16,80,4.0,99.933,1.5377815557830616,0.01502148977767126,0.009864646514586288,OPTIMAL,14817
