seed,dimension,p,k,time,solution,dual_gap,rel_dual_gap,termination,ncalls
3,20,100,4.0,200.504,3.4232738207320144,0.03367633708176854,0.009935202408016484,OPTIMAL,42952
