seed,dimension,p,k,time,solution,dual_gap,rel_dual_gap,termination,ncalls
4,22,110,5.0,17.988,5.233157398042667,0.050803038204707995,0.00980308073844192,OPTIMAL,3817
