seed,dimension,p,k,time,solution,dual_gap,rel_dual_gap,termination,ncalls
5,15,75,3.0,4.786,3.5392833726599346,0.01929020514497415,0.005480182553477119,OPTIMAL,118
