seed,dimension,p,k,time,solution,dual_gap,rel_dual_gap,termination,ncalls
5,18,90,4.0,14.232,4.646806399110294,0.04405950192991703,0.009572436398122976,OPTIMAL,1237
