seed,dimension,p,k,time,solution,dual_gap,rel_dual_gap,termination,ncalls
3,17,85,4.0,202.536,3.5278768501750717,0.03488274717450457,0.009986488996514319,OPTIMAL,61957
