seed,dimension,p,k,time,solution,dual_gap,rel_dual_gap,termination,ncalls
3,23,115,5.0,1102.967,4.014525717592983,0.03972652327549886,0.009994598804461198,OPTIMAL,175112
