seed,dimension,p,k,time,solution,dual_gap,rel_dual_gap,termination,ncalls
3,21,105,5.0,113.281,3.7183894561199775,0.035935846145417116,0.009758669070013179,OPTIMAL,18158
