seed,dimension,p,k,time,solution,dual_gap,rel_dual_gap,termination,ncalls
3,27,135,6.0,1800.002,4.457530395820922,0.04853111740201488,0.011007286310878784,Time limit reached,257734
