seed,dimension,p,k,time,solution,dual_gap,rel_dual_gap,termination,ncalls
3,19,95,4.0,288.45,3.632956866161044,0.03595579456260678,0.009996047776162803,OPTIMAL,53620
