seed,dimension,p,k,time,solution,dual_gap,rel_dual_gap,termination,ncalls
1,18,90,4.0,19.064,2.1566595398692447,0.019969241845264385,0.009345875658129782,OPTIMAL,1088
