seed,dimension,p,k,time,solution,dual_gap,rel_dual_gap,termination,ncalls
1,18,90,4.0,15.541,2.1566595398692447,0.01992569432321334,0.009325304770525329,OPTIMAL,889
