seed,dimension,p,k,time,solution,dual_gap,rel_dual_gap,termination,ncalls
1,17,85,4.0,7.961,1.6411353000709363,0.016095147778186103,0.009904461594673612,OPTIMAL,1138
