seed,dimension,p,k,time,solution,dual_gap,rel_dual_gap,termination,ncalls
2,18,90,4.0,136.606,1.9086114229137554,0.018893599724220334,0.009998106326970565,OPTIMAL,28548
