seed,dimension,time,solution,dual_gap,rel_dual_gap,termination,ncalls
1,35,3.414,-0.31990948354386933,0.0025954645588799896,0.008113121655938882,OPTIMAL,298
