seed,dimension,p,k,time,solution,dual_gap,rel_dual_gap,termination,ncalls
3,27,135,6.0,1535.305,4.457530395820922,0.04409065519157007,0.009990088861003185,OPTIMAL,219617
