seed,dimension,p,k,time,solution,dual_gap,rel_dual_gap,termination,ncalls
2,26,130,6.0,1800.01,1.7310607409691683,0.09644763639084242,0.05900334221027954,Time limit reached,216594
