seed,dimension,p,k,Ns,time,solution,dual_gap,rel_dual_gap,termination,ncalls
2,70,70,35.0,0.1,1800.024,0.8739431696829421,0.057139485431236814,0.06995498004344063,Time limit reached,45502
