seed,dimension,p,k,Ns,time,solution,dual_gap,rel_dual_gap,termination,ncalls
9,50,50,25.0,10.0,1800.01,0.13217083751751652,0.012228185871788796,0.10195027126719652,Time limit reached,35210
