seed,dimension,p,k,time,solution,dual_gap,rel_dual_gap,termination,ncalls
4,15,75,3.0,7.059,5.039099478655551,0.048029442029238645,0.009623075147569738,OPTIMAL,927
