seed,dimension,p,k,time,solution,dual_gap,rel_dual_gap,termination,ncalls
2,27,135,6.0,1800.016,2.2484432009967756,0.4269333227412264,0.23438430273576025,Time limit reached,226076
