seed,dimension,p,k,time,solution,dual_gap,rel_dual_gap,termination,ncalls
5,24,120,5.0,35.419,5.482109670783845,0.053814451565057375,0.009913692861531964,OPTIMAL,3810
