seed,dimension,p,k,time,solution,dual_gap,rel_dual_gap,termination,ncalls
3,25,125,5.0,763.616,4.453860581740739,0.04407434163075674,0.009994666233449336,OPTIMAL,106625
