seed,dimension,p,k,time,solution,dual_gap,rel_dual_gap,termination,ncalls
4,29,145,6.0,32.356,5.521068734094021,0.05363433239991,0.009809780686768028,OPTIMAL,4011
