seed,dimension,p,k,time,solution,dual_gap,rel_dual_gap,termination,ncalls
2,20,100,4.0,151.068,1.7116317565128987,0.016791535788470258,0.00990744471552193,OPTIMAL,15280
