seed,dimension,p,k,time,solution,dual_gap,rel_dual_gap,termination,ncalls
1,29,145,6.0,595.839,2.0679355073617574,0.02046293854258563,0.009994243075201302,OPTIMAL,81558
