seed,dimension,p,k,time,solution,dual_gap,rel_dual_gap,termination,ncalls
3,30,150,6.0,1800.013,4.319300767044491,0.19147435825777137,0.046386242854154054,Time limit reached,165401
