seed,dimension,p,k,time,solution,dual_gap,rel_dual_gap,termination,ncalls
5,25,125,5.0,32.792,6.063698098092319,0.06000425922996566,0.009994556824592498,OPTIMAL,8113
