seed,dimension,p,k,time,solution,dual_gap,rel_dual_gap,termination,ncalls
2,20,100,4.0,88.59,1.7116323676712453,0.016827079731419614,0.009928621211628567,OPTIMAL,12531
