seed,dimension,p,k,time,solution,dual_gap,rel_dual_gap,termination,ncalls
2,20,100,4.0,95.257,1.7116317843539899,0.016878541849885575,0.009959291669474235,OPTIMAL,13559
