seed,dimension,p,k,time,solution,dual_gap,rel_dual_gap,termination,ncalls
2,20,100,4.0,108.303,1.7116317565353274,0.016791828914936247,0.009907619381207584,OPTIMAL,16453
