seed,dimension,p,k,time,solution,dual_gap,rel_dual_gap,termination,ncalls
2,20,100,4.0,98.197,1.711631769790658,0.01679162364027098,0.009907496986315205,OPTIMAL,14829
