seed,dimension,p,k,time,solution,dual_gap,rel_dual_gap,termination,ncalls
4,24,120,5.0,17.25,5.14765880456751,0.04520932260354282,0.008860317532461184,OPTIMAL,1401
