seed,dimension,p,k,time,solution,dual_gap,rel_dual_gap,termination,ncalls
3,21,105,5.0,173.892,3.718586133585336,0.0367383258381091,0.00997823043114533,OPTIMAL,23548
