seed,dimension,p,k,time,solution,dual_gap,rel_dual_gap,termination,ncalls
4,21,105,5.0,8.626,5.061115465947954,0.04955035617016801,0.009887201918916122,OPTIMAL,1262
