seed,dimension,p,k,time,solution,dual_gap,rel_dual_gap,termination,ncalls
2,20,100,4.0,138.169,1.7116317565128987,0.01688493343307851,0.009963100802510401,OPTIMAL,13279
