seed,dimension,p,k,time,solution,dual_gap,rel_dual_gap,termination,ncalls
4,30,150,6.0,64.97,5.765377668008542,0.05636040521864949,0.00987217284943139,OPTIMAL,13873
