seed,dimension,time,solution,dual_gap,rel_dual_gap,termination,ncalls
5,55,5.258,-0.5609437045152684,0.004805831664964844,0.008567404583170669,OPTIMAL,969
