seed,dimension,p,k,time,solution,dual_gap,rel_dual_gap,termination,ncalls
3,28,140,6.0,1859.871,4.363373393383866,0.04320004512415476,0.009999609191968413,OPTIMAL,311987
