seed,dimension,p,k,time,solution,dual_gap,rel_dual_gap,termination,ncalls
2,18,90,4.0,154.822,1.9086114227602864,0.01886632628535434,0.009983529694320658,OPTIMAL,18294
