seed,dimension,p,k,time,solution,dual_gap,rel_dual_gap,termination,ncalls
1,18,90,4.0,9.885,2.1566595398692447,0.021107614217117376,0.00988391523688744,OPTIMAL,1394
