seed,dimension,p,k,time,solution,dual_gap,rel_dual_gap,termination,ncalls
3,21,105,5.0,132.701,3.718586133585336,0.03632898236327353,0.00986595473138445,OPTIMAL,21168
