seed,dimension,p,k,time,solution,dual_gap,rel_dual_gap,termination,ncalls
2,20,100,4.0,90.364,1.7116317582213034,0.01680464883356092,0.009915258459390357,OPTIMAL,12822
