seed,dimension,time,solution,dual_gap,rel_dual_gap,termination,ncalls
7,30,4.709,-0.26859700451478996,0.002702835584266705,0.010062791240539977,OPTIMAL,498
