seed,dimension,p,k,time,solution,dual_gap,rel_dual_gap,termination,ncalls
1,25,125,5.0,100.438,1.918574585754522,0.018922185145112902,0.009960867124450061,OPTIMAL,14278
