seed,dimension,time,solution,dual_gap,rel_dual_gap,termination,ncalls
9,100,21.229,0.1608107211270814,0.0011868414098082924,0.007435237208307642,OPTIMAL,3350
