seed,dimension,p,k,time,solution,dual_gap,rel_dual_gap,termination,ncalls
5,16,80,4.0,5.064,3.9792937790149603,0.038164675521532576,0.009683690769658701,OPTIMAL,200
