seed,dimension,p,k,time,solution,dual_gap,rel_dual_gap,termination,ncalls
3,18,90,4.0,95.4,3.2649714704686863,0.0323109313258545,0.009995151341941403,OPTIMAL,24922
