seed,dimension,p,k,time,solution,dual_gap,rel_dual_gap,termination,ncalls
3,30,150,6.0,1800.042,4.319300767044491,0.20057391573047667,0.04869803776050037,Time limit reached,157235
