seed,dimension,p,k,time,solution,dual_gap,rel_dual_gap,termination,ncalls
4,20,100,4.0,22.954,5.58043616690493,0.05420445384224415,0.009808574206926183,OPTIMAL,3095
