seed,dimension,p,k,time,solution,dual_gap,rel_dual_gap,termination,ncalls
2,23,115,5.0,1800.007,2.149508807529177,0.035922435185987034,0.016995962718174735,Time limit reached,264446
