seed,dimension,p,k,time,solution,dual_gap,rel_dual_gap,termination,ncalls
4,28,140,6.0,19.744,5.8042455912059845,0.05743672661106203,0.009994542704372784,OPTIMAL,4031
