seed,dimension,p,k,time,solution,dual_gap,rel_dual_gap,termination,ncalls
3,28,140,6.0,1800.008,4.363373393383866,0.07737783442993962,0.018053643165422472,Time limit reached,263420
