seed,dimension,p,k,time,solution,dual_gap,rel_dual_gap,termination,ncalls
3,18,90,4.0,146.098,3.2649714704686863,0.03232042099533672,0.00999811625217087,OPTIMAL,16849
