seed,dimension,p,k,Ns,time,solution,dual_gap,rel_dual_gap,termination,ncalls
7,50,50,25.0,5.0,1800.01,0.18642334711725336,0.02371545013798962,0.14575475793293566,Time limit reached,35498
