seed,dimension,p,k,time,solution,dual_gap,rel_dual_gap,termination,ncalls
4,25,125,5.0,7.858,4.560058701673463,0.04188226510881421,0.009269727664876005,OPTIMAL,891
