seed,dimension,p,k,time,solution,dual_gap,rel_dual_gap,termination,ncalls
3,22,110,5.0,371.83,3.5577863670987497,0.027370962099539042,0.007752901276371233,OPTIMAL,56571
