seed,dimension,p,k,time,solution,dual_gap,rel_dual_gap,termination,ncalls
3,30,150,6.0,2492.646,4.319300767044491,0.04275867296246183,0.009998422094718113,OPTIMAL,521456
