seed,dimension,p,k,time,solution,dual_gap,rel_dual_gap,termination,ncalls
4,15,75,3.0,6.906,5.039099478655551,0.0481061434237553,0.009638590996339432,OPTIMAL,798
