seed,dimension,p,k,time,solution,dual_gap,rel_dual_gap,termination,ncalls
4,17,85,4.0,6.519,4.165906206758644,0.0408896672860104,0.009912606869507965,OPTIMAL,673
