seed,dimension,p,k,time,solution,dual_gap,rel_dual_gap,termination,ncalls
3,16,80,4.0,81.734,3.048834351864469,0.03012395316241223,0.009979080197744213,OPTIMAL,22796
