seed,dimension,p,k,time,solution,dual_gap,rel_dual_gap,termination,ncalls
1,28,140,6.0,419.016,2.262447787186701,0.022362778167730024,0.009983004251041188,OPTIMAL,77913
