seed,dimension,p,k,time,solution,dual_gap,rel_dual_gap,termination,ncalls
3,28,140,6.0,1905.887,4.363373393383866,0.043200222697134194,0.00999965070619313,OPTIMAL,321595
