seed,dimension,p,k,time,solution,dual_gap,rel_dual_gap,termination,ncalls
3,22,110,5.0,405.787,3.5657132968055762,0.035298303963942956,0.009998344114081424,OPTIMAL,50933
