seed,dimension,p,k,time,solution,dual_gap,rel_dual_gap,termination,ncalls
3,16,80,4.0,193.796,3.048834351864469,0.030121922095429632,0.00997840065797001,OPTIMAL,33574
