seed,dimension,p,k,time,solution,dual_gap,rel_dual_gap,termination,ncalls
3,18,90,4.0,183.041,3.2649714704686863,0.03226207546430215,0.009979887308818366,OPTIMAL,21720
