seed,dimension,p,k,time,solution,dual_gap,rel_dual_gap,termination,ncalls
2,21,105,5.0,1800.009,2.0334188186572977,0.0435153076376007,0.021868049077064,Time limit reached,303621
