seed,dimension,time,solution,dual_gap,rel_dual_gap,termination,ncalls
3,85,11.66,-0.2791357197411681,0.000876314309020354,0.0031393843461987843,OPTIMAL,2455
