seed,dimension,p,k,time,solution,dual_gap,rel_dual_gap,termination,ncalls
5,16,80,4.0,5.137,3.9792937790149603,0.037900199042836924,0.009615938696258033,OPTIMAL,208
