seed,dimension,p,k,time,solution,dual_gap,rel_dual_gap,termination,ncalls
2,17,85,4.0,224.74,1.9730825424630343,0.019377481560806764,0.009918324904096925,OPTIMAL,37249
