seed,dimension,time,solution,dual_gap,rel_dual_gap,termination,ncalls
3,90,21.116,-0.5402894235387473,0.004978252890944557,0.009214048386026822,OPTIMAL,3194
