seed,dimension,p,k,time,solution,dual_gap,rel_dual_gap,termination,ncalls
2,24,120,5.0,912.192,1.646273721545093,0.016291269862438007,0.009994751689271431,OPTIMAL,172080
