seed,dimension,p,k,time,solution,dual_gap,rel_dual_gap,termination,ncalls
3,28,140,6.0,1800.011,4.363373393383866,0.05271165050491344,0.012228203846425914,Time limit reached,272896
