seed,dimension,p,k,time,solution,dual_gap,rel_dual_gap,termination,ncalls
3,30,150,6.0,1800.053,4.319300767044491,0.19210309856595043,0.04654565009888846,Time limit reached,152554
