seed,dimension,p,k,time,solution,dual_gap,rel_dual_gap,termination,ncalls
7,26,130,6.0,860.484,4.277812978463876,0.042347912354088635,0.009998409075059276,OPTIMAL,129864
