seed,dimension,p,k,time,solution,dual_gap,rel_dual_gap,termination,ncalls
5,26,130,6.0,53.15,5.876645371520513,0.05742172231886489,0.009867591586163337,OPTIMAL,4850
