seed,dimension,p,k,time,solution,dual_gap,rel_dual_gap,termination,ncalls
1,20,100,4.0,27.929,2.274969426057991,0.022302378810943768,0.00990043283946431,OPTIMAL,3807
