seed,dimension,p,k,time,solution,dual_gap,rel_dual_gap,termination,ncalls
1,16,80,4.0,37.126,2.250303004538984,0.022240920595306246,0.00998218171548422,OPTIMAL,8843
