seed,dimension,p,k,time,solution,dual_gap,rel_dual_gap,termination,ncalls
6,27,135,6.0,3.572,4.891073030605399,0.048360868897163733,0.00998631908779496,OPTIMAL,129
