seed,dimension,p,k,time,solution,dual_gap,rel_dual_gap,termination,ncalls
2,20,100,4.0,93.903,1.7116317566024613,0.016845109357216614,0.009939368701421588,OPTIMAL,13308
