seed,dimension,p,k,time,solution,dual_gap,rel_dual_gap,termination,ncalls
1,27,135,6.0,183.218,1.6865971811372624,0.012461787405865676,0.007443715396333758,OPTIMAL,24084
