seed,dimension,p,k,time,solution,dual_gap,rel_dual_gap,termination,ncalls
5,19,95,4.0,15.231,5.052999834779796,0.04997634029968534,0.009989227585044277,OPTIMAL,917
