seed,dimension,p,k,time,solution,dual_gap,rel_dual_gap,termination,ncalls
3,22,110,5.0,257.799,3.5657132968055762,0.03529183929182267,0.009996494672530236,OPTIMAL,41173
