seed,dimension,p,k,time,solution,dual_gap,rel_dual_gap,termination,ncalls
2,16,80,4.0,110.731,1.537781555945143,0.014966241825160598,0.009828008482965262,OPTIMAL,16491
