seed,dimension,p,k,time,solution,dual_gap,rel_dual_gap,termination,ncalls
2,18,90,4.0,167.499,1.9086114227602864,0.018895411177259236,0.009999074496612022,OPTIMAL,20298
