seed,dimension,p,k,time,solution,dual_gap,rel_dual_gap,termination,ncalls
1,21,105,5.0,42.305,1.761794051506944,0.016997589629074383,0.00974187534217052,OPTIMAL,5561
