seed,dimension,p,k,time,solution,dual_gap,rel_dual_gap,termination,ncalls
1,21,105,5.0,40.09,1.7617940579327362,0.017317780439513486,0.009927208906732047,OPTIMAL,5728
