seed,dimension,time,solution,dual_gap,rel_dual_gap,termination,ncalls
2,95,1800.021,2.847123627488698,2.8322467634962587,190.37928725675147,Time limit reached,204337
