seed,dimension,p,k,time,solution,dual_gap,rel_dual_gap,termination,ncalls
1,18,90,4.0,10.356,2.1566595398692447,0.02123155338059224,0.00994252839006007,OPTIMAL,1195
