seed,dimension,p,k,time,solution,dual_gap,rel_dual_gap,termination,ncalls
4,16,80,4.0,8.055,4.873912590274357,0.04784720936008213,0.00991433094738093,OPTIMAL,1212
