seed,dimension,p,k,time,solution,dual_gap,rel_dual_gap,termination,ncalls
3,29,145,6.0,1800.019,4.6434855914450495,0.15795470284840984,0.03521427157038889,Time limit reached,184588
