seed,dimension,p,k,time,solution,dual_gap,rel_dual_gap,termination,ncalls
3,21,105,5.0,111.252,3.7183894561199775,0.03658667298223239,0.009937162617670713,OPTIMAL,19797
