seed,dimension,p,k,time,solution,dual_gap,rel_dual_gap,termination,ncalls
3,22,110,5.0,245.895,3.5577863670987497,0.027364909584996155,0.007751173596216324,OPTIMAL,41173
