seed,dimension,p,k,time,solution,dual_gap,rel_dual_gap,termination,ncalls
5,30,150,6.0,47.936,6.19206643854921,0.06087929368081291,0.009929446327823622,OPTIMAL,10901
