seed,dimension,p,k,time,solution,dual_gap,rel_dual_gap,termination,ncalls
1,15,75,3.0,4.02,2.2335078624459115,0.02119194257233392,0.009579076108418065,OPTIMAL,281
