seed,dimension,p,k,time,solution,dual_gap,rel_dual_gap,termination,ncalls
2,25,125,5.0,1487.885,1.8317049461625698,0.018123559972859304,0.009993243264883996,OPTIMAL,206955
