seed,dimension,p,k,time,solution,dual_gap,rel_dual_gap,termination,ncalls
4,18,90,4.0,15.272,4.507734990471111,0.04157312067352681,0.009308467065348663,OPTIMAL,1761
