seed,dimension,p,k,time,solution,dual_gap,rel_dual_gap,termination,ncalls
3,28,140,6.0,1800.001,4.363373393383866,0.06312153272755072,0.014678566459108968,Time limit reached,268183
