seed,dimension,p,k,time,solution,dual_gap,rel_dual_gap,termination,ncalls
2,28,140,6.0,1800.016,1.9495269184815265,0.4641349680844795,0.3124663278001579,Time limit reached,222361
