seed,dimension,time,solution,dual_gap,rel_dual_gap,termination,ncalls
8,20,1.33,-4.224283350954455,0.03615613124681616,0.008559116006895434,OPTIMAL,552
