seed,dimension,p,k,time,solution,dual_gap,rel_dual_gap,termination,ncalls
4,16,80,4.0,8.126,4.873912590274357,0.047864916277736036,0.009918036354186572,OPTIMAL,1116
