seed,dimension,p,k,time,solution,dual_gap,rel_dual_gap,termination,ncalls
3,26,130,6.0,1800.011,4.057720933359512,0.1812135550533398,0.046746603932047846,Time limit reached,284712
