seed,dimension,p,k,time,solution,dual_gap,rel_dual_gap,termination,ncalls
3,24,120,5.0,1800.008,4.032486027944788,0.12832088549627363,0.03286768894611784,Time limit reached,284378
