seed,dimension,p,k,time,solution,dual_gap,rel_dual_gap,termination,ncalls
3,28,140,6.0,1714.33,4.363373393383866,0.04319208732272717,0.00999774876626808,OPTIMAL,258719
