seed,dimension,p,k,time,solution,dual_gap,rel_dual_gap,termination,ncalls
1,26,130,6.0,422.393,1.8799554877600944,0.018587085321619012,0.00998571013522584,OPTIMAL,97343
