seed,dimension,p,k,time,solution,dual_gap,rel_dual_gap,termination,ncalls
1,24,120,5.0,42.293,2.0309586934341795,0.019736807984568117,0.009813341892983591,OPTIMAL,4883
