seed,dimension,p,k,time,solution,dual_gap,rel_dual_gap,termination,ncalls
2,15,75,3.0,10.19,1.5912331179212327,0.014808539878658378,0.009393750950677226,OPTIMAL,2310
