seed,dimension,p,k,time,solution,dual_gap,rel_dual_gap,termination,ncalls
3,22,110,5.0,306.766,3.5577863670987497,0.027376705875178153,0.007754540833000643,OPTIMAL,45629
