seed,dimension,p,k,time,solution,dual_gap,rel_dual_gap,termination,ncalls
1,30,150,6.0,149.875,2.0182483059101366,0.0199120191025437,0.009964298418637933,OPTIMAL,31394
