seed,dimension,p,k,time,solution,dual_gap,rel_dual_gap,termination,ncalls
3,28,140,6.0,1800.01,4.363373393383866,0.051555295169507964,0.011956741679538481,Time limit reached,267331
