seed,dimension,p,k,time,solution,dual_gap,rel_dual_gap,termination,ncalls
5,26,130,6.0,19.851,5.876645371520513,0.0578569699098912,0.009943130067055984,OPTIMAL,4124
