seed,dimension,p,k,time,solution,dual_gap,rel_dual_gap,termination,ncalls
2,24,120,5.0,1517.009,1.6462739646310895,0.016295922423748888,0.00999763309797763,OPTIMAL,205975
