seed,dimension,p,k,Ns,time,solution,dual_gap,rel_dual_gap,termination,ncalls
5,70,70,35.0,5.0,1800.028,-1.8106475600830152,0.06249661686490593,0.03451616882417502,Time limit reached,37597
