seed,dimension,p,k,time,solution,dual_gap,rel_dual_gap,termination,ncalls
4,18,90,4.0,13.72,4.507734990471111,0.03587920078011386,0.008023335829126345,OPTIMAL,1376
