seed,dimension,p,k,time,solution,dual_gap,rel_dual_gap,termination,ncalls
3,21,105,5.0,105.123,3.718586133585336,0.03673902465440548,0.009978422125483943,OPTIMAL,23642
