seed,dimension,p,k,time,solution,dual_gap,rel_dual_gap,termination,ncalls
1,29,145,6.0,430.783,2.0679355073617574,0.02045989016230987,0.009992739347145467,OPTIMAL,54361
