seed,dimension,p,k,time,solution,dual_gap,rel_dual_gap,termination,ncalls
2,23,115,5.0,2162.525,2.149508807356191,0.02126810272091184,0.009993278802811261,OPTIMAL,276714
