seed,dimension,time,solution,dual_gap,rel_dual_gap,termination,ncalls
3,70,585.733,-11.563202066139674,0.10374623353541601,0.008972102445499446,OPTIMAL,186773
