seed,dimension,p,k,time,solution,dual_gap,rel_dual_gap,termination,ncalls
1,20,100,4.0,34.248,2.274969426057991,0.022114608374528277,0.009816259885431946,OPTIMAL,2731
