seed,dimension,p,k,time,solution,dual_gap,rel_dual_gap,termination,ncalls
3,23,115,5.0,775.332,4.014525717592983,0.039716771576533194,0.009992120908436947,OPTIMAL,116543
