seed,dimension,time,solution,dual_gap,rel_dual_gap,termination,ncalls
6,35,6.917,-13.954682785250233,0.13156576724128222,0.009428072946261745,OPTIMAL,1966
