seed,dimension,p,k,time,solution,dual_gap,rel_dual_gap,termination,ncalls
4,15,75,3.0,6.407,5.039099478655551,0.04362791374455277,0.008733492559741969,OPTIMAL,645
