seed,dimension,p,k,time,solution,dual_gap,rel_dual_gap,termination,ncalls
3,23,115,5.0,906.235,4.014525717592983,0.039733904900133954,0.009996474475279488,OPTIMAL,150109
