seed,dimension,var_A,p,k,M,time,solution,dual_gap,rel_dual_gap,termination,ncalls
3,15,5,75,15.0,0.1,1800.114,0.2457662107635078,0.02564499585619115,0.11650397199101926,Time limit reached,449298
