seed,dimension,p,k,time,solution,dual_gap,rel_dual_gap,termination,ncalls
1,18,90,4.0,10.033,2.1566595398692447,0.021231146988845317,0.009942336188668644,OPTIMAL,1152
