seed,dimension,p,k,time,solution,dual_gap,rel_dual_gap,termination,ncalls
4,19,95,4.0,8.947,4.659490245415256,0.045045879295753544,0.009761929220881404,OPTIMAL,1223
