seed,dimension,p,k,time,solution,dual_gap,rel_dual_gap,termination,ncalls
1,28,140,6.0,553.175,2.262447788126966,0.02238620508632705,0.009993566808971484,OPTIMAL,75351
