seed,dimension,p,k,time,solution,dual_gap,rel_dual_gap,termination,ncalls
4,29,145,6.0,37.168,5.521068734094021,0.052477512098906054,0.009596166538803864,OPTIMAL,4874
