seed,dimension,p,k,Ns,time,solution,dual_gap,rel_dual_gap,termination,ncalls
7,90,90,45.0,5.0,1800.037,0.9999999999999984,0.9363807708656593,14.718518026812077,Time limit reached,20805
