seed,dimension,p,k,time,solution,dual_gap,rel_dual_gap,termination,ncalls
3,16,80,4.0,175.971,3.048834351864469,0.030123708347059353,0.009978998289136825,OPTIMAL,34247
