seed,dimension,p,k,time,solution,dual_gap,rel_dual_gap,termination,ncalls
2,21,105,5.0,1800.007,2.0334184093805847,0.053366495265982916,0.026952068723837593,Time limit reached,305839
