seed,dimension,p,k,time,solution,dual_gap,rel_dual_gap,termination,ncalls
3,29,145,6.0,2687.23,4.6434855914450495,0.0459719337040605,0.009999303346637373,OPTIMAL,465044
