seed,dimension,p,k,Ns,time,solution,dual_gap,rel_dual_gap,termination,ncalls
10,90,90,45.0,1.0,1800.031,0.9999999999999984,0.99343191630844,151.25140953749246,Time limit reached,12740
