seed,dimension,p,k,time,solution,dual_gap,rel_dual_gap,termination,ncalls
2,16,80,4.0,70.016,1.5377815557830616,0.015206125191186137,0.009987107952526867,OPTIMAL,10862
