seed,dimension,time,solution,dual_gap,rel_dual_gap,termination,ncalls
6,20,3.055,0.3585124268602229,0.032128142041222496,0.0984365471488294,OPTIMAL,261
