seed,dimension,p,k,time,solution,dual_gap,rel_dual_gap,termination,ncalls
3,27,135,6.0,1840.616,4.457526586478268,0.04412482753534164,0.009997917693745192,OPTIMAL,257293
