seed,dimension,p,k,time,solution,dual_gap,rel_dual_gap,termination,ncalls
5,26,130,6.0,25.433,5.876645371520513,0.05735537481166286,0.009856077776515811,OPTIMAL,5494
