seed,dimension,p,k,time,solution,dual_gap,rel_dual_gap,termination,ncalls
4,20,100,4.0,27.619,5.58043616690493,0.052877804564202435,0.009566213705577328,OPTIMAL,4132
