seed,dimension,p,k,time,solution,dual_gap,rel_dual_gap,termination,ncalls
3,22,110,5.0,356.458,3.5657132968055762,0.03525225468474069,0.009985170283472039,OPTIMAL,44909
