seed,dimension,p,k,time,solution,dual_gap,rel_dual_gap,termination,ncalls
5,16,80,4.0,5.084,3.9792937790149603,0.035179274470294786,0.008919435383977553,OPTIMAL,199
