seed,dimension,p,k,time,solution,dual_gap,rel_dual_gap,termination,ncalls
1,18,90,4.0,21.03,2.1566595398692447,0.02110761421711782,0.00988391523688765,OPTIMAL,1394
