seed,dimension,time,solution,dual_gap,rel_dual_gap,termination,ncalls
3,20,7.883,0.22284191255179403,8.266086592989552e-8,3.709396300073223e-7,OPTIMAL,333
