seed,dimension,time,solution,dual_gap,rel_dual_gap,termination,ncalls
8,45,19.956,-15.945910883214395,0.15759185359632255,0.009882900685354577,OPTIMAL,3476
