seed,dimension,time,solution,dual_gap,rel_dual_gap,termination,ncalls
10,60,14.058,0.06787743896028242,0.04112012462005976,1.5367807133859601,OPTIMAL,1354
