seed,dimension,p,k,Ns,time,solution,dual_gap,rel_dual_gap,termination,ncalls
2,90,90,45.0,1.0,1832.341,-0.08185655509841146,0.06468344012754614,0.7902047679600117,Time limit reached,1431
