seed,n0,m0,M,time,solution,dual_gap,rel_dual_gap,termination,ncalls
5,2,22,20.0,15.288,2.190876144662475,3.1958498070139285e-8,1.4587085908155774e-8,OPTIMAL,35
