seed,dimension,time,solution,dual_gap,rel_dual_gap,termination,ncalls
3,105,1800.169,6.638772394916881,4.660475561566086,2.3558019620707156,Time limit reached,151578
