seed,dimension,time,solution,dual_gap,rel_dual_gap,termination,ncalls
2,95,172.799,-1.1135867884280015,0.002829741834379451,0.0025411057887765225,OPTIMAL,37640
