seed,dimension,p,k,time,solution,dual_gap,rel_dual_gap,termination,ncalls
2,23,115,5.0,1801.43,2.149508807356191,0.150399905316412,0.07523347285530685,Time limit reached,238128
