seed,dimension,p,k,Ns,time,solution,dual_gap,rel_dual_gap,termination,ncalls
9,70,70,35.0,10.0,19.04,-89998.59629919128,20.4397093445441,0.00022711142378925933,OPTIMAL,32
