seed,dimension,time,solution,dual_gap,rel_dual_gap,termination,ncalls
1,65,13.508,-0.17394992730334707,0.005456955550301762,0.03137084122366725,OPTIMAL,1367
