seed,dimension,time,solution,dual_gap,rel_dual_gap,termination,ncalls
7,115,1800.186,10.372055177712,2.4188814654334916,0.30414040393699704,Time limit reached,169095
