seed,dimension,time,solution,dual_gap,rel_dual_gap,termination,ncalls
9,65,408.889,12.769778326187105,0.12575384595128547,0.009945713577813327,OPTIMAL,52921
