seed,dimension,p,k,Ns,time,solution,dual_gap,rel_dual_gap,termination,ncalls
9,70,70,35.0,10.0,1817.323,-2.507668785870263,0.2585858727389647,0.10311803304965768,Time limit reached,4300
