seed,dimension,p,k,Ns,time,solution,dual_gap,rel_dual_gap,termination,ncalls
10,70,70,35.0,0.1,1803.563,0.9971627249381513,0.01910478954221495,0.019533392502440024,Time limit reached,1983
