seed,dimension,p,k,Ns,time,solution,dual_gap,rel_dual_gap,termination,ncalls
7,50,50,25.0,0.1,1805.914,0.7742116418497522,0.006594443719045273,0.008590797255590405,Time limit reached,9600
