seed,dimension,time,solution,dual_gap,rel_dual_gap,termination,ncalls
10,110,1800.247,16.021867017006713,2.954271403762224,0.22607612687126324,Time limit reached,155025
