seed,dimension,time,solution,dual_gap,rel_dual_gap,termination,ncalls
6,90,20.022,-0.2746213469116956,9.444116605417108e-8,3.438959393223667e-7,OPTIMAL,3097
