seed,dimension,time,solution,dual_gap,rel_dual_gap,termination,ncalls
1,120,1800.189,34.22481925672192,7.555490780359246,0.2833026256006319,Time limit reached,166863
