seed,dimension,p,k,Ns,time,solution,dual_gap,rel_dual_gap,termination,ncalls
4,50,50,25.0,5.0,1805.704,-1.0085909085035887,0.07974840062343169,0.07906912500505445,Time limit reached,8268
