seed,dimension,time,solution,dual_gap,rel_dual_gap,termination,ncalls
6,50,17.117,-0.24210863048706294,0.004054849402498534,0.016748058069392963,OPTIMAL,2333
