seed,dimension,time,solution,dual_gap,rel_dual_gap,termination,ncalls
1,45,12.097,-0.4495765994634078,0.01032036901956035,0.022955752216370306,OPTIMAL,1422
