seed,dimension,time,solution,dual_gap,rel_dual_gap,termination,ncalls
9,70,16.521,-0.20416925918580686,0.09581603245511466,0.4692970569478143,OPTIMAL,2184
