seed,dimension,p,k,Ns,time,solution,dual_gap,rel_dual_gap,termination,ncalls
4,50,50,25.0,0.1,1807.758,0.4787996620524595,0.007833267294788837,0.01663232744837206,Time limit reached,5741
