seed,dimension,time,solution,dual_gap,rel_dual_gap,termination,ncalls
3,35,10.516,-1.965603981083428,0.03905882461728494,0.019871156648632735,OPTIMAL,1117
