seed,dimension,time,solution,dual_gap,rel_dual_gap,termination,ncalls
8,20,8.203,-4.353810825089153,0.03297957613445224,0.007574875771911132,OPTIMAL,410
