seed,n0,m0,M,time,solution,dual_gap,rel_dual_gap,termination,ncalls
10,3,30,20.0,13.683,3.741039670677676,2.6853926637926406e-8,7.1781988951281936e-9,OPTIMAL,65
