seed,dimension,p,k,time,solution,dual_gap,rel_dual_gap,termination,ncalls
2,15,75,3.0,46.19,1.5912331179212327,0.01572030526996926,0.009977897446302087,OPTIMAL,3074
