seed,dimension,time,solution,dual_gap,rel_dual_gap,termination,ncalls
6,115,1800.082,-9.79592896775459,3.3238169400242352,0.33930594545604553,Time limit reached,310812
