seed,dimension,p,k,Ns,time,solution,dual_gap,rel_dual_gap,termination,ncalls
7,90,90,45.0,5.0,1836.303,0.1146323607653928,0.05274109103523449,0.8521571986676318,Time limit reached,1781
