seed,dimension,p,k,Ns,time,solution,dual_gap,rel_dual_gap,termination,ncalls
4,70,70,35.0,0.1,1810.898,0.8934130266358712,0.06699753347223769,0.0810700356254961,Time limit reached,1794
