seed,dimension,time,solution,dual_gap,rel_dual_gap,termination,ncalls
8,60,87.29,-2.961752339306436,0.029312117060436904,0.009896883230723142,OPTIMAL,29424
