seed,dimension,time,solution,dual_gap,rel_dual_gap,termination,ncalls
9,70,462.987,19.48677768909249,0.191897273354936,0.00994550208242898,OPTIMAL,63745
