seed,dimension,p,k,Ns,time,solution,dual_gap,rel_dual_gap,termination,ncalls
7,50,50,25.0,10.0,1806.74,0.22308554039658596,0.06068343751627586,0.3736616487102965,Time limit reached,10836
