seed,dimension,time,solution,dual_gap,rel_dual_gap,termination,ncalls
10,85,23.207,-0.0888404620650074,0.029774984672338578,0.3351511685131857,OPTIMAL,3393
