seed,dimension,p,k,time,solution,dual_gap,rel_dual_gap,termination,ncalls
3,19,95,4.0,679.528,3.632956866161044,0.03594007988210768,0.009991635296005164,OPTIMAL,125922
