seed,dimension,time,solution,dual_gap,rel_dual_gap,termination,ncalls
4,60,14.72,-0.41853300192246884,0.06644757597560991,0.15876305015469006,OPTIMAL,1626
