seed,dimension,p,k,Ns,time,solution,dual_gap,rel_dual_gap,termination,ncalls
10,70,70,35.0,5.0,20.86,-90.02317370756576,5.3497942076319305e-8,5.942685630047189e-10,OPTIMAL,101
