seed,dimension,p,k,Ns,time,solution,dual_gap,rel_dual_gap,termination,ncalls
9,70,70,35.0,0.1,1810.52,0.22895179621613845,0.027066401202379325,0.13406814891455948,Time limit reached,2761
