seed,dimension,var_A,p,k,M,time,solution,dual_gap,rel_dual_gap,termination,ncalls
2,15,1,75,15.0,1.0,1801.771,0.6740154880189696,0.04730743297251938,0.07548559906256999,Time limit reached,136138
