seed,dimension,time,solution,dual_gap,rel_dual_gap,termination,ncalls
3,70,330.972,-11.582346508168099,0.11531981025107108,0.009956515302814096,OPTIMAL,91138
