seed,dimension,var_A,p,k,M,time,solution,dual_gap,rel_dual_gap,termination,ncalls
5,20,5,100,20.0,0.1,1801.955,0.09356948259872976,0.004881073211810416,0.05503620197444116,Time limit reached,97086
