seed,dimension,p,k,Ns,time,solution,dual_gap,rel_dual_gap,termination,ncalls
9,70,70,35.0,5.0,1817.012,-2.509005073293224,0.25750686389818345,0.10263305827444573,Time limit reached,3554
