seed,dimension,time,solution,dual_gap,rel_dual_gap,termination,ncalls
10,40,70.349,6.588771683578255,0.06329168377669525,0.009699161407071964,OPTIMAL,12630
