seed,dimension,time,solution,dual_gap,rel_dual_gap,termination,ncalls
3,110,1800.09,-10.583246575312089,3.3976643214626314,0.3210417802594227,Time limit reached,285606
