seed,dimension,p,k,Ns,time,solution,dual_gap,rel_dual_gap,termination,ncalls
2,50,50,25.0,5.0,1809.017,0.2971152116194541,0.03235086838924223,0.1221874063348222,Time limit reached,7485
