seed,dimension,time,solution,dual_gap,rel_dual_gap,termination,ncalls
2,85,24.244,-0.2696155463645113,0.04168497376399605,0.1546089397517135,OPTIMAL,2976
