seed,num_v,time,solution,dual_gap,rel_dual_gap,number_nodes,termination,ncalls
3,8,1801.554,-0.9868809399417389,0.43624948952158804,0.4420487536696598,23409,Time limit reached,331574
