seed,dimension,time,solution,dual_gap,rel_dual_gap,termination,ncalls
1,40,9.817,-0.1771470729674065,0.007513404553959713,0.042413371150321594,OPTIMAL,968
