seed,dimension,time,solution,dual_gap,rel_dual_gap,termination,ncalls
10,40,10.158,-0.3830487152421222,0.07090792120749412,0.18511463003517387,OPTIMAL,907
