seed,dimension,time,solution,dual_gap,rel_dual_gap,termination,ncalls
3,85,20.052,-0.2789093480901663,0.03122425829211095,0.11195127917339191,OPTIMAL,2420
