seed,dimension,var_A,p,k,M,time,solution,dual_gap,rel_dual_gap,termination,ncalls
3,20,5,100,20.0,0.1,1801.879,0.29385757993418593,0.07256025242648093,0.32788580523619093,Time limit reached,73500
