seed,dimension,time,solution,dual_gap,rel_dual_gap,termination,ncalls
2,70,507.343,-1.2729287315242068,0.01266040194301965,0.009945884344883995,OPTIMAL,161415
