seed,dimension,time,solution,dual_gap,rel_dual_gap,termination,ncalls
10,115,1800.132,6.145296041510927,3.2822399580200985,1.1464113388998558,Time limit reached,151328
