seed,dimension,time,solution,dual_gap,rel_dual_gap,termination,ncalls
9,115,29.477,0.03859894230417371,0.00963070478416106,0.3324573950178262,OPTIMAL,4622
