seed,dimension,time,solution,dual_gap,rel_dual_gap,termination,ncalls
9,40,21.378,-1.716176425335012,0.004931534098216783,0.0028735589333445753,OPTIMAL,5773
