seed,dimension,time,solution,dual_gap,rel_dual_gap,termination,ncalls
3,70,1800.077,-9.295478062212897,2.088696348733169,0.22470026121883294,Time limit reached,233417
