seed,dimension,time,solution,dual_gap,rel_dual_gap,termination,ncalls
7,60,13.612,-0.2833124986264348,0.02654477450449283,0.09369432917074996,OPTIMAL,1505
