seed,n0,m0,M,time,solution,dual_gap,rel_dual_gap,termination,ncalls
3,2,21,20.0,10.688,4.311855546219654,5.1229505970695755e-8,1.1881081365138098e-8,OPTIMAL,55
