seed,dimension,time,solution,dual_gap,rel_dual_gap,termination,ncalls
10,25,8.27,-0.192811727834525,0.0004635100031763484,0.0024039512968533857,OPTIMAL,371
