seed,dimension,p,k,Ns,time,solution,dual_gap,rel_dual_gap,termination,ncalls
7,50,50,25.0,1.0,1803.836,0.22576723137184143,0.0637246582840223,0.3932587410191682,Time limit reached,6794
