seed,dimension,p,k,time,solution,dual_gap,rel_dual_gap,termination,ncalls
2,16,80,4.0,786.848,1.5377815557830616,0.015140553917507571,0.009943613694204491,OPTIMAL,60270
