seed,dimension,p,k,Ns,time,solution,dual_gap,rel_dual_gap,termination,ncalls
9,90,90,45.0,1.0,1836.545,-0.8773312077513368,0.21192873240429855,0.24156069057145158,Time limit reached,1306
