seed,dimension,p,k,time,solution,dual_gap,rel_dual_gap,termination,ncalls
1,28,140,6.0,1447.556,2.262447787186701,0.022388607905023505,0.009994650191430606,OPTIMAL,145476
