seed,dimension,time,solution,dual_gap,rel_dual_gap,termination,ncalls
4,65,12.481,-0.1370827151794251,9.534668804489499e-8,6.955412862963607e-7,OPTIMAL,1597
