seed,dimension,time,solution,dual_gap,rel_dual_gap,termination,ncalls
7,75,17.037,-0.4686526425030963,0.002230908136628851,0.004760259378275268,OPTIMAL,2530
