seed,dimension,var_A,p,k,M,time,solution,dual_gap,rel_dual_gap,termination,ncalls
8,20,1,100,20.0,1.0,1802.345,0.6760744311986266,0.03640243028881185,0.05690796257618927,Time limit reached,80408
