seed,dimension,p,k,Ns,time,solution,dual_gap,rel_dual_gap,termination,ncalls
7,70,70,35.0,5.0,1803.057,0.5415998596926579,0.04741448863600639,0.09594474343630657,Time limit reached,3381
