seed,dimension,var_A,p,k,M,time,solution,dual_gap,rel_dual_gap,termination,ncalls
3,15,1,75,15.0,1.0,1801.377,0.6931471805599453,0.12507774673265315,0.22018038515108707,Time limit reached,146639
