seed,n0,m0,M,time,solution,dual_gap,rel_dual_gap,termination,ncalls
6,2,21,20.0,14.425,0.96232259598199,5.144690429226273e-8,5.3461185736968885e-8,OPTIMAL,22
