seed,dimension,p,k,Ns,time,solution,dual_gap,rel_dual_gap,termination,ncalls
5,50,50,25.0,1.0,1801.952,0.511199222015892,0.06386825023283849,0.1427762758707736,Time limit reached,8443
