seed,dimension,var_A,p,k,M,time,solution,dual_gap,rel_dual_gap,termination,ncalls
9,20,1,100,20.0,1.0,1801.75,0.6931471805599454,0.22981434839512777,0.49600272728650013,Time limit reached,102767
