seed,dimension,p,k,time,solution,dual_gap,rel_dual_gap,termination,ncalls
1,25,125,5.0,247.763,1.918574585754522,0.018871361670212305,0.009933847261489296,OPTIMAL,28558
