seed,dimension,p,k,Ns,time,solution,dual_gap,rel_dual_gap,termination,ncalls
8,90,90,45.0,0.1,1809.62,0.6336920308984719,0.014979739633916633,0.024211155726840804,Time limit reached,1090
