seed,dimension,time,solution,dual_gap,rel_dual_gap,termination,ncalls
8,85,1800.066,-24.589538963191625,2.454662301658974,0.09982547071473717,Time limit reached,327374
