seed,dimension,p,k,Ns,time,solution,dual_gap,rel_dual_gap,termination,ncalls
4,70,70,35.0,1.0,1808.673,0.5297678963076655,0.057614159476189475,0.12202415226622143,Time limit reached,3068
