seed,dimension,time,solution,dual_gap,rel_dual_gap,termination,ncalls
10,80,23.042,-0.20705214683566137,0.013561699832374152,0.06549895782118194,OPTIMAL,2901
