seed,dimension,time,solution,dual_gap,rel_dual_gap,termination,ncalls
8,120,1800.161,9.631946946280278,3.9054299189348383,0.6819904490435477,Time limit reached,148975
