seed,dimension,time,solution,dual_gap,rel_dual_gap,termination,ncalls
8,90,1411.332,26.10741535022613,0.24592727856088814,0.009509401697202982,OPTIMAL,163048
