seed,dimension,time,solution,dual_gap,rel_dual_gap,termination,ncalls
1,110,1781.789,-48.051520751453026,0.3230665212640318,0.0067233360403949885,OPTIMAL,265527
