seed,dimension,time,solution,dual_gap,rel_dual_gap,termination,ncalls
8,50,12.066,-0.23031351527344163,0.0010689179636837742,0.004641143019395507,OPTIMAL,1109
