seed,n0,m0,M,time,solution,dual_gap,rel_dual_gap,termination,ncalls
1,2,22,20.0,14.619,3.7142270359803407,5.539853420444274e-8,1.4915225831396273e-8,OPTIMAL,61
