seed,dimension,p,k,Ns,time,solution,dual_gap,rel_dual_gap,termination,ncalls
9,50,50,25.0,5.0,1804.081,0.17219055341236017,0.05274331335875282,0.44156159100103,Time limit reached,9435
