seed,dimension,p,k,Ns,time,solution,dual_gap,rel_dual_gap,termination,ncalls
10,90,90,45.0,1.0,1827.41,0.08357604955508682,0.07915589101162862,17.907930277473568,Time limit reached,1336
