seed,dimension,time,solution,dual_gap,rel_dual_gap,termination,ncalls
4,90,23.425,-0.089127882242097,0.03768201488056755,0.42278593334252396,OPTIMAL,3313
