seed,dimension,p,k,Ns,time,solution,dual_gap,rel_dual_gap,termination,ncalls
7,50,50,25.0,1.0,1806.114,0.22576723137184143,0.06345906824173148,0.39097890714751804,Time limit reached,9301
