seed,n0,m0,M,time,solution,dual_gap,rel_dual_gap,termination,ncalls
1,3,27,20.0,13.885,3.6436218122750543,8.49949559622587e-8,2.3327052675609656e-8,OPTIMAL,114
