seed,dimension,var_A,p,k,M,time,solution,dual_gap,rel_dual_gap,termination,ncalls
2,5,1,25,5.0,1.0,459.434,0.5304053488365846,0.0052226916391096,0.009944524190839387,OPTIMAL,63374
