seed,dimension,time,solution,dual_gap,rel_dual_gap,termination,ncalls
4,40,15.593,-0.09731296013344426,0.05357552938550553,0.5505487584802472,OPTIMAL,849
