seed,dimension,p,k,Ns,time,solution,dual_gap,rel_dual_gap,termination,ncalls
1,50,50,25.0,0.1,1807.74,0.8399762136523657,0.004166788003065691,0.00498533263109436,Time limit reached,3512
