seed,dimension,time,solution,dual_gap,rel_dual_gap,termination,ncalls
5,45,10.205,-0.21299346584072854,0.0266778057773292,0.1252517567711595,OPTIMAL,852
