seed,dimension,p,k,time,solution,dual_gap,rel_dual_gap,termination,ncalls
3,21,105,5.0,477.195,3.7183894561199775,0.03653905671328417,0.009924101402700176,OPTIMAL,65679
