seed,dimension,time,solution,dual_gap,rel_dual_gap,termination,ncalls
6,80,30.835,-0.539101304127892,0.026964910120382712,0.0500182617142877,OPTIMAL,4599
