seed,dimension,time,solution,dual_gap,rel_dual_gap,termination,ncalls
1,110,1800.058,-47.78889667606077,0.5863479199776691,0.012269542943254275,Time limit reached,293203
