seed,dimension,time,solution,dual_gap,rel_dual_gap,termination,ncalls
8,30,8.879,-0.19815613477348248,4.3791591519681816e-8,2.2099538613700324e-7,OPTIMAL,570
