seed,dimension,p,k,Ns,time,solution,dual_gap,rel_dual_gap,termination,ncalls
10,70,70,35.0,1.0,1806.696,0.9969404444481795,0.018963162631145503,0.0193901872607029,Time limit reached,2515
