seed,dimension,p,k,Ns,time,solution,dual_gap,rel_dual_gap,termination,ncalls
1,70,70,35.0,0.1,1811.804,0.44031746021692914,0.023968148596165584,0.05756740296474236,Time limit reached,3717
