seed,dimension,time,solution,dual_gap,rel_dual_gap,termination,ncalls
7,105,31.425,-0.17436537605097863,0.015240122481922025,0.08740337575658554,OPTIMAL,4530
