seed,dimension,time,solution,dual_gap,rel_dual_gap,termination,ncalls
8,95,43.157,-0.8083880946146144,0.003922319684848019,0.0048520255443864745,OPTIMAL,5712
