seed,dimension,p,k,Ns,time,solution,dual_gap,rel_dual_gap,termination,ncalls
2,50,50,25.0,1.0,1810.088,0.29412725211384577,0.0297569381651272,0.11255778956671862,Time limit reached,4687
