seed,n0,m0,M,time,solution,dual_gap,rel_dual_gap,termination,ncalls
9,3,26,20.0,14.091,1.918254234178397,9.000731360231384e-8,4.692147486078172e-8,OPTIMAL,102
