seed,n0,m0,M,time,solution,dual_gap,rel_dual_gap,termination,ncalls
2,2,25,20.0,12.509,3.665499737781815,8.755701275120487e-8,2.3886787916030784e-8,OPTIMAL,17
