seed,dimension,var_A,p,k,M,time,solution,dual_gap,rel_dual_gap,termination,ncalls
4,15,1,75,15.0,0.1,1801.658,0.6931471805599453,0.08947655663187803,0.14822082288791308,Time limit reached,120052
