seed,dimension,time,solution,dual_gap,rel_dual_gap,termination,ncalls
7,35,9.421,-0.9542643873131534,0.0008243698111644049,0.0008638798870882288,OPTIMAL,958
