seed,dimension,p,k,time,solution,dual_gap,rel_dual_gap,termination,ncalls
2,27,135,6.0,1801.814,2.1045464343605933,0.3997069286463013,0.23445428575919378,Time limit reached,144399
