seed,dimension,p,k,Ns,time,solution,dual_gap,rel_dual_gap,termination,ncalls
10,90,90,45.0,0.1,1804.859,0.8413702127272606,0.0900707872771751,0.1198866713137919,Time limit reached,1003
