seed,dimension,time,solution,dual_gap,rel_dual_gap,termination,ncalls
3,70,340.34,-11.582346508168106,0.11531981025106397,0.009956515302813475,OPTIMAL,91138
