seed,dimension,var_A,p,k,M,time,solution,dual_gap,rel_dual_gap,termination,ncalls
1,20,1,100,20.0,1.0,1801.353,0.6931471805599454,0.17852579991819972,0.3469070789394207,Time limit reached,93025
