seed,dimension,time,solution,dual_gap,rel_dual_gap,termination,ncalls
9,20,8.478,-0.1386993103102877,0.08149325734233256,0.5875534432004165,OPTIMAL,353
