seed,dimension,time,solution,dual_gap,rel_dual_gap,termination,ncalls
2,35,9.323,-0.261442513487636,0.07712421262169833,0.2949949172109136,OPTIMAL,631
