seed,dimension,time,solution,dual_gap,rel_dual_gap,termination,ncalls
9,80,1419.123,4.632755297532656,0.04522723878180468,0.009858738345051063,OPTIMAL,188197
