seed,dimension,time,solution,dual_gap,rel_dual_gap,termination,ncalls
1,85,24.352,-0.1838034375353481,0.006588672130092288,0.03584629438078485,OPTIMAL,3180
