seed,dimension,time,solution,dual_gap,rel_dual_gap,termination,ncalls
5,50,23.562,-2.086619239667468,0.002921871076006166,0.0014002895307683482,OPTIMAL,4956
