seed,dimension,time,solution,dual_gap,rel_dual_gap,termination,ncalls
4,80,18.296,-0.2674479001966192,0.07356384750678918,0.27505860936917953,OPTIMAL,2269
