seed,dimension,time,solution,dual_gap,rel_dual_gap,termination,ncalls
8,50,10.667,-0.23031351595835514,0.0010689172787702594,0.0046411400317623525,OPTIMAL,1109
