seed,dimension,time,solution,dual_gap,rel_dual_gap,termination,ncalls
9,100,25.758,0.16081072112710815,0.050057036316394576,0.4519672316270636,OPTIMAL,3713
