seed,dimension,time,solution,dual_gap,rel_dual_gap,termination,ncalls
8,40,19.555,-1.867371232759245,0.0007672790022454912,0.00041088723483854496,OPTIMAL,3534
