seed,dimension,time,solution,dual_gap,rel_dual_gap,termination,ncalls
3,45,18.082,-0.5469593535691428,0.030955211211092126,0.05659508519069321,OPTIMAL,1185
