seed,dimension,time,solution,dual_gap,rel_dual_gap,termination,ncalls
7,25,8.566,-0.24333777329207884,0.007627662429800175,0.031345985979105165,OPTIMAL,388
