seed,dimension,p,k,time,solution,dual_gap,rel_dual_gap,termination,ncalls
3,15,75,3.0,93.251,3.3580743194150378,0.033128923144161604,0.009963749534448793,OPTIMAL,9367
