seed,dimension,time,solution,dual_gap,rel_dual_gap,termination,ncalls
9,40,19.854,-1.7161764254339849,0.004931533999243953,0.0028735588755083104,OPTIMAL,5773
