seed,dimension,p,k,Ns,time,solution,dual_gap,rel_dual_gap,termination,ncalls
5,90,90,45.0,1.0,1834.822,0.3370039597128762,0.07995884914531792,0.3110693254143911,Time limit reached,1413
