seed,dimension,time,solution,dual_gap,rel_dual_gap,termination,ncalls
10,120,34.923,-0.1698686857410684,0.00029275594008215666,0.0017234250021125486,OPTIMAL,4903
