seed,dimension,p,k,time,solution,dual_gap,rel_dual_gap,termination,ncalls
7,15,75,3.0,32.441,3.1573096230195286,0.031098813945878323,0.009947766112130305,OPTIMAL,2067
