seed,dimension,time,solution,dual_gap,rel_dual_gap,termination,ncalls
7,45,71.623,-2.085306643336115,0.016998562923630445,0.008151589109425079,OPTIMAL,28468
