seed,dimension,time,solution,dual_gap,rel_dual_gap,termination,ncalls
8,75,17.407,-0.3682190239924888,0.021407538343056143,0.058138056287642625,OPTIMAL,2060
