seed,dimension,p,k,Ns,time,solution,dual_gap,rel_dual_gap,termination,ncalls
8,50,50,25.0,5.0,1805.945,-0.14847834037571292,0.08292982335834831,0.5585314541400505,Time limit reached,11793
