seed,dimension,p,k,Ns,time,solution,dual_gap,rel_dual_gap,termination,ncalls
2,70,70,35.0,1.0,1802.685,0.2843021667961945,0.037359183387975586,0.15128667707969454,Time limit reached,3697
