seed,dimension,p,k,time,solution,dual_gap,rel_dual_gap,termination,ncalls
7,28,140,6.0,1802.158,4.096105250978201,0.08659567150526115,0.021597571919667134,Time limit reached,184712
