seed,dimension,time,solution,dual_gap,rel_dual_gap,termination,ncalls
8,60,118.657,-2.961650141307171,0.029414315059701934,0.00993173185767292,OPTIMAL,29424
