seed,n0,m0,M,time,solution,dual_gap,rel_dual_gap,termination,ncalls
7,3,30,20.0,13.512,4.614836276832873,6.221504467163186e-8,1.348152822294347e-8,OPTIMAL,111
