seed,dimension,time,solution,dual_gap,rel_dual_gap,termination,ncalls
4,115,32.688,-0.1515444078582942,0.07525164292628961,0.4965649606592923,OPTIMAL,4643
