seed,dimension,p,k,Ns,time,solution,dual_gap,rel_dual_gap,termination,ncalls
6,70,70,35.0,10.0,22.666,-3762.4674118846647,6.184836820466444e-8,1.643824688269761e-11,OPTIMAL,58
