seed,dimension,p,k,time,solution,dual_gap,rel_dual_gap,termination,ncalls
3,20,100,4.0,590.19,3.4232738207320144,0.03387996704562424,0.00999587787910087,OPTIMAL,101430
