seed,dimension,time,solution,dual_gap,rel_dual_gap,termination,ncalls
5,60,136.691,-2.4181623064905846,0.023349087866993745,0.009655715749237553,OPTIMAL,52730
