seed,dimension,p,k,Ns,time,solution,dual_gap,rel_dual_gap,termination,ncalls
8,50,50,25.0,0.1,1805.632,0.7126680211486925,0.012653755829680646,0.018076425662431395,Time limit reached,10443
