seed,n0,m0,M,time,solution,dual_gap,rel_dual_gap,termination,ncalls
8,2,19,20.0,10.205,2.5479034351512273,5.8699334726242114e-8,2.3038289155212958e-8,OPTIMAL,41
