seed,dimension,p,k,Ns,time,solution,dual_gap,rel_dual_gap,termination,ncalls
9,50,50,25.0,10.0,1803.025,0.17230321797460915,0.05302651938265772,0.4445672961159226,Time limit reached,10106
