seed,dimension,p,k,Ns,time,solution,dual_gap,rel_dual_gap,termination,ncalls
8,70,70,35.0,5.0,1808.002,0.8406554419741952,0.03338857831570041,0.04136002580904284,Time limit reached,3231
