seed,dimension,p,k,Ns,time,solution,dual_gap,rel_dual_gap,termination,ncalls
9,70,70,35.0,0.1,1807.821,0.22895179621613856,0.02681087080009617,0.13263455059837376,Time limit reached,3362
