seed,dimension,time,solution,dual_gap,rel_dual_gap,termination,ncalls
5,85,18.597,-0.20231661538937407,7.34738494490017e-8,3.6316270568087335e-7,OPTIMAL,2774
