seed,dimension,time,solution,dual_gap,rel_dual_gap,termination,ncalls
1,100,173.105,-0.8256830968677676,0.010137395225004231,0.012277585993295106,OPTIMAL,31356
