seed,dimension,p,k,Ns,time,solution,dual_gap,rel_dual_gap,termination,ncalls
2,70,70,35.0,10.0,1803.742,0.285750203476161,0.03842806218946812,0.15537655460019154,Time limit reached,4439
