seed,dimension,time,solution,dual_gap,rel_dual_gap,termination,ncalls
6,40,14.135,-0.6073596176424233,0.0002370908180934217,0.00039036315752063463,OPTIMAL,2039
