seed,n0,m0,M,time,solution,dual_gap,rel_dual_gap,termination,ncalls
9,2,21,20.0,15.176,0.597629811250127,5.644673040094972e-8,9.44510040660862e-8,OPTIMAL,42
