seed,dimension,p,k,Ns,time,solution,dual_gap,rel_dual_gap,termination,ncalls
5,90,90,45.0,0.1,1807.305,0.8692761132992008,0.09096873122127469,0.11688021123274746,Time limit reached,1039
