seed,dimension,p,k,Ns,time,solution,dual_gap,rel_dual_gap,termination,ncalls
5,70,70,35.0,5.0,1813.481,-1.7072530576030664,0.16627164601104827,0.09739133004950586,Time limit reached,4460
