seed,dimension,time,solution,dual_gap,rel_dual_gap,termination,ncalls
2,75,16.771,-0.15325499925285924,0.02390646770863966,0.15599143796409398,OPTIMAL,2120
