seed,dimension,p,k,Ns,time,solution,dual_gap,rel_dual_gap,termination,ncalls
4,50,50,25.0,0.1,1809.226,0.47995280446765004,0.008666131929224719,0.018388238908916197,Time limit reached,7076
