seed,dimension,time,solution,dual_gap,rel_dual_gap,termination,ncalls
10,35,9.612,-2.5582208594808686,0.020469281956138285,0.008001374033159925,OPTIMAL,1145
