seed,dimension,time,solution,dual_gap,rel_dual_gap,termination,ncalls
1,55,12.598,0.3987037738078666,0.09113615239025907,0.2963125701275191,OPTIMAL,1382
