seed,n0,m0,M,time,solution,dual_gap,rel_dual_gap,termination,ncalls
9,2,23,20.0,15.274,0.9733858225458035,5.968347638329874e-8,6.131533731066107e-8,OPTIMAL,61
