seed,dimension,time,solution,dual_gap,rel_dual_gap,termination,ncalls
9,115,1396.605,32.06911322240679,0.3147940132006255,0.009913423466164592,OPTIMAL,146164
