seed,dimension,time,solution,dual_gap,rel_dual_gap,termination,ncalls
8,55,14.912,-0.46743861704887163,3.573533161049802e-7,7.644924982045679e-7,OPTIMAL,2540
