seed,dimension,time,solution,dual_gap,rel_dual_gap,termination,ncalls
3,75,157.131,-0.9809358511852484,0.00618158558926285,0.006301722566051331,OPTIMAL,33836
