seed,dimension,time,solution,dual_gap,rel_dual_gap,termination,ncalls
1,20,8.301,-2.594074440750031,0.004132053851167328,0.0015928817563048102,OPTIMAL,414
