seed,dimension,time,solution,dual_gap,rel_dual_gap,termination,ncalls
6,95,151.789,-0.7510810133286128,0.007194527167240672,0.009578896336836203,OPTIMAL,23035
