seed,dimension,time,solution,dual_gap,rel_dual_gap,termination,ncalls
7,85,548.432,-1.3020688456361809,0.012577790784592757,0.009659850803393844,OPTIMAL,149715
