seed,dimension,time,solution,dual_gap,rel_dual_gap,termination,ncalls
5,70,13.047,-0.2649770136533421,0.0006757583587064797,0.0025502527535861846,OPTIMAL,1700
