seed,dimension,time,solution,dual_gap,rel_dual_gap,termination,ncalls
7,35,10.624,-0.9542641853338127,0.015628778431864276,0.01637783191705675,OPTIMAL,998
