seed,dimension,time,solution,dual_gap,rel_dual_gap,termination,ncalls
2,60,15.068,-0.8669776146015707,0.007818611679500598,0.009018239396058373,OPTIMAL,1820
