seed,n0,m0,M,time,solution,dual_gap,rel_dual_gap,termination,ncalls
10,3,27,20.0,13.783,2.079116257483275,4.615712390076965e-8,2.2200357848842234e-8,OPTIMAL,95
