seed,dimension,time,solution,dual_gap,rel_dual_gap,termination,ncalls
1,95,1265.682,30.948564636447877,0.2868011996079147,0.009353708575786756,OPTIMAL,136123
