seed,n0,m0,M,time,solution,dual_gap,rel_dual_gap,termination,ncalls
7,2,22,20.0,15.299,4.524304927622753,7.977460469987818e-8,1.7632455677212074e-8,OPTIMAL,60
