seed,dimension,p,k,time,solution,dual_gap,rel_dual_gap,termination,ncalls
3,30,150,6.0,1801.602,4.319300767044491,0.3479748173615973,0.08762182247704516,Time limit reached,155932
