seed,dimension,time,solution,dual_gap,rel_dual_gap,termination,ncalls
4,55,11.912,-0.42735173849678043,0.07892967211873736,0.18469486609876515,OPTIMAL,1097
