seed,dimension,p,k,Ns,time,solution,dual_gap,rel_dual_gap,termination,ncalls
10,70,70,35.0,0.1,1817.742,0.9971627249381513,0.019258227941732375,0.019693362696339967,Time limit reached,1665
