seed,dimension,time,solution,dual_gap,rel_dual_gap,termination,ncalls
10,75,28.652,-0.603545314834019,0.004247003856035714,0.007036760540844696,OPTIMAL,4352
