seed,dimension,p,k,time,solution,dual_gap,rel_dual_gap,termination,ncalls
3,27,135,6.0,1801.633,4.457526586478268,0.24926237672367169,0.05923163667953427,Time limit reached,169030
