seed,dimension,p,k,Ns,time,solution,dual_gap,rel_dual_gap,termination,ncalls
4,90,90,45.0,1.0,1827.892,-1.3631633489115382,0.24061146006548562,0.17650963126144023,Time limit reached,1543
