seed,dimension,p,k,Ns,time,solution,dual_gap,rel_dual_gap,termination,ncalls
7,90,90,45.0,1.0,21.393,-1733.4771780007509,10973.387213146325,6.330274982796209,OPTIMAL,28
