seed,dimension,p,k,Ns,time,solution,dual_gap,rel_dual_gap,termination,ncalls
10,70,70,35.0,5.0,1817.068,0.9971470436774174,0.01929814248316697,0.019735301087517792,Time limit reached,3266
