seed,dimension,p,k,Ns,time,solution,dual_gap,rel_dual_gap,termination,ncalls
7,50,50,25.0,10.0,10.527,0.6930363224575776,0.005778062638723491,0.008407410978583886,OPTIMAL,73
