seed,dimension,p,k,Ns,time,solution,dual_gap,rel_dual_gap,termination,ncalls
5,70,70,35.0,1.0,1814.847,-1.3961402249775712,0.18916680096990124,0.13549269449130025,Time limit reached,3140
