seed,dimension,time,solution,dual_gap,rel_dual_gap,termination,ncalls
4,50,10.809,-0.3466236242380477,0.02498460862096541,0.07207993591287057,OPTIMAL,1160
