seed,dimension,var_A,p,k,M,time,solution,dual_gap,rel_dual_gap,termination,ncalls
2,20,1,100,20.0,1.0,1802.248,0.6754754165320016,0.04622872618271978,0.0734667768487732,Time limit reached,76275
