seed,n0,m0,M,time,solution,dual_gap,rel_dual_gap,termination,ncalls
4,2,23,20.0,15.822,2.1164218359908626,3.0194258204829794e-8,1.4266654275689109e-8,OPTIMAL,38
