seed,dimension,time,solution,dual_gap,rel_dual_gap,termination,ncalls
6,85,53.695,-0.3595839043756896,0.01068277396120626,0.029708710070751685,OPTIMAL,8376
