seed,dimension,time,solution,dual_gap,rel_dual_gap,termination,ncalls
6,100,1504.641,30.71444381615608,0.29695545432766934,0.009762655311814812,OPTIMAL,167466
