seed,dimension,p,k,time,solution,dual_gap,rel_dual_gap,termination,ncalls
7,29,145,6.0,1801.652,4.048275096032361,0.1052627553660126,0.026696024833699542,Time limit reached,177037
