seed,dimension,p,k,Ns,time,solution,dual_gap,rel_dual_gap,termination,ncalls
4,50,50,25.0,5.0,1810.823,-0.9854647018276356,0.10288660497518987,0.1044041504321536,Time limit reached,7163
