seed,dimension,time,solution,dual_gap,rel_dual_gap,termination,ncalls
6,25,8.536,-1.4184528634432176,0.012105149365757573,0.008534051203064285,OPTIMAL,633
