seed,dimension,time,solution,dual_gap,rel_dual_gap,termination,ncalls
9,110,27.935,-0.03940624366637935,0.0223255783291324,0.5665492635670869,OPTIMAL,3814
