seed,dimension,p,k,Ns,time,solution,dual_gap,rel_dual_gap,termination,ncalls
9,70,70,35.0,5.0,1810.277,-2.509005073293224,0.25721960704537405,0.10251856793089599,Time limit reached,4249
