seed,dimension,p,k,time,solution,dual_gap,rel_dual_gap,termination,ncalls
7,25,125,5.0,187.39,3.8324391592107374,0.037916045117265984,0.00999230838163554,OPTIMAL,23317
