seed,dimension,time,solution,dual_gap,rel_dual_gap,termination,ncalls
8,55,18.789,-0.46549638755736156,0.0036740992241563464,0.007892863021850195,OPTIMAL,2502
