seed,dimension,time,solution,dual_gap,rel_dual_gap,termination,ncalls
7,45,84.865,-2.081905165792257,0.020400040467488445,0.009798736658461255,OPTIMAL,28468
