seed,dimension,time,solution,dual_gap,rel_dual_gap,termination,ncalls
10,95,26.34,-0.03513393825106603,0.059158289296524225,1.6837932848228094,OPTIMAL,3369
