seed,dimension,p,k,Ns,time,solution,dual_gap,rel_dual_gap,termination,ncalls
6,50,50,25.0,10.0,1806.043,0.6408045808419942,0.025831982843374623,0.04200509571880568,Time limit reached,13100
