seed,dimension,time,solution,dual_gap,rel_dual_gap,termination,ncalls
9,75,15.208,-0.13152337943392867,0.04249378713216739,0.32308922805252527,OPTIMAL,1731
