seed,dimension,p,k,Ns,time,solution,dual_gap,rel_dual_gap,termination,ncalls
10,50,50,25.0,5.0,1802.489,0.5398655492765561,0.07000245122738147,0.14898478198867876,Time limit reached,9193
