seed,dimension,var_A,p,k,M,time,solution,dual_gap,rel_dual_gap,termination,ncalls
9,10,1,50,10.0,1.0,1801.535,0.6235020991281932,0.07881693209206753,0.14470181466652657,Time limit reached,234360
