seed,dimension,time,solution,dual_gap,rel_dual_gap,termination,ncalls
1,105,33.73,-0.09905170271861863,3.190649860984607e-8,3.221196378671504e-7,OPTIMAL,4613
