seed,dimension,var_A,p,k,M,time,solution,dual_gap,rel_dual_gap,termination,ncalls
2,20,1,100,20.0,0.1,1801.261,0.6931471805599454,0.06309780818191957,0.1001474026452347,Time limit reached,74658
