seed,dimension,time,solution,dual_gap,rel_dual_gap,termination,ncalls
6,50,12.911,-0.24210863063221233,2.003181986953706e-8,8.273897472067997e-8,OPTIMAL,1706
