seed,dimension,p,k,Ns,time,solution,dual_gap,rel_dual_gap,termination,ncalls
6,70,70,35.0,1.0,1804.045,0.12583764119430313,0.057472341103553315,0.840665381813041,Time limit reached,3209
