seed,dimension,p,k,Ns,time,solution,dual_gap,rel_dual_gap,termination,ncalls
8,50,50,25.0,1.0,1806.761,-0.1420765082387414,0.08743277390877616,0.6153921925069876,Time limit reached,7137
