seed,dimension,time,solution,dual_gap,rel_dual_gap,termination,ncalls
4,115,1751.151,32.55709720621315,0.320340470712452,0.00993711846823838,OPTIMAL,181343
