seed,dimension,time,solution,dual_gap,rel_dual_gap,termination,ncalls
2,45,10.705,-0.34748069929539743,0.0005193908204535469,0.0014947328628805558,OPTIMAL,1303
