seed,dimension,time,solution,dual_gap,rel_dual_gap,termination,ncalls
7,80,17.608,-0.261934438855013,0.0026787127724431925,0.010226653601384294,OPTIMAL,2094
