seed,dimension,var_A,p,k,M,time,solution,dual_gap,rel_dual_gap,termination,ncalls
2,10,1,50,10.0,0.1,1801.35,0.6931471805599454,0.05786687632146026,0.09108873033743063,Time limit reached,216267
