seed,dimension,p,k,Ns,time,solution,dual_gap,rel_dual_gap,termination,ncalls
3,50,50,25.0,1.0,1811.482,0.5269843816471264,0.044274217620755896,0.09172008571656509,Time limit reached,4829
