seed,dimension,time,solution,dual_gap,rel_dual_gap,termination,ncalls
6,85,43.913,-0.3595837235134529,0.010376883425227301,0.028858045419397512,OPTIMAL,8521
