seed,dimension,var_A,p,k,M,time,solution,dual_gap,rel_dual_gap,termination,ncalls
10,15,1,75,15.0,0.1,1801.529,0.6931471805599453,0.08468704875732347,0.13918257636113301,Time limit reached,118281
