seed,dimension,time,solution,dual_gap,rel_dual_gap,termination,ncalls
2,110,1800.072,-0.3015484689360006,1.5257810926995186,5.05982039332902,Time limit reached,338572
