seed,dimension,time,solution,dual_gap,rel_dual_gap,termination,ncalls
6,35,17.887,-13.97065532658532,0.135056906884099,0.009667184804645047,OPTIMAL,3842
