seed,dimension,p,k,Ns,time,solution,dual_gap,rel_dual_gap,termination,ncalls
9,50,50,25.0,5.0,1803.49,0.17219055341236017,0.05270042029265512,0.4410441173402988,Time limit reached,10566
