seed,dimension,time,solution,dual_gap,rel_dual_gap,termination,ncalls
5,95,1800.096,6.790135936528818,2.559753020153912,0.6050877830102935,Time limit reached,184462
