seed,dimension,time,solution,dual_gap,rel_dual_gap,termination,ncalls
3,50,23.19,-0.5871793434092759,0.005388128990746144,0.009176291794363257,OPTIMAL,4309
