seed,dimension,time,solution,dual_gap,rel_dual_gap,termination,ncalls
3,50,18.778,-0.5871793468338956,5.822885304818115e-6,9.916706601169546e-6,OPTIMAL,3898
