seed,dimension,time,solution,dual_gap,rel_dual_gap,termination,ncalls
5,100,78.746,-1.8782760221210713,0.017425253810710917,0.009277259362036251,OPTIMAL,13781
