seed,dimension,var_A,p,k,M,time,solution,dual_gap,rel_dual_gap,termination,ncalls
5,10,1,50,10.0,1.0,1801.59,0.6467291368416659,0.05931998811182182,0.10098580902270513,Time limit reached,234108
