seed,dimension,time,solution,dual_gap,rel_dual_gap,termination,ncalls
8,85,1801.493,-25.30128525272477,1.7429160121258285,0.06888646148669972,Time limit reached,325782
