seed,dimension,time,solution,dual_gap,rel_dual_gap,termination,ncalls
1,70,75.307,-27.786109617699392,0.27692421031708037,0.00996628222256358,OPTIMAL,12134
