seed,dimension,time,solution,dual_gap,rel_dual_gap,termination,ncalls
1,115,39.817,-0.08332080933217018,0.03866935550541162,0.4641020150350529,OPTIMAL,5671
