seed,dimension,time,solution,dual_gap,rel_dual_gap,termination,ncalls
7,20,27.604,1.0308683856149163,0.007993526233814663,0.007814764592661127,OPTIMAL,4347
