seed,num_v,time,solution,dual_gap,rel_dual_gap,number_nodes,termination,ncalls
3,8,1801.671,-0.9868809399417389,0.014712743889675473,0.014908327128644362,16916,Time limit reached,420171
