seed,dimension,p,k,time,solution,dual_gap,rel_dual_gap,termination,ncalls
8,16,80,4.0,0.88,2.1846094438653862,0.01798113608072205,0.008299132812082296,OPTIMAL,57
