seed,dimension,time,solution,dual_gap,rel_dual_gap,termination,ncalls
3,110,1800.182,-11.668068594304003,4.529970614599559,0.3882365430051511,Time limit reached,498016
