seed,n0,m0,M,time,solution,dual_gap,rel_dual_gap,termination,ncalls
2,2,24,20.0,0.7,3.721536082875753,7.701581239416555e-8,2.069463046250157e-8,OPTIMAL,19
