seed,dimension,time,solution,dual_gap,rel_dual_gap,termination,ncalls
3,65,14.349,-0.8244571813902216,0.007906474180470524,0.00958991486633474,OPTIMAL,6472
