seed,dimension,p,k,time,solution,dual_gap,rel_dual_gap,termination,ncalls
1,29,145,6.0,669.815,2.0679355073617574,0.02045795965193209,0.009991787052715195,OPTIMAL,97648
