seed,dimension,var_A,p,k,M,time,solution,dual_gap,rel_dual_gap,termination,ncalls
3,10,1,50,10.0,1.0,1800.136,0.6681557145501444,0.01365021379679221,0.020855766347388175,Time limit reached,319440
