seed,dimension,time,solution,dual_gap,rel_dual_gap,termination,ncalls
8,65,1800.022,-0.48876588871228854,2.9251749035217873,5.984818030629155,Time limit reached,225658
