seed,dimension,p,k,time,solution,dual_gap,rel_dual_gap,termination,ncalls
9,19,95,4.0,0.708,2.2541731279153843,0.012172386936111224,0.00542925196839788,OPTIMAL,35
