seed,dimension,p,k,Ns,time,solution,dual_gap,rel_dual_gap,termination,ncalls
9,90,90,45.0,5.0,1800.653,-0.999234638902262,0.20749640901776056,0.20765534033699204,Time limit reached,20180
