seed,dimension,time,solution,dual_gap,rel_dual_gap,termination,ncalls
8,75,22.133,-0.36821818896027125,0.0012257860927905595,0.0033289667092540483,OPTIMAL,6390
