seed,dimension,time,solution,dual_gap,rel_dual_gap,termination,ncalls
4,30,34.611,4.469739487754895,0.03740681531361112,0.008439532426388886,OPTIMAL,7237
