seed,dimension,time,solution,dual_gap,rel_dual_gap,termination,ncalls
5,25,1.251,-0.3023611105183074,0.00927322543633785,0.03066937219684664,OPTIMAL,526
