seed,dimension,var_A,p,k,M,time,solution,dual_gap,rel_dual_gap,termination,ncalls
7,15,1,75,15.0,1.0,1800.254,0.6470156650733979,0.019054071002354234,0.030342733030578578,Time limit reached,242456
