seed,dimension,time,solution,dual_gap,rel_dual_gap,termination,ncalls
2,45,7.399,-0.3474806992953973,0.0006189883154944509,0.0017813602791452937,OPTIMAL,1744
