seed,dimension,p,k,time,solution,dual_gap,rel_dual_gap,termination,ncalls
2,29,145,6.0,1800.127,2.0424263803112144,0.15361604736609324,0.08132952509136687,Time limit reached,242406
