seed,dimension,p,k,time,solution,dual_gap,rel_dual_gap,termination,ncalls
2,25,125,5.0,1800.167,1.831704795182616,0.051301634612235913,0.02881461668254994,Time limit reached,240602
