seed,dimension,p,k,Ns,time,solution,dual_gap,rel_dual_gap,termination,ncalls
9,70,70,35.0,1.0,1802.327,-2.226163031459371,0.05328147261373761,0.02393421859081395,Time limit reached,19036
