seed,dimension,time,solution,dual_gap,rel_dual_gap,termination,ncalls
3,105,265.479,-0.6697021521881938,0.004774593889574019,0.0071294289169796556,OPTIMAL,68183
