seed,dimension,time,solution,dual_gap,rel_dual_gap,termination,ncalls
5,70,1800.166,-0.26497701365334736,0.09619803046347242,0.3630429263925595,Time limit reached,1161533
