seed,dimension,time,solution,dual_gap,rel_dual_gap,termination,ncalls
9,50,125.713,-2.3817076753074176,0.022207030703283337,0.009323995103814316,OPTIMAL,77786
