seed,dimension,time,solution,dual_gap,rel_dual_gap,termination,ncalls
6,45,22.31,-0.39679078274920565,0.004801299836322437,0.012100331068822058,OPTIMAL,13902
