seed,dimension,time,solution,dual_gap,rel_dual_gap,termination,ncalls
6,40,6.192,-0.6073705628033754,0.011803721825198732,0.019434135514763102,OPTIMAL,3552
