seed,dimension,p,k,Ns,time,solution,dual_gap,rel_dual_gap,termination,ncalls
7,70,70,35.0,1.0,1800.381,0.5380874348374264,0.04282937332840636,0.08647890192419679,Time limit reached,30125
