seed,dimension,p,k,time,solution,dual_gap,rel_dual_gap,termination,ncalls
2,17,85,4.0,243.599,1.9730825424630343,0.019516421984816734,0.009990151743642681,OPTIMAL,47503
