seed,dimension,p,k,Ns,time,solution,dual_gap,rel_dual_gap,termination,ncalls
8,50,50,25.0,0.1,1801.719,0.7104545664771601,0.008971641075982362,0.012789535926126049,Time limit reached,58325
