seed,dimension,time,solution,dual_gap,rel_dual_gap,termination,ncalls
10,40,3.938,-0.38287048645744454,0.0031762253718895517,0.00829582191429264,OPTIMAL,1680
