seed,dimension,time,solution,dual_gap,rel_dual_gap,termination,ncalls
4,30,1.887,-0.1941856537381651,0.005293832792049535,0.027261709040502045,OPTIMAL,808
