seed,dimension,time,solution,dual_gap,rel_dual_gap,termination,ncalls
7,105,1390.071,-0.17472197171844728,0.0019355125420266184,0.01107767113082702,OPTIMAL,727343
