seed,dimension,p,k,time,solution,dual_gap,rel_dual_gap,termination,ncalls
2,21,105,5.0,1800.067,2.033418409196724,0.06517714064377111,0.03311440608685602,Time limit reached,321466
