seed,dimension,var_A,p,k,M,time,solution,dual_gap,rel_dual_gap,termination,ncalls
3,15,5,75,15.0,0.1,1800.212,0.24568316421158842,0.030654518462427283,0.14256016148744624,Time limit reached,276401
