seed,dimension,var_A,p,k,M,time,solution,dual_gap,rel_dual_gap,termination,ncalls
2,5,1,25,5.0,1.0,28.63,0.5304053488365846,0.005179502514635614,0.009861476831170113,OPTIMAL,13737
