seed,dimension,time,solution,dual_gap,rel_dual_gap,termination,ncalls
9,80,565.644,-0.5742550867280652,0.004350651542690875,0.007576165441528075,OPTIMAL,258035
