seed,dimension,p,k,Ns,time,solution,dual_gap,rel_dual_gap,termination,ncalls
7,70,70,35.0,1.0,1802.417,-381.43967186344935,5.667090752591037,0.014857108923425733,Time limit reached,101449
