seed,dimension,time,solution,dual_gap,rel_dual_gap,termination,ncalls
5,65,16.477,-0.41531918131398804,0.001957586039977588,0.0047134496263432175,OPTIMAL,6109
