seed,dimension,time,solution,dual_gap,rel_dual_gap,termination,ncalls
5,55,4.579,-0.5609482495360298,0.004753132296507978,0.008473388232228868,OPTIMAL,1466
