seed,dimension,time,solution,dual_gap,rel_dual_gap,termination,ncalls
6,75,1800.014,-10.632886180430244,1.870515560298685,0.17591795196127993,Time limit reached,914402
