seed,dimension,p,k,time,solution,dual_gap,rel_dual_gap,termination,ncalls
2,30,150,6.0,1800.137,2.2442383923880818,0.349659606884404,0.18455796589712486,Time limit reached,287072
