seed,dimension,p,k,Ns,time,solution,dual_gap,rel_dual_gap,termination,ncalls
4,90,90,45.0,5.0,1800.592,-1.6548243395620015,0.24360788601215178,0.1472107221221014,Time limit reached,24844
