seed,dimension,p,k,time,solution,dual_gap,rel_dual_gap,termination,ncalls
9,18,90,4.0,1.158,1.835192389005201,0.014067615006533307,0.007724684880127603,OPTIMAL,105
