seed,dimension,time,solution,dual_gap,rel_dual_gap,termination,ncalls
6,80,22.836,-0.538533221056238,0.002734252424792083,0.005077221456142165,OPTIMAL,8566
