seed,dimension,p,k,Ns,time,solution,dual_gap,rel_dual_gap,termination,ncalls
8,90,90,45.0,0.1,1805.071,0.6336920308984719,0.013607990723860874,0.021945397465848282,Time limit reached,26378
