seed,dimension,p,k,time,solution,dual_gap,rel_dual_gap,termination,ncalls
4,20,100,4.0,19.309,5.58043616690493,0.05310887478920634,0.009608418677316571,OPTIMAL,4224
