seed,dimension,p,k,Ns,time,solution,dual_gap,rel_dual_gap,termination,ncalls
4,70,70,35.0,1.0,1800.305,0.5297678963076655,0.05635229781474521,0.11903346234078076,Time limit reached,36473
