seed,n0,m0,M,time,solution,dual_gap,rel_dual_gap,termination,ncalls
10,2,20,20.0,0.833,1.4400681162035136,0.003467331011556274,0.002413566139804784,OPTIMAL,74
