seed,dimension,p,k,Ns,time,solution,dual_gap,rel_dual_gap,termination,ncalls
2,90,90,45.0,0.1,1800.275,0.8229861560750843,0.08858137896693885,0.12061656150405829,Time limit reached,31240
