seed,dimension,p,k,time,solution,dual_gap,rel_dual_gap,termination,ncalls
10,22,110,5.0,1.275,3.009951121912594,0.02518844241172724,0.008439010104461448,OPTIMAL,107
