seed,dimension,time,solution,dual_gap,rel_dual_gap,termination,ncalls
1,85,1800.224,-0.18380343753585082,3.8250272353661887,20.810422735538435,Time limit reached,873457
