seed,dimension,time,solution,dual_gap,rel_dual_gap,termination,ncalls
9,90,1800.013,-1.6676795462970126,0.5947747369990317,0.3566480972436792,Time limit reached,693815
