seed,dimension,p,k,time,solution,dual_gap,rel_dual_gap,termination,ncalls
10,17,85,4.0,0.92,3.263724871380578,0.028346655909848195,0.008761465900432265,OPTIMAL,40
