seed,dimension,time,solution,dual_gap,rel_dual_gap,termination,ncalls
3,35,6.358,-1.9656040191465336,0.00940633978702854,0.004785470367074635,OPTIMAL,2690
