seed,dimension,time,solution,dual_gap,rel_dual_gap,termination,ncalls
5,35,2.682,-0.3694549968839925,0.011072521516349354,0.029969878901992722,OPTIMAL,1239
