seed,dimension,var_A,p,k,M,time,solution,dual_gap,rel_dual_gap,termination,ncalls
3,15,5,75,15.0,1.0,1800.144,0.2512161674035276,0.07154585497837765,0.3982063258680168,Time limit reached,243885
