seed,dimension,p,k,Ns,time,solution,dual_gap,rel_dual_gap,termination,ncalls
7,50,50,25.0,1.0,3.553,-1645.3652067711275,0.0023467740909381973,1.4262937378769045e-6,OPTIMAL,76
