seed,dimension,p,k,Ns,time,solution,dual_gap,rel_dual_gap,termination,ncalls
2,90,90,45.0,1.0,1800.392,-0.08185655509841146,0.0632242377209513,0.7723784325511918,Time limit reached,24336
