seed,dimension,p,k,Ns,time,solution,dual_gap,rel_dual_gap,termination,ncalls
7,50,50,25.0,10.0,4.35,0.6930363738126359,0.005662273506964355,0.008237542707015542,OPTIMAL,44
