seed,dimension,p,k,time,solution,dual_gap,rel_dual_gap,termination,ncalls
2,27,135,6.0,1800.094,2.1045464343605933,0.3060153209689611,0.1701473600820193,Time limit reached,272564
