seed,dimension,p,k,time,solution,dual_gap,rel_dual_gap,termination,ncalls
9,27,135,6.0,2.515,3.3356267696550654,0.03222152415327528,0.009754033113906014,OPTIMAL,387
