seed,dimension,p,k,time,solution,dual_gap,rel_dual_gap,termination,ncalls
10,20,100,4.0,1.202,2.3902751479788935,0.02305095282228642,0.009737545294378614,OPTIMAL,113
