seed,dimension,p,k,time,solution,dual_gap,rel_dual_gap,termination,ncalls
7,25,125,5.0,60.107,3.8324391592107374,0.037370629635845365,0.009847155418832836,OPTIMAL,10469
