seed,dimension,p,k,Ns,time,solution,dual_gap,rel_dual_gap,termination,ncalls
4,50,50,25.0,10.0,1802.105,-1.0484673748346125,0.0398369315673166,0.03799539453824261,Time limit reached,43210
