seed,dimension,p,k,time,solution,dual_gap,rel_dual_gap,termination,ncalls
4,25,125,5.0,7.566,4.560058701673463,0.04504615464231598,0.009976972195112978,OPTIMAL,900
