seed,dimension,time,solution,dual_gap,rel_dual_gap,termination,ncalls
10,65,20.197,-0.1947107064049884,0.0007943432974235887,0.004079607701547725,OPTIMAL,5270
