seed,dimension,time,solution,dual_gap,rel_dual_gap,termination,ncalls
4,110,1800.354,-0.2398344331705306,31.649409590927178,131.96357659128682,Time limit reached,756104
