seed,dimension,p,k,time,solution,dual_gap,rel_dual_gap,termination,ncalls
5,17,85,4.0,5.886,4.7972456633480265,0.043447007568119034,0.009139429478211909,OPTIMAL,1034
