seed,dimension,p,k,time,solution,dual_gap,rel_dual_gap,termination,ncalls
7,24,120,5.0,154.885,3.6739884198705677,0.036302192898415075,0.009979473388674151,OPTIMAL,27319
