seed,dimension,p,k,Ns,time,solution,dual_gap,rel_dual_gap,termination,ncalls
4,90,90,45.0,5.0,1800.703,-1.6548243395620015,0.24361346284654894,0.14721409216825304,Time limit reached,20925
