seed,dimension,time,solution,dual_gap,rel_dual_gap,termination,ncalls
3,55,7.535,-1.1735677569320362,0.010027521446389853,0.008544475925790596,OPTIMAL,3734
