seed,dimension,time,solution,dual_gap,rel_dual_gap,termination,ncalls
10,35,4.79,-2.5563348330478437,0.022093508519824834,0.00864265049875465,OPTIMAL,3047
