seed,dimension,time,solution,dual_gap,rel_dual_gap,termination,ncalls
1,110,1800.191,-47.64983305222148,1.9626223376559153,0.041188441006813056,Time limit reached,422599
