seed,dimension,p,k,Ns,time,solution,dual_gap,rel_dual_gap,termination,ncalls
2,70,70,35.0,0.1,1800.197,0.8635729374480843,0.04678184784053108,0.057275169178214874,Time limit reached,54909
