seed,dimension,time,solution,dual_gap,rel_dual_gap,termination,ncalls
9,20,1.907,-0.13869977881172846,0.007392186246767796,0.05329630883407517,OPTIMAL,510
