seed,dimension,p,k,Ns,time,solution,dual_gap,rel_dual_gap,termination,ncalls
5,50,50,25.0,1.0,4.136,-1372.1508165958826,0.03531753987272168,2.573881780746204e-5,OPTIMAL,96
