seed,dimension,p,k,time,solution,dual_gap,rel_dual_gap,termination,ncalls
7,30,150,6.0,1800.11,4.631054012114318,0.17646456983273495,0.039614104087301046,Time limit reached,319675
