seed,dimension,time,solution,dual_gap,rel_dual_gap,termination,ncalls
5,70,1800.005,10.332124649947328,1.3454476046042796,0.14971580683446267,Time limit reached,430907
