seed,dimension,p,k,Ns,time,solution,dual_gap,rel_dual_gap,termination,ncalls
1,70,70,35.0,1.0,1800.238,-1.2120706695776509,0.22502431395921074,0.18565280029226436,Time limit reached,26423
