seed,dimension,time,solution,dual_gap,rel_dual_gap,termination,ncalls
10,50,3.808,0.015598867984636444,0.0009206335523256892,0.06272100071512186,OPTIMAL,1656
