seed,dimension,time,solution,dual_gap,rel_dual_gap,termination,ncalls
4,70,18.166,-0.381849016505013,0.0015408369677953893,0.004035199519166918,OPTIMAL,4694
