seed,dimension,time,solution,dual_gap,rel_dual_gap,termination,ncalls
5,105,1800.277,-0.31799390226446045,26.068200540829906,81.9770453307316,Time limit reached,740538
