seed,dimension,time,solution,dual_gap,rel_dual_gap,termination,ncalls
7,40,86.832,5.2592356920605745,0.0450240634061263,0.00863487457215943,OPTIMAL,13598
