seed,dimension,time,solution,dual_gap,rel_dual_gap,termination,ncalls
7,55,25.292,-0.48849940782528517,0.004384081980794041,0.008974590164420497,OPTIMAL,11618
