seed,dimension,p,k,time,solution,dual_gap,rel_dual_gap,termination,ncalls
7,19,95,4.0,13.212,3.1937334111517086,0.030953901684356744,0.009786930006249387,OPTIMAL,2963
