seed,dimension,p,k,time,solution,dual_gap,rel_dual_gap,termination,ncalls
9,25,125,5.0,0.878,3.0525710516982505,0.02538760165177667,0.00838654216723698,OPTIMAL,38
