seed,dimension,var_A,p,k,M,time,solution,dual_gap,rel_dual_gap,termination,ncalls
8,20,1,100,20.0,0.1,1800.032,0.6931471805599454,0.05176799796243425,0.08071356128644507,Time limit reached,273927
