seed,dimension,p,k,Ns,time,solution,dual_gap,rel_dual_gap,termination,ncalls
2,90,90,45.0,5.0,1800.438,-0.0829954619438676,0.06338599507891184,0.7637284448369207,Time limit reached,22972
