seed,dimension,p,k,time,solution,dual_gap,rel_dual_gap,termination,ncalls
8,30,150,6.0,2.949,3.985746549412991,0.03786240189870815,0.009590555468186057,OPTIMAL,407
