seed,dimension,p,k,Ns,time,solution,dual_gap,rel_dual_gap,termination,ncalls
10,50,50,25.0,10.0,1803.369,0.5026089110049429,0.03244028776950175,0.0689971345732635,Time limit reached,58737
