seed,dimension,p,k,time,solution,dual_gap,rel_dual_gap,termination,ncalls
7,21,105,5.0,470.561,3.345795262964071,0.03303573584837416,0.009972271026003874,OPTIMAL,101099
