seed,dimension,time,solution,dual_gap,rel_dual_gap,termination,ncalls
1,50,6.751,-0.3987963186469019,0.0016441249689865822,0.0041227185209859124,OPTIMAL,2007
