seed,dimension,var_A,p,k,M,time,solution,dual_gap,rel_dual_gap,termination,ncalls
2,15,5,75,15.0,1.0,1800.259,0.3541476515852805,0.08308966222023423,0.30653832567293765,Time limit reached,233732
