seed,dimension,time,solution,dual_gap,rel_dual_gap,termination,ncalls
7,60,6.863,-0.2829295303676687,0.0010950328954776323,0.003870337939113779,OPTIMAL,2815
