seed,dimension,time,solution,dual_gap,rel_dual_gap,termination,ncalls
7,50,1800.008,3.0724240331621617,1.8769893653650156,1.5701312802177516,Time limit reached,366507
