seed,dimension,time,solution,dual_gap,rel_dual_gap,termination,ncalls
7,110,1800.339,-0.040598157432799264,15.026398909461376,370.1251450717698,Time limit reached,743237
