seed,dimension,p,k,Ns,time,solution,dual_gap,rel_dual_gap,termination,ncalls
8,50,50,25.0,1.0,1801.126,-0.19872298920661016,0.03009250672597344,0.15142941864006776,Time limit reached,48034
