seed,dimension,time,solution,dual_gap,rel_dual_gap,termination,ncalls
4,40,2.863,-0.09731292165519745,0.0012367626001091314,0.012709130288897008,OPTIMAL,1324
