seed,dimension,time,solution,dual_gap,rel_dual_gap,termination,ncalls
6,115,1800.195,-10.736123546000188,4.5388143674603345,0.42276100382165394,Time limit reached,478042
