seed,dimension,time,solution,dual_gap,rel_dual_gap,termination,ncalls
4,45,224.481,-11.147053270944209,0.1111000386417782,0.009966763048613967,OPTIMAL,155392
