seed,dimension,time,solution,dual_gap,rel_dual_gap,termination,ncalls
4,70,7.547,-0.3811770411579992,0.002621773954609774,0.0068781003878012675,OPTIMAL,3018
