seed,dimension,time,solution,dual_gap,rel_dual_gap,termination,ncalls
5,60,197.577,-2.4134098541568054,0.02246806158613479,0.009309675083755992,OPTIMAL,106092
