seed,dimension,p,k,time,solution,dual_gap,rel_dual_gap,termination,ncalls
2,23,115,5.0,1800.071,2.149508807356191,0.039545271985003794,0.018742158962499294,Time limit reached,294595
