seed,dimension,time,solution,dual_gap,rel_dual_gap,termination,ncalls
7,25,1.568,-0.2433377234288891,0.011671409276387545,0.04796383031748999,OPTIMAL,806
