seed,dimension,time,solution,dual_gap,rel_dual_gap,termination,ncalls
5,75,95.509,-0.2619539208925023,0.0009496816190247004,0.003625376615051393,OPTIMAL,56495
