seed,dimension,time,solution,dual_gap,rel_dual_gap,termination,ncalls
10,35,585.157,0.1388525282087789,0.0013490970273233316,0.00981136991078429,OPTIMAL,157953
