seed,dimension,time,solution,dual_gap,rel_dual_gap,termination,ncalls
3,45,13.102,-0.5469593587753122,0.0016007726505371522,0.0029266756749924093,OPTIMAL,3456
