seed,dimension,time,solution,dual_gap,rel_dual_gap,termination,ncalls
1,45,6.848,-0.4495766035769993,0.0010274039661358203,0.0022852700918184147,OPTIMAL,2106
