seed,dimension,p,k,time,solution,dual_gap,rel_dual_gap,termination,ncalls
6,21,105,5.0,0.814,4.15033550991732,0.028045941663944696,0.006803486557551034,OPTIMAL,45
