seed,dimension,p,k,Ns,time,solution,dual_gap,rel_dual_gap,termination,ncalls
10,90,90,45.0,1.0,1800.461,0.08357604955508682,0.07733738927268485,12.396473885721656,Time limit reached,18560
