seed,dimension,p,k,Ns,time,solution,dual_gap,rel_dual_gap,termination,ncalls
5,70,70,35.0,5.0,1804.032,-1.814094329099468,0.05904775111925464,0.0325494381257266,Time limit reached,33037
