seed,dimension,var_A,p,k,M,time,solution,dual_gap,rel_dual_gap,termination,ncalls
3,20,1,100,20.0,0.1,1800.036,0.6931471805599454,0.09263012054315944,0.15425060620354433,Time limit reached,243240
