seed,dimension,p,k,Ns,time,solution,dual_gap,rel_dual_gap,termination,ncalls
3,70,70,35.0,1.0,1800.221,-0.8262712854632354,0.09417280121479188,0.11397322268314752,Time limit reached,52829
