seed,dimension,time,solution,dual_gap,rel_dual_gap,termination,ncalls
4,65,9.206,-0.13803965941516272,0.0048165912557127655,0.0348928074447545,OPTIMAL,3694
