seed,dimension,time,solution,dual_gap,rel_dual_gap,termination,ncalls
7,35,4.77,-0.9542643873131534,0.0008711745401041027,0.0009129278548862122,OPTIMAL,1697
