seed,dimension,time,solution,dual_gap,rel_dual_gap,termination,ncalls
1,120,1800.337,-0.05167139891396533,5.957299274026333,115.292006782039,Time limit reached,566259
