seed,dimension,time,solution,dual_gap,rel_dual_gap,termination,ncalls
8,20,2.653,-4.35381082508915,0.017373978146589586,0.003990522060919776,OPTIMAL,522
