seed,dimension,time,solution,dual_gap,rel_dual_gap,termination,ncalls
10,50,8.594,0.015598866396913325,9.055434768701076e-8,5.805221422562392e-6,OPTIMAL,1656
