seed,dimension,time,solution,dual_gap,rel_dual_gap,termination,ncalls
1,45,4.747,-0.44901250233691514,0.0015915052062199786,0.0035444563301397732,OPTIMAL,2106
