seed,dimension,time,solution,dual_gap,rel_dual_gap,termination,ncalls
5,90,1800.219,-0.7543955744734326,1.3634924543073965,1.8073972070410314,Time limit reached,701699
