seed,dimension,p,k,time,solution,dual_gap,rel_dual_gap,termination,ncalls
10,21,105,5.0,3.349,3.082173404888214,0.027708435757394678,0.009071453114513671,OPTIMAL,561
