seed,dimension,time,solution,dual_gap,rel_dual_gap,termination,ncalls
8,50,10.842,-0.2303135159583572,1.741858207671143e-8,7.562987349757133e-8,OPTIMAL,3425
