seed,dimension,time,solution,dual_gap,rel_dual_gap,termination,ncalls
4,60,7.996,-0.41853300211323846,0.001964476544054017,0.004693719573211833,OPTIMAL,2330
