seed,dimension,p,k,time,solution,dual_gap,rel_dual_gap,termination,ncalls
2,28,140,6.0,1800.108,1.815333424646909,0.3434448621872699,0.23333618518873947,Time limit reached,281540
