seed,dimension,time,solution,dual_gap,rel_dual_gap,termination,ncalls
5,95,1800.02,6.790135936528818,2.7356776045888314,0.6747331901373513,Time limit reached,216860
