seed,dimension,p,k,time,solution,dual_gap,rel_dual_gap,termination,ncalls
5,21,105,5.0,21.532,5.48922185529245,0.053455795157457686,0.009834086781161102,OPTIMAL,3950
