seed,dimension,time,solution,dual_gap,rel_dual_gap,termination,ncalls
2,80,37.672,-0.27648468508092733,0.0011577570747149935,0.00418741846180781,OPTIMAL,18160
