seed,dimension,time,solution,dual_gap,rel_dual_gap,termination,ncalls
3,95,20.066,-0.5107392552481745,0.0023128974202127894,0.0045285287873338105,OPTIMAL,7324
