seed,dimension,p,k,Ns,time,solution,dual_gap,rel_dual_gap,termination,ncalls
3,50,50,25.0,0.1,1801.627,0.8416469039802632,0.005307681010119247,0.00634632558696667,Time limit reached,46499
