seed,dimension,time,solution,dual_gap,rel_dual_gap,termination,ncalls
2,20,1.565,-10.16823625803453,0.060853162695424956,0.005984633042661774,OPTIMAL,631
