seed,dimension,time,solution,dual_gap,rel_dual_gap,termination,ncalls
6,20,1.427,0.3585121373098983,0.03198950133167627,0.09797024097836166,OPTIMAL,458
