seed,dimension,time,solution,dual_gap,rel_dual_gap,termination,ncalls
7,80,11.543,-0.2619344387566237,0.002690367052179732,0.010271146722632702,OPTIMAL,4445
