seed,dimension,time,solution,dual_gap,rel_dual_gap,termination,ncalls
3,105,119.922,-0.669025570087095,0.005576684697667256,0.008335532970647553,OPTIMAL,48208
