seed,dimension,time,solution,dual_gap,rel_dual_gap,termination,ncalls
10,75,28.002,-0.602495462254397,0.0054232395056798,0.009001295188825666,OPTIMAL,12505
