seed,dimension,time,solution,dual_gap,rel_dual_gap,termination,ncalls
5,45,3.077,-0.2129934551356007,0.0025701812565225857,0.012066949451035005,OPTIMAL,1477
