seed,dimension,p,k,time,solution,dual_gap,rel_dual_gap,termination,ncalls
1,19,95,4.0,18.527,1.7514415693514003,0.01713812651610991,0.009881850022791856,OPTIMAL,2042
