seed,dimension,time,solution,dual_gap,rel_dual_gap,termination,ncalls
8,55,11.232,-0.46743861704887163,0.0033811519264350665,0.007233360281145878,OPTIMAL,3486
