seed,dimension,p,k,Ns,time,solution,dual_gap,rel_dual_gap,termination,ncalls
10,50,50,25.0,1.0,1803.506,0.4964118592752267,0.02617603433662874,0.05566575949428509,Time limit reached,37683
