seed,dimension,p,k,time,solution,dual_gap,rel_dual_gap,termination,ncalls
9,15,75,3.0,0.666,2.000477244774072,0.00947776419227675,0.004760304703599031,OPTIMAL,15
