seed,dimension,p,k,Ns,time,solution,dual_gap,rel_dual_gap,termination,ncalls
2,70,70,35.0,5.0,1800.305,0.28582501996519755,0.03769661269668337,0.15192380877168035,Time limit reached,39444
