seed,dimension,time,solution,dual_gap,rel_dual_gap,termination,ncalls
10,30,3.237,-0.4009368886811759,6.268970120792972e-8,1.5635802785355684e-7,OPTIMAL,837
