seed,dimension,p,k,time,solution,dual_gap,rel_dual_gap,termination,ncalls
5,30,150,6.0,66.476,6.19206643854921,0.06115483911190012,0.009974836224602041,OPTIMAL,13143
