seed,dimension,time,solution,dual_gap,rel_dual_gap,termination,ncalls
4,60,8.375,-0.41853300211323835,0.0029638325191419512,0.007081478650852141,OPTIMAL,1498
