seed,dimension,p,k,time,solution,dual_gap,rel_dual_gap,termination,ncalls
9,18,90,4.0,1.128,1.835192389005201,0.014067615006532863,0.007724684880127357,OPTIMAL,105
