seed,dimension,time,solution,dual_gap,rel_dual_gap,termination,ncalls
5,85,1800.228,-0.20231661538937407,2.69545893972293,13.322973669440394,Time limit reached,833500
