seed,dimension,time,solution,dual_gap,rel_dual_gap,termination,ncalls
8,45,31.888,-16.008025763830133,0.08055903302140877,0.005032415252818405,OPTIMAL,11957
