seed,dimension,time,solution,dual_gap,rel_dual_gap,termination,ncalls
10,105,57.993,-0.20402181350647786,0.0003362927205074473,0.001648317475115325,OPTIMAL,18855
