seed,dimension,time,solution,dual_gap,rel_dual_gap,termination,ncalls
4,55,5.183,-0.42701965072012105,0.0017391685489954178,0.0040728068276541934,OPTIMAL,1867
