seed,dimension,p,k,time,solution,dual_gap,rel_dual_gap,termination,ncalls
1,19,95,4.0,13.205,1.7514415693513994,0.017138126516109686,0.009881850022791731,OPTIMAL,2042
