seed,dimension,var_A,p,k,M,time,solution,dual_gap,rel_dual_gap,termination,ncalls
8,20,1,100,20.0,1.0,1800.251,0.6545195999341729,0.013608898220801025,0.02123368853791928,Time limit reached,228554
