seed,dimension,p,k,time,solution,dual_gap,rel_dual_gap,termination,ncalls
3,24,120,5.0,1800.102,4.032486027759986,0.14604441892346554,0.03757792696316534,Time limit reached,322297
