seed,dimension,time,solution,dual_gap,rel_dual_gap,termination,ncalls
5,55,325.668,3.41289553661129,0.03296895887638973,0.009754341734394802,OPTIMAL,70105
