seed,dimension,p,k,time,solution,dual_gap,rel_dual_gap,termination,ncalls
10,23,115,5.0,1.461,3.034468529743283,0.025759270394261957,0.008561568491279,OPTIMAL,114
