seed,dimension,p,k,time,solution,dual_gap,rel_dual_gap,termination,ncalls
2,26,130,6.0,1800.099,1.731060740623391,0.11894703636313353,0.07378327970837154,Time limit reached,255252
