seed,dimension,time,solution,dual_gap,rel_dual_gap,termination,ncalls
2,70,1800.116,-1.2729287315247042,0.48211438486230485,0.37874420847177515,Time limit reached,728526
