seed,dimension,p,k,time,solution,dual_gap,rel_dual_gap,termination,ncalls
4,20,100,4.0,22.098,5.58043616690493,0.05310887478920723,0.009608418677316733,OPTIMAL,4224
