seed,dimension,p,k,Ns,time,solution,dual_gap,rel_dual_gap,termination,ncalls
8,50,50,25.0,1.0,1801.341,-0.19872298920661016,0.030098927216613613,0.1514617273863573,Time limit reached,44740
