seed,dimension,time,solution,dual_gap,rel_dual_gap,termination,ncalls
7,100,36.899,-0.575297703718394,0.005346389184758604,0.009293256604715463,OPTIMAL,12826
