seed,dimension,p,k,time,solution,dual_gap,rel_dual_gap,termination,ncalls
9,21,105,5.0,1.41,2.420644260855438,0.018518736139406577,0.007709312418881932,OPTIMAL,172
