seed,dimension,time,solution,dual_gap,rel_dual_gap,termination,ncalls
1,50,4.681,-0.39786468279104303,0.002575760824845452,0.006473961968115254,OPTIMAL,2007
