seed,dimension,time,solution,dual_gap,rel_dual_gap,termination,ncalls
9,30,1.281,-0.06041789478040149,0.003925672739466535,0.06497533145990969,OPTIMAL,567
