seed,dimension,time,solution,dual_gap,rel_dual_gap,termination,ncalls
8,85,1800.238,-25.194196676236224,5.144064553622901,0.20417656572772994,Time limit reached,399219
