seed,dimension,time,solution,dual_gap,rel_dual_gap,termination,ncalls
9,90,1800.127,-1.7013360676616607,0.6967873338269008,0.4095530254552087,Time limit reached,589680
