seed,dimension,time,solution,dual_gap,rel_dual_gap,termination,ncalls
2,70,1800.01,-1.2672102313247802,0.33811108083142827,0.26681530220755606,Time limit reached,1101925
