seed,dimension,p,k,Ns,time,solution,dual_gap,rel_dual_gap,termination,ncalls
3,50,50,25.0,5.0,1803.468,0.5000315058586372,0.01657241265694298,0.03427883121856835,Time limit reached,53190
