seed,dimension,time,solution,dual_gap,rel_dual_gap,termination,ncalls
3,45,10.26,-0.5469593587753122,0.0016508563135457788,0.003018243105378404,OPTIMAL,3244
