seed,dimension,p,k,time,solution,dual_gap,rel_dual_gap,termination,ncalls
3,30,150,6.0,1800.034,4.319300767044491,0.1986554286635096,0.048209785688947966,Time limit reached,327333
