seed,dimension,time,solution,dual_gap,rel_dual_gap,termination,ncalls
8,45,21.447,-15.930384062834667,0.15820073401687473,0.009930754550102438,OPTIMAL,11957
