seed,dimension,time,solution,dual_gap,rel_dual_gap,termination,ncalls
6,30,29.378,4.1042310020910735,0.02474311445084698,0.0060652501324521884,OPTIMAL,5810
