seed,dimension,p,k,time,solution,dual_gap,rel_dual_gap,termination,ncalls
4,19,95,4.0,6.958,4.659490245415256,0.042818725346811526,0.009274804404142818,OPTIMAL,1235
