seed,dimension,time,solution,dual_gap,rel_dual_gap,termination,ncalls
7,70,7.428,0.15383885230722527,0.0016984994790910646,0.011164030104556018,OPTIMAL,3421
