seed,dimension,time,solution,dual_gap,rel_dual_gap,termination,ncalls
2,55,1800.011,-0.7072590194701966,0.5394356216746914,0.7627129620471709,Time limit reached,1189956
