seed,dimension,time,solution,dual_gap,rel_dual_gap,termination,ncalls
1,110,1800.203,-47.64983305222148,1.962746945522241,0.041191056081375625,Time limit reached,384871
