seed,dimension,time,solution,dual_gap,rel_dual_gap,termination,ncalls
6,75,1800.163,-10.733802788937313,1.81105847364935,0.16872477622897072,Time limit reached,655904
