seed,dimension,time,solution,dual_gap,rel_dual_gap,termination,ncalls
3,105,160.316,-0.6697021521881938,0.0049001025965683676,0.007316838658137362,OPTIMAL,48208
