seed,dimension,p,k,Ns,time,solution,dual_gap,rel_dual_gap,termination,ncalls
2,50,50,25.0,1.0,1800.161,0.29674654871157585,0.03126511885763822,0.11776763020614903,Time limit reached,66654
