seed,dimension,time,solution,dual_gap,rel_dual_gap,termination,ncalls
1,35,2.0,-0.31990971616049063,0.0028353686389059884,0.008863027584581256,OPTIMAL,532
