seed,dimension,p,k,time,solution,dual_gap,rel_dual_gap,termination,ncalls
7,29,145,6.0,1342.017,4.048275096032361,0.03999939328814417,0.009979202094496412,OPTIMAL,205653
