seed,dimension,p,k,time,solution,dual_gap,rel_dual_gap,termination,ncalls
2,22,110,5.0,1800.085,2.069724617321463,0.11097540068070622,0.0566562578496028,Time limit reached,282109
