seed,dimension,time,solution,dual_gap,rel_dual_gap,termination,ncalls
3,35,4.53,-1.9649869095499852,0.01002344938357691,0.00510102603475992,OPTIMAL,2690
