seed,dimension,p,k,Ns,time,solution,dual_gap,rel_dual_gap,termination,ncalls
8,70,70,35.0,10.0,10.125,0.9755477845249034,0.008440955734183575,0.008728048942367858,OPTIMAL,51
