seed,dimension,p,k,time,solution,dual_gap,rel_dual_gap,termination,ncalls
6,30,150,6.0,2.227,5.145675817110071,0.04200695586194847,0.00823073694708232,OPTIMAL,234
