seed,dimension,time,solution,dual_gap,rel_dual_gap,termination,ncalls
5,40,163.122,6.8235525136778294,0.06360621517493392,0.009409278175629974,OPTIMAL,27478
