seed,dimension,time,solution,dual_gap,rel_dual_gap,termination,ncalls
4,115,1800.033,32.55709720621315,4.897267260433374,0.1770534117539135,Time limit reached,285658
