seed,dimension,time,solution,dual_gap,rel_dual_gap,termination,ncalls
6,45,1800.001,5.1358384296536395,0.06830086941013302,0.013478118040204722,Time limit reached,549135
