seed,dimension,time,solution,dual_gap,rel_dual_gap,termination,ncalls
10,70,413.815,-0.26578383892865226,0.0012413506494727278,0.004670527201640576,OPTIMAL,241321
