seed,dimension,p,k,Ns,time,solution,dual_gap,rel_dual_gap,termination,ncalls
10,90,90,45.0,1.0,1800.513,0.08357604955508682,0.07743212280048634,12.603034816863051,Time limit reached,15857
