seed,dimension,p,k,Ns,time,solution,dual_gap,rel_dual_gap,termination,ncalls
6,90,90,45.0,1.0,1803.23,-27232.03080464137,26.004804743835848,0.0009549344641385924,Time limit reached,40033
