seed,n0,m0,M,time,solution,dual_gap,rel_dual_gap,termination,ncalls
2,3,29,20.0,0.638,3.6801873601379222,9.815792978429272e-8,2.667199324294231e-8,OPTIMAL,23
