seed,dimension,p,k,time,solution,dual_gap,rel_dual_gap,termination,ncalls
6,17,85,4.0,0.665,3.43243082356611,0.022049167396299918,0.0064653078802515244,OPTIMAL,22
