seed,dimension,time,solution,dual_gap,rel_dual_gap,termination,ncalls
8,120,253.808,-0.4908739150229229,0.005464020358793009,0.011131209444156041,OPTIMAL,113713
