seed,dimension,time,solution,dual_gap,rel_dual_gap,termination,ncalls
3,90,17.804,-0.5417722087494513,0.004824009791288164,0.008904129287885053,OPTIMAL,7399
