seed,dimension,p,k,Ns,time,solution,dual_gap,rel_dual_gap,termination,ncalls
1,70,70,35.0,5.0,1803.822,-1.565480464071966,0.0809114841894667,0.051684761353717634,Time limit reached,31443
