seed,dimension,p,k,Ns,time,solution,dual_gap,rel_dual_gap,termination,ncalls
8,50,50,25.0,5.0,1801.353,-0.187082765021741,0.04420858084816967,0.23630493617641454,Time limit reached,74240
