seed,dimension,p,k,Ns,time,solution,dual_gap,rel_dual_gap,termination,ncalls
10,70,70,35.0,5.0,1800.512,0.9973751913987989,0.01863587896322949,0.019040697279089108,Time limit reached,34564
