seed,dimension,time,solution,dual_gap,rel_dual_gap,termination,ncalls
2,95,1800.011,-1.090597334127961,0.06980982361023425,0.06401063107865931,Time limit reached,832008
