seed,dimension,time,solution,dual_gap,rel_dual_gap,termination,ncalls
2,80,71.441,-0.2766580930776033,0.0009843490780399033,0.0035579984922537253,OPTIMAL,18160
