seed,dimension,p,k,time,solution,dual_gap,rel_dual_gap,termination,ncalls
5,19,95,4.0,6.092,5.052999834779796,0.049812169559372954,0.009956086577691545,OPTIMAL,1119
