seed,dimension,var_A,p,k,M,time,solution,dual_gap,rel_dual_gap,termination,ncalls
2,10,5,50,10.0,0.1,1800.14,0.3194128293759913,0.006503370516843021,0.020783553621402096,Time limit reached,522168
