seed,dimension,time,solution,dual_gap,rel_dual_gap,termination,ncalls
10,25,1.524,-0.19281119850841733,0.006354878489268495,0.032959073634880535,OPTIMAL,773
