seed,dimension,time,solution,dual_gap,rel_dual_gap,termination,ncalls
1,55,4.638,0.3987037740827034,0.004486275974038889,0.01138020507857382,OPTIMAL,1906
