seed,dimension,p,k,time,solution,dual_gap,rel_dual_gap,termination,ncalls
1,29,145,6.0,657.866,2.0679355073617574,0.020457959651932534,0.009991787052715414,OPTIMAL,97648
