seed,dimension,p,k,Ns,time,solution,dual_gap,rel_dual_gap,termination,ncalls
3,90,90,45.0,5.0,1800.513,-0.32034072805584124,0.32256217098703466,1.0069346253430695,Time limit reached,23019
