seed,dimension,p,k,Ns,time,solution,dual_gap,rel_dual_gap,termination,ncalls
10,50,50,25.0,5.0,1802.369,0.49364796142942813,0.023466661162243052,0.049909813829065286,Time limit reached,57966
