seed,dimension,time,solution,dual_gap,rel_dual_gap,termination,ncalls
4,55,7.184,-0.4273508819584203,0.002193391151444013,0.005132529834482528,OPTIMAL,1666
