seed,n0,m0,M,time,solution,dual_gap,rel_dual_gap,termination,ncalls
10,3,28,20.0,1.399,2.2960748012558367,4.190480673571528e-8,1.825062819276816e-8,OPTIMAL,217
