seed,dimension,p,k,time,solution,dual_gap,rel_dual_gap,termination,ncalls
2,15,75,3.0,15.997,1.5912331179212327,0.01485031860266206,0.009420502817641417,OPTIMAL,2345
