seed,dimension,p,k,Ns,time,solution,dual_gap,rel_dual_gap,termination,ncalls
7,50,50,25.0,5.0,1801.686,0.18065535432053587,0.01793109710857599,0.11019314154999929,Time limit reached,64476
