seed,dimension,time,solution,dual_gap,rel_dual_gap,termination,ncalls
8,85,1800.17,-25.194196676236245,5.144064553622979,0.20417656572773288,Time limit reached,508627
