seed,dimension,p,k,time,solution,dual_gap,rel_dual_gap,termination,ncalls
9,30,150,6.0,5.54,2.6758642589822386,0.024728803739636707,0.009327627409884196,OPTIMAL,636
