seed,dimension,time,solution,dual_gap,rel_dual_gap,termination,ncalls
8,90,15.093,-0.061929687303201364,9.394199330309272e-5,0.0015169137354619992,OPTIMAL,6257
