seed,dimension,p,k,time,solution,dual_gap,rel_dual_gap,termination,ncalls
3,25,125,5.0,1139.743,4.453860581740739,0.04407169468310812,0.009994059990593867,OPTIMAL,171279
