seed,dimension,p,k,Ns,time,solution,dual_gap,rel_dual_gap,termination,ncalls
10,90,90,45.0,10.0,6.593,0.8318818577319326,0.006542962910642158,0.007927607618757502,OPTIMAL,60
