seed,dimension,time,solution,dual_gap,rel_dual_gap,termination,ncalls
8,55,12.961,-0.46743861704887163,0.0027328695618312193,0.005846477937755606,OPTIMAL,3767
