seed,dimension,p,k,Ns,time,solution,dual_gap,rel_dual_gap,termination,ncalls
9,50,50,25.0,5.0,1801.976,0.1392812492425534,0.01937979507720497,0.16163102617987882,Time limit reached,45040
