seed,dimension,p,k,time,solution,dual_gap,rel_dual_gap,termination,ncalls
8,23,115,5.0,2.382,3.2451179078474204,0.030973716141504237,0.009636691540296097,OPTIMAL,277
