seed,dimension,p,k,time,solution,dual_gap,rel_dual_gap,termination,ncalls
7,26,130,6.0,1242.46,4.277812685027019,0.04231467618910134,0.009990484259656424,OPTIMAL,189706
