seed,dimension,p,k,time,solution,dual_gap,rel_dual_gap,termination,ncalls
9,28,140,6.0,13.882,2.6332114394326687,0.026043858763344918,0.009989330550305025,OPTIMAL,2276
