seed,dimension,p,k,time,solution,dual_gap,rel_dual_gap,termination,ncalls
2,24,120,5.0,1800.107,1.646273721545093,0.030632890173911465,0.01896021044969108,Time limit reached,257238
