seed,dimension,p,k,time,solution,dual_gap,rel_dual_gap,termination,ncalls
2,23,115,5.0,1800.051,2.149508807356191,0.04282162534309952,0.020326522944987196,Time limit reached,281230
