seed,dimension,time,solution,dual_gap,rel_dual_gap,termination,ncalls
10,65,10.412,-0.19471070560206566,0.0007943441003431806,0.004079611842024744,OPTIMAL,5270
