seed,dimension,time,solution,dual_gap,rel_dual_gap,termination,ncalls
5,40,8.289,-0.27341374888339665,0.0006178563743211019,0.002259785313812439,OPTIMAL,1705
