seed,dimension,time,solution,dual_gap,rel_dual_gap,termination,ncalls
10,60,11.407,0.0678774392479593,0.001422883274008191,0.02141137282695762,OPTIMAL,6877
