seed,dimension,p,k,time,solution,dual_gap,rel_dual_gap,termination,ncalls
1,15,75,3.0,2.089,2.2335078624459115,0.020327364826340677,0.009184684596762067,OPTIMAL,264
