seed,dimension,p,k,Ns,time,solution,dual_gap,rel_dual_gap,termination,ncalls
10,70,70,35.0,1.0,1800.501,0.9969404444481795,0.017998817537647094,0.018385996716116806,Time limit reached,36888
