seed,dimension,time,solution,dual_gap,rel_dual_gap,termination,ncalls
1,30,1.925,-30.402260755051035,0.09093936939598635,0.002991204178158944,OPTIMAL,306
