seed,dimension,time,solution,dual_gap,rel_dual_gap,termination,ncalls
8,65,1800.129,-4.272469050831759,0.3034026997716115,0.0710134341903648,Time limit reached,789555
