seed,dimension,p,k,Ns,time,solution,dual_gap,rel_dual_gap,termination,ncalls
3,50,50,25.0,1.0,1804.398,0.4960403001023435,0.012572629195413076,0.026005108411547462,Time limit reached,34012
