seed,dimension,time,solution,dual_gap,rel_dual_gap,termination,ncalls
9,55,397.779,8.825817352755093,0.08663162045730566,0.009913008272285303,OPTIMAL,85251
