seed,dimension,time,solution,dual_gap,rel_dual_gap,termination,ncalls
3,85,12.651,-0.27913571946033816,0.0008725759491584051,0.003125991724904944,OPTIMAL,4819
