seed,dimension,time,solution,dual_gap,rel_dual_gap,termination,ncalls
10,70,348.069,-0.26497304230689606,0.0020521472712289324,0.007744739817162617,OPTIMAL,241321
