seed,dimension,var_A,p,k,M,time,solution,dual_gap,rel_dual_gap,termination,ncalls
1,10,5,50,10.0,0.1,17.444,0.10447247263399045,0.0010093425253391713,0.009755576931407502,OPTIMAL,3422
