seed,dimension,time,solution,dual_gap,rel_dual_gap,termination,ncalls
1,40,29.598,-0.1771608131847014,0.0005284958928618022,0.0029831421710105367,OPTIMAL,16185
