seed,dimension,p,k,time,solution,dual_gap,rel_dual_gap,termination,ncalls
7,28,140,6.0,963.134,4.096105250978201,0.04052167715091759,0.009991577392813283,OPTIMAL,142060
