seed,dimension,p,k,Ns,time,solution,dual_gap,rel_dual_gap,termination,ncalls
10,90,90,45.0,5.0,1800.522,0.08090791450766951,0.07455218404647135,11.729915939892907,Time limit reached,21693
