seed,dimension,p,k,time,solution,dual_gap,rel_dual_gap,termination,ncalls
5,18,90,4.0,5.188,4.646806399110294,0.0402464744579607,0.008736774321023988,OPTIMAL,1152
