seed,dimension,time,solution,dual_gap,rel_dual_gap,termination,ncalls
5,30,2.275,-0.3582644480742629,0.0020131136732983723,0.005619071845166964,OPTIMAL,1087
