seed,dimension,p,k,time,solution,dual_gap,rel_dual_gap,termination,ncalls
10,27,135,6.0,2.848,3.2617850351808966,0.03114947656658984,0.009641903582572638,OPTIMAL,334
