seed,dimension,time,solution,dual_gap,rel_dual_gap,termination,ncalls
9,85,115.412,-0.10533276504577527,0.00033117257481535267,0.0031440603944217402,OPTIMAL,39447
