seed,dimension,time,solution,dual_gap,rel_dual_gap,termination,ncalls
1,40,41.946,-0.17714706370078065,0.0006931553839353288,0.0039128810235666035,OPTIMAL,32438
