seed,dimension,time,solution,dual_gap,rel_dual_gap,termination,ncalls
4,85,1800.178,-2.9278235408319357,7.9449583550422584,2.7136055996000064,Time limit reached,605194
