seed,dimension,p,k,Ns,time,solution,dual_gap,rel_dual_gap,termination,ncalls
10,90,90,45.0,0.1,1800.223,0.8413702127272606,0.0883458781194062,0.11732141188426967,Time limit reached,28130
