seed,dimension,time,solution,dual_gap,rel_dual_gap,termination,ncalls
1,95,114.067,-0.032575440614085294,0.0006859700245868128,0.021057889368661563,OPTIMAL,55738
