seed,dimension,p,k,time,solution,dual_gap,rel_dual_gap,termination,ncalls
3,19,95,4.0,400.994,3.632956866161044,0.03594449489303564,0.00999287497039233,OPTIMAL,66900
