seed,dimension,time,solution,dual_gap,rel_dual_gap,termination,ncalls
5,95,1800.317,-0.8135534494958012,2.6003344849041223,3.196267542735731,Time limit reached,759066
