seed,dimension,p,k,time,solution,dual_gap,rel_dual_gap,termination,ncalls
2,21,105,5.0,1800.092,2.033418409196724,0.061052032786401034,0.030953697810198334,Time limit reached,338326
