seed,dimension,p,k,time,solution,dual_gap,rel_dual_gap,termination,ncalls
6,24,120,5.0,3.582,5.446785231708145,0.053529710970367184,0.009925305924137729,OPTIMAL,472
