seed,dimension,p,k,time,solution,dual_gap,rel_dual_gap,termination,ncalls
3,23,115,5.0,1446.417,4.014525717592983,0.03973997665383466,0.00999801731311561,OPTIMAL,230441
