seed,dimension,time,solution,dual_gap,rel_dual_gap,termination,ncalls
7,100,1800.012,8.8061193962182,1.7904543629383625,0.25520807428021136,Time limit reached,282264
