seed,dimension,p,k,Ns,time,solution,dual_gap,rel_dual_gap,termination,ncalls
8,90,90,45.0,1.0,12.876,-18069.690995153895,6.003028829582036e-8,3.322153561558959e-12,OPTIMAL,188
