seed,dimension,time,solution,dual_gap,rel_dual_gap,termination,ncalls
7,35,7.067,-0.954264387313153,0.004232044108136601,0.004434875873396506,OPTIMAL,1841
