seed,n0,m0,M,time,solution,dual_gap,rel_dual_gap,termination,ncalls
9,2,15,20.0,1.005,0.45178989295454297,3.898916900446636e-8,8.62993461722462e-8,OPTIMAL,55
