seed,dimension,time,solution,dual_gap,rel_dual_gap,termination,ncalls
9,25,2.486,-0.42717238871711444,0.007315691962005821,0.017125854000012344,OPTIMAL,1297
