seed,dimension,p,k,time,solution,dual_gap,rel_dual_gap,termination,ncalls
8,24,120,5.0,1.605,3.2150222899024037,0.030483805807195008,0.009572440703556475,OPTIMAL,174
