seed,dimension,time,solution,dual_gap,rel_dual_gap,termination,ncalls
1,95,1800.054,30.948564636447877,9.335550684071418,0.43194117695208945,Time limit reached,258864
