seed,dimension,p,k,Ns,time,solution,dual_gap,rel_dual_gap,termination,ncalls
5,50,50,25.0,10.0,1802.844,0.47133271018278616,0.023656667839948742,0.05284327415902254,Time limit reached,63867
