seed,dimension,p,k,time,solution,dual_gap,rel_dual_gap,termination,ncalls
7,17,85,4.0,20.939,3.1153076201338905,0.03017975547523033,0.009782335384199524,OPTIMAL,3520
