seed,dimension,time,solution,dual_gap,rel_dual_gap,termination,ncalls
1,105,1800.332,-0.09905170271861863,1.1080674432718094,11.186758156187933,Time limit reached,909010
