seed,dimension,time,solution,dual_gap,rel_dual_gap,termination,ncalls
3,50,34.43,-0.585748776507975,0.00445114346408404,0.007599065747298983,OPTIMAL,19012
