seed,dimension,p,k,time,solution,dual_gap,rel_dual_gap,termination,ncalls
6,29,145,6.0,1.192,5.185528324382068,0.04529732448577306,0.008812313004354658,OPTIMAL,81
