seed,dimension,time,solution,dual_gap,rel_dual_gap,termination,ncalls
4,60,3.976,-0.41783511143444374,0.0036617231979310105,0.008763560308180363,OPTIMAL,1498
