seed,dimension,time,solution,dual_gap,rel_dual_gap,termination,ncalls
5,70,1800.167,-0.26497701365334736,3.1500156225966154,11.887882572024083,Time limit reached,1084221
