seed,dimension,time,solution,dual_gap,rel_dual_gap,termination,ncalls
8,65,1800.008,-4.271637994508029,0.2609557512406768,0.06109032450225958,Time limit reached,1136481
