seed,dimension,p,k,time,solution,dual_gap,rel_dual_gap,termination,ncalls
1,25,125,5.0,81.149,1.918574585754522,0.018970725549069423,0.009986674562251961,OPTIMAL,13847
