seed,dimension,p,k,time,solution,dual_gap,rel_dual_gap,termination,ncalls
4,28,140,6.0,27.897,5.8042455912059845,0.05689493179759886,0.009899331912950556,OPTIMAL,4449
