seed,dimension,time,solution,dual_gap,rel_dual_gap,termination,ncalls
1,40,59.618,-0.17714707369773497,0.0006931453869810089,0.003912824369674426,OPTIMAL,32438
