seed,dimension,p,k,Ns,time,solution,dual_gap,rel_dual_gap,termination,ncalls
10,70,70,35.0,0.1,1800.424,0.9971627249381513,0.01794045700517488,0.018321128504404916,Time limit reached,56666
