seed,dimension,time,solution,dual_gap,rel_dual_gap,termination,ncalls
9,60,5.577,-0.033732793149679474,0.0015048627888664123,0.04461127135808235,OPTIMAL,2767
