seed,dimension,time,solution,dual_gap,rel_dual_gap,termination,ncalls
9,40,1800.008,1.4054397997756456,0.16214441758654408,0.13041504047176006,Time limit reached,429493
