seed,dimension,p,k,Ns,time,solution,dual_gap,rel_dual_gap,termination,ncalls
1,70,70,35.0,5.0,1804.621,-1.565480464071966,0.08092134191511668,0.05169105828675272,Time limit reached,28477
