seed,dimension,p,k,time,solution,dual_gap,rel_dual_gap,termination,ncalls
6,26,130,6.0,5.651,4.700437511796861,0.0452724465297063,0.00972520756943517,OPTIMAL,748
