seed,dimension,time,solution,dual_gap,rel_dual_gap,termination,ncalls
7,50,1194.043,-0.6237549152980717,0.0029445812823942763,0.004720734394513202,OPTIMAL,659421
