seed,dimension,p,k,Ns,time,solution,dual_gap,rel_dual_gap,termination,ncalls
7,90,90,45.0,1.0,1800.425,0.11566953655749482,0.052499512944232676,0.8310826867129861,Time limit reached,18988
