seed,dimension,time,solution,dual_gap,rel_dual_gap,termination,ncalls
4,95,1800.282,-0.14286076724272412,0.6116854779744677,4.281689716359974,Time limit reached,865483
