seed,dimension,var_A,p,k,M,time,solution,dual_gap,rel_dual_gap,termination,ncalls
2,15,1,75,15.0,1.0,1800.25,0.6535000643878349,0.024454986123270017,0.03887636509411603,Time limit reached,243958
