seed,dimension,p,k,Ns,time,solution,dual_gap,rel_dual_gap,termination,ncalls
6,90,90,45.0,5.0,6.851,-14801.756163262655,3.820605343207717e-8,2.5811838143167777e-12,OPTIMAL,130
