seed,dimension,p,k,time,solution,dual_gap,rel_dual_gap,termination,ncalls
10,25,125,5.0,1.614,3.491963376762896,0.03413610106868292,0.009872124414262296,OPTIMAL,204
