seed,dimension,p,k,time,solution,dual_gap,rel_dual_gap,termination,ncalls
6,16,80,4.0,0.757,4.270684159307565,0.03201609767129554,0.007553339210746369,OPTIMAL,18
