seed,dimension,time,solution,dual_gap,rel_dual_gap,termination,ncalls
5,50,122.877,-2.0879787432793977,0.0097035737821356,0.004647352763225492,OPTIMAL,42577
