seed,dimension,time,solution,dual_gap,rel_dual_gap,termination,ncalls
3,30,6.283,-12.173106321208447,0.08493698219423251,0.00697742876411521,OPTIMAL,1548
