seed,dimension,p,k,Ns,time,solution,dual_gap,rel_dual_gap,termination,ncalls
9,70,70,35.0,5.0,1804.355,-2.655824580170541,0.10962529508492036,0.04127731021974384,Time limit reached,29348
