seed,dimension,time,solution,dual_gap,rel_dual_gap,termination,ncalls
6,95,1800.237,-0.744394384486567,0.8919919903427507,1.1982787739028775,Time limit reached,718729
