seed,dimension,time,solution,dual_gap,rel_dual_gap,termination,ncalls
6,30,3.207,-0.16316116450350837,0.000950800613811531,0.005827370849581589,OPTIMAL,960
