seed,dimension,time,solution,dual_gap,rel_dual_gap,termination,ncalls
1,25,2.456,-0.5948559486180527,0.003517494821515643,0.005913187603969259,OPTIMAL,482
