seed,dimension,time,solution,dual_gap,rel_dual_gap,termination,ncalls
10,30,1.959,-0.40093614207764977,0.01827720717740816,0.045586329739932485,OPTIMAL,807
