seed,dimension,time,solution,dual_gap,rel_dual_gap,termination,ncalls
7,30,4.573,-0.26859811149935175,0.0013522883867526092,0.00503461613785722,OPTIMAL,1425
