seed,dimension,p,k,Ns,time,solution,dual_gap,rel_dual_gap,termination,ncalls
3,70,70,35.0,1.0,1800.26,-0.8262712854632354,0.09421057506696617,0.1140189387244028,Time limit reached,45198
