seed,dimension,p,k,Ns,time,solution,dual_gap,rel_dual_gap,termination,ncalls
3,70,70,35.0,0.1,1803.063,0.6322465991864024,0.007239694888010684,0.0115833838605954,Time limit reached,33994
