seed,dimension,time,solution,dual_gap,rel_dual_gap,termination,ncalls
6,35,8.55,-13.954716919166094,0.1296661514278643,0.009291922736875761,OPTIMAL,4156
