seed,dimension,time,solution,dual_gap,rel_dual_gap,termination,ncalls
9,25,60.178,2.502879641257057,0.022929890291604416,0.009246110846672493,OPTIMAL,12857
