seed,dimension,p,k,Ns,time,solution,dual_gap,rel_dual_gap,termination,ncalls
8,90,90,45.0,5.0,1800.729,-0.6837571423428932,0.10194735104022745,0.14909877312711492,Time limit reached,19771
