seed,dimension,time,solution,dual_gap,rel_dual_gap,termination,ncalls
3,95,1589.525,9.229624282947771,0.08642228492606918,0.009452080895157759,OPTIMAL,252123
