seed,dimension,var_A,p,k,M,time,solution,dual_gap,rel_dual_gap,termination,ncalls
2,5,1,25,5.0,0.1,0.881,0.561558803563659,0.0035444455575379674,0.0063518895287979086,OPTIMAL,78
