seed,dimension,p,k,time,solution,dual_gap,rel_dual_gap,termination,ncalls
6,16,80,4.0,0.687,4.270684159307565,0.032016097671298205,0.007553339210747003,OPTIMAL,18
