seed,dimension,p,k,Ns,time,solution,dual_gap,rel_dual_gap,termination,ncalls
7,90,90,45.0,5.0,1800.531,0.11463236076539278,0.051009932112150186,0.8017602155706202,Time limit reached,22308
