seed,dimension,p,k,time,solution,dual_gap,rel_dual_gap,termination,ncalls
9,16,80,4.0,0.997,1.6362039720756816,0.014010728943038897,0.008636905006448281,OPTIMAL,72
