seed,dimension,p,k,time,solution,dual_gap,rel_dual_gap,termination,ncalls
7,27,135,6.0,1800.061,4.27092345388909,0.2048113463833845,0.050370314681024105,Time limit reached,269913
