seed,dimension,time,solution,dual_gap,rel_dual_gap,termination,ncalls
6,30,2.032,-0.16316113132580168,0.0009508337915182241,0.005827575377738649,OPTIMAL,960
