seed,dimension,time,solution,dual_gap,rel_dual_gap,termination,ncalls
1,120,1800.008,34.22481925672192,24.782109116827687,2.62446996144957,Time limit reached,218493
