seed,dimension,time,solution,dual_gap,rel_dual_gap,termination,ncalls
9,65,9.866,-0.13303934752911722,0.0012175486708472794,0.00915179376222365,OPTIMAL,1875
