seed,dimension,time,solution,dual_gap,rel_dual_gap,termination,ncalls
6,80,33.479,-0.5390991751808113,0.002168298300218807,0.004022076827499449,OPTIMAL,8566
