seed,n0,m0,M,time,solution,dual_gap,rel_dual_gap,termination,ncalls
1,2,20,20.0,0.781,3.388221407824682,2.9710965243623377e-8,8.768897285030413e-9,OPTIMAL,86
