seed,dimension,p,k,Ns,time,solution,dual_gap,rel_dual_gap,termination,ncalls
10,50,50,25.0,10.0,4.416,0.8661407296779015,0.005869695009509512,0.006823076417738625,OPTIMAL,53
