seed,dimension,p,k,time,solution,dual_gap,rel_dual_gap,termination,ncalls
3,15,75,3.0,41.071,3.3580743194150378,0.03313857107685214,0.009966680136124409,OPTIMAL,7802
