seed,dimension,time,solution,dual_gap,rel_dual_gap,termination,ncalls
3,90,1800.037,8.285236923504623,3.95278059244375,0.9123647857925082,Time limit reached,327395
