seed,dimension,time,solution,dual_gap,rel_dual_gap,termination,ncalls
7,110,1800.056,34.02874444633105,21.90717141688433,1.8072878300254949,Time limit reached,161441
