seed,dimension,p,k,Ns,time,solution,dual_gap,rel_dual_gap,termination,ncalls
10,50,50,25.0,10.0,1803.271,0.49974693145773197,0.029557122006159675,0.06286210677478314,Time limit reached,67787
