seed,dimension,time,solution,dual_gap,rel_dual_gap,termination,ncalls
5,65,12.422,-0.41430635575148816,0.002970411602477463,0.007169601820588999,OPTIMAL,6109
