seed,dimension,p,k,Ns,time,solution,dual_gap,rel_dual_gap,termination,ncalls
6,90,90,45.0,0.1,1800.233,0.8394008620905159,0.09957584124817143,0.13459377345037224,Time limit reached,24077
