seed,dimension,p,k,Ns,time,solution,dual_gap,rel_dual_gap,termination,ncalls
4,70,70,35.0,5.0,1800.466,0.5294348237488671,0.05628352953460686,0.11895461393183808,Time limit reached,33918
