seed,dimension,time,solution,dual_gap,rel_dual_gap,termination,ncalls
3,80,11.476,-0.1346664478105079,0.0028243992276755225,0.02097329567681028,OPTIMAL,4853
