seed,dimension,time,solution,dual_gap,rel_dual_gap,termination,ncalls
5,90,1800.242,-0.7543955744734326,0.6836765629707425,0.9062573881719125,Time limit reached,781754
