seed,dimension,p,k,time,solution,dual_gap,rel_dual_gap,termination,ncalls
8,21,105,5.0,0.776,3.18506704313954,0.02677262293926086,0.008476924370326155,OPTIMAL,29
