seed,dimension,time,solution,dual_gap,rel_dual_gap,termination,ncalls
9,70,59.084,-0.20416925919227252,8.52817768626224e-8,4.177013581770892e-7,OPTIMAL,19867
