seed,dimension,time,solution,dual_gap,rel_dual_gap,termination,ncalls
7,55,41.116,-0.4888052809904961,0.004078208815583129,0.00834321758414558,OPTIMAL,11618
