seed,dimension,p,k,Ns,time,solution,dual_gap,rel_dual_gap,termination,ncalls
6,70,70,35.0,1.0,1800.407,0.12583764119430313,0.05649575661012847,0.8147421569073138,Time limit reached,28706
