seed,dimension,time,solution,dual_gap,rel_dual_gap,termination,ncalls
1,60,29.382,-0.5014109790317869,0.004680267930826765,0.009334195154370681,OPTIMAL,14627
