seed,dimension,time,solution,dual_gap,rel_dual_gap,termination,ncalls
3,60,5.319,0.014667061744952248,0.0033379606040007115,0.29463596118273816,OPTIMAL,2860
