seed,dimension,p,k,Ns,time,solution,dual_gap,rel_dual_gap,termination,ncalls
1,70,70,35.0,10.0,1800.473,-1.4532971050315373,0.1931239153095201,0.13288674053013352,Time limit reached,22049
