seed,dimension,time,solution,dual_gap,rel_dual_gap,termination,ncalls
2,95,714.471,-1.1117001287291723,0.007237027750524483,0.006509873988048747,OPTIMAL,148965
