seed,dimension,time,solution,dual_gap,rel_dual_gap,termination,ncalls
2,65,384.707,17.475556187178498,0.16720429669244652,0.009660324550274157,OPTIMAL,40587
