seed,dimension,p,k,time,solution,dual_gap,rel_dual_gap,termination,ncalls
1,30,150,6.0,249.621,2.0182483059101366,0.019953139331637892,0.009985081115820272,OPTIMAL,44104
