seed,dimension,p,k,Ns,time,solution,dual_gap,rel_dual_gap,termination,ncalls
8,70,70,35.0,5.0,1800.51,0.8410960485290357,0.033040510887071606,0.04088891090764519,Time limit reached,20502
