seed,dimension,time,solution,dual_gap,rel_dual_gap,termination,ncalls
6,35,4.83,-14.004297353544173,0.08322544757849393,0.005942850646300468,OPTIMAL,2462
