seed,dimension,time,solution,dual_gap,rel_dual_gap,termination,ncalls
7,65,233.185,13.91925643146901,0.11086430121958024,0.008028762521649045,OPTIMAL,27791
