seed,dimension,time,solution,dual_gap,rel_dual_gap,termination,ncalls
9,30,1.432,-0.06041760468386759,0.003776160097314296,0.06250098985341913,OPTIMAL,909
