seed,dimension,time,solution,dual_gap,rel_dual_gap,termination,ncalls
8,45,7.789,-15.930417648388849,0.1572781977220945,0.0098728232487992,OPTIMAL,3846
