seed,dimension,time,solution,dual_gap,rel_dual_gap,termination,ncalls
7,90,217.087,-0.7209460794389748,0.10444666478628539,0.14487444729231846,OPTIMAL,69892
