seed,dimension,p,k,Ns,time,solution,dual_gap,rel_dual_gap,termination,ncalls
6,50,50,25.0,10.0,1800.294,0.6408045808419942,0.025409749401580584,0.04129015731592298,Time limit reached,43296
