seed,dimension,time,solution,dual_gap,rel_dual_gap,termination,ncalls
8,40,6.751,-1.8677258958966068,0.004155501589625299,0.002224899059736193,OPTIMAL,2944
