seed,dimension,p,k,Ns,time,solution,dual_gap,rel_dual_gap,termination,ncalls
5,50,50,25.0,5.0,1802.263,0.4752714317327785,0.027560879196543986,0.06155959255464143,Time limit reached,26581
