seed,dimension,time,solution,dual_gap,rel_dual_gap,termination,ncalls
1,115,58.193,-0.08414636659451946,0.0013149775104492334,0.01562726429752796,OPTIMAL,11858
