seed,dimension,p,k,Ns,time,solution,dual_gap,rel_dual_gap,termination,ncalls
1,70,70,35.0,0.1,1803.694,0.4376176618516334,0.01925977115099503,0.046036591108010484,Time limit reached,24135
