seed,dimension,p,k,time,solution,dual_gap,rel_dual_gap,termination,ncalls
4,26,130,6.0,31.951,4.860201559916642,0.0464538822672127,0.009650252854527743,OPTIMAL,5447
