seed,dimension,time,solution,dual_gap,rel_dual_gap,termination,ncalls
8,80,38.068,-0.7766077710408613,0.04161792576476875,0.053589375894332915,OPTIMAL,12700
