seed,dimension,p,k,time,solution,dual_gap,rel_dual_gap,termination,ncalls
2,21,105,5.0,1800.061,2.033418409196724,0.04611848059586521,0.02320660305580272,Time limit reached,485193
