seed,n0,m0,M,time,solution,dual_gap,rel_dual_gap,termination,ncalls
6,2,21,20.0,0.14,0.9623225959819908,5.144701331616375e-8,5.346129902944803e-8,OPTIMAL,22
