seed,dimension,p,k,Ns,time,solution,dual_gap,rel_dual_gap,termination,ncalls
3,90,90,45.0,5.0,1800.58,-0.32071058621916515,0.3220372224610809,1.0041365527017845,Time limit reached,14911
