seed,dimension,p,k,time,solution,dual_gap,rel_dual_gap,termination,ncalls
8,30,150,6.0,1.98,3.985746549412991,0.03768642584135673,0.00954555519971755,OPTIMAL,301
