seed,dimension,time,solution,dual_gap,rel_dual_gap,termination,ncalls
4,55,7.02,-0.4270167430623631,0.004208631711221877,0.00985589389549354,OPTIMAL,2184
