seed,dimension,time,solution,dual_gap,rel_dual_gap,termination,ncalls
10,120,51.989,-0.17042281960700323,0.0004946560882015116,0.0029025226160568967,OPTIMAL,11704
