seed,dimension,time,solution,dual_gap,rel_dual_gap,termination,ncalls
1,100,1505.828,-0.8244463212382991,0.002843810992319895,0.0034493585804938245,OPTIMAL,454655
