seed,n0,m0,M,time,solution,dual_gap,rel_dual_gap,termination,ncalls
10,2,17,20.0,0.357,1.3680759300316858,8.851733279691132e-8,6.470206556599197e-8,OPTIMAL,66
