seed,n0,m0,M,time,solution,dual_gap,rel_dual_gap,termination,ncalls
7,3,30,20.0,1.32,4.762623510900612,0.07737199124774641,0.016513946139967095,OPTIMAL,107
