seed,dimension,p,k,time,solution,dual_gap,rel_dual_gap,termination,ncalls
4,21,105,5.0,7.214,5.061115465947954,0.048603231243101064,0.00969638156822632,OPTIMAL,1673
