seed,dimension,p,k,time,solution,dual_gap,rel_dual_gap,termination,ncalls
8,28,140,6.0,3.3,3.274522687579969,0.030986980787664375,0.009553457581112606,OPTIMAL,656
