seed,dimension,time,solution,dual_gap,rel_dual_gap,termination,ncalls
5,65,15.916,-0.41502396297373045,0.0038544271229410954,0.009287239935071091,OPTIMAL,3299
