seed,n0,m0,M,time,solution,dual_gap,rel_dual_gap,termination,ncalls
8,2,18,20.0,0.41,1.7918318160727862,8.244643701083021e-8,4.6012376867538374e-8,OPTIMAL,47
