seed,dimension,p,k,time,solution,dual_gap,rel_dual_gap,termination,ncalls
2,23,115,5.0,1800.006,2.149509108858354,0.042338678673522256,0.020092669328986595,Time limit reached,397899
