seed,dimension,time,solution,dual_gap,rel_dual_gap,termination,ncalls
5,40,5.311,-0.27319801537558597,0.0009096381168086642,0.0033295926969239362,OPTIMAL,1462
