seed,dimension,p,k,Ns,time,solution,dual_gap,rel_dual_gap,termination,ncalls
7,50,50,25.0,0.1,1801.565,0.7755828911868055,0.007493250734045165,0.009755698214635693,Time limit reached,32509
