seed,dimension,time,solution,dual_gap,rel_dual_gap,termination,ncalls
6,25,3.466,-1.4184528634432172,0.0026385451700390306,0.0018601571035882754,OPTIMAL,1177
