seed,dimension,time,solution,dual_gap,rel_dual_gap,termination,ncalls
9,55,163.342,8.825817352755093,0.06573668862442972,0.007504119099450476,OPTIMAL,18114
