seed,dimension,p,k,time,solution,dual_gap,rel_dual_gap,termination,ncalls
3,30,150,6.0,1800.006,4.319300767044491,0.15660704070636466,0.037621562142677756,Time limit reached,290175
