seed,dimension,time,solution,dual_gap,rel_dual_gap,termination,ncalls
5,80,19.37,-0.07204246169446915,0.0019306258750177996,0.026798443995508524,OPTIMAL,6097
