seed,dimension,time,solution,dual_gap,rel_dual_gap,termination,ncalls
2,85,1800.009,12.647034830321303,1.3121542681300706,0.11576251385540917,Time limit reached,144128
