seed,dimension,p,k,Ns,time,solution,dual_gap,rel_dual_gap,termination,ncalls
3,90,90,45.0,0.1,1807.781,0.44778857794813504,0.030605726263020272,0.07336285789167853,Time limit reached,15464
