seed,dimension,p,k,Ns,time,solution,dual_gap,rel_dual_gap,termination,ncalls
3,50,50,25.0,5.0,1801.942,0.49908839790786585,0.015630102351138597,0.032329784171227685,Time limit reached,33247
