seed,dimension,p,k,Ns,time,solution,dual_gap,rel_dual_gap,termination,ncalls
1,50,50,25.0,0.1,1801.42,0.8399762136523655,0.0033213703673352635,0.00396982147894379,Time limit reached,43573
