seed,dimension,p,k,time,solution,dual_gap,rel_dual_gap,termination,ncalls
2,29,145,6.0,1800.143,2.0424263803112144,0.11775058717543097,0.061179439984323535,Time limit reached,308486
