seed,dimension,p,k,time,solution,dual_gap,rel_dual_gap,termination,ncalls
9,20,100,4.0,1.032,2.018599533665041,0.018144581225153278,0.009070227351544677,OPTIMAL,188
