seed,dimension,p,k,time,solution,dual_gap,rel_dual_gap,termination,ncalls
7,28,140,6.0,753.31,4.096105250978201,0.04055106073775505,0.009998895054919943,OPTIMAL,157480
