seed,dimension,p,k,time,solution,dual_gap,rel_dual_gap,termination,ncalls
4,28,140,6.0,24.962,5.8042455912059845,0.05718777917611639,0.009950792396138712,OPTIMAL,4336
