seed,dimension,p,k,time,solution,dual_gap,rel_dual_gap,termination,ncalls
10,24,120,5.0,2.785,2.5919150187022093,0.02129537335346665,0.008284140126291464,OPTIMAL,517
