seed,dimension,p,k,Ns,time,solution,dual_gap,rel_dual_gap,termination,ncalls
8,90,90,45.0,0.1,1806.552,0.6334273609058705,0.013142318411574427,0.021187546871558296,Time limit reached,15281
