seed,n0,m0,M,time,solution,dual_gap,rel_dual_gap,termination,ncalls
8,2,17,20.0,0.361,0.2881683582857581,7.516265831952751e-8,2.608290458093874e-7,OPTIMAL,48
