seed,dimension,time,solution,dual_gap,rel_dual_gap,termination,ncalls
2,55,474.225,-0.9085693083465642,0.00790054515858607,0.008695588862630268,OPTIMAL,138668
