seed,dimension,time,solution,dual_gap,rel_dual_gap,termination,ncalls
6,100,31.96,-0.09693406023533613,0.0006373096935514133,0.006574672432003316,OPTIMAL,10021
