seed,dimension,p,k,time,solution,dual_gap,rel_dual_gap,termination,ncalls
10,19,95,4.0,0.214,2.9921497701767152,0.028856099760655063,0.009737846791473602,OPTIMAL,36
