seed,dimension,time,solution,dual_gap,rel_dual_gap,termination,ncalls
10,95,860.257,23.555332189154413,0.22052185289389215,0.009450338344992586,OPTIMAL,78283
