seed,dimension,p,k,Ns,time,solution,dual_gap,rel_dual_gap,termination,ncalls
10,90,90,45.0,10.0,1800.554,0.08090791450766963,0.07444996258642918,11.528416980244211,Time limit reached,14027
