seed,dimension,p,k,time,solution,dual_gap,rel_dual_gap,termination,ncalls
3,18,90,4.0,122.317,3.2649714704686863,0.032292397579242405,0.009989360790577552,OPTIMAL,31596
