seed,dimension,p,k,Ns,time,solution,dual_gap,rel_dual_gap,termination,ncalls
7,90,90,45.0,5.0,1800.568,0.11320064390932157,0.04970945999048103,0.7829348410642901,Time limit reached,15108
