seed,dimension,p,k,Ns,time,solution,dual_gap,rel_dual_gap,termination,ncalls
7,90,90,45.0,0.1,1800.245,0.8450846270109141,0.05850556984656474,0.07437977062023464,Time limit reached,31023
