seed,dimension,time,solution,dual_gap,rel_dual_gap,termination,ncalls
7,40,4.233,-0.1770124258493515,0.0005500109916835028,0.003107188600147179,OPTIMAL,1621
