seed,n0,m0,M,time,solution,dual_gap,rel_dual_gap,termination,ncalls
4,2,17,20.0,0.431,0.9491274334055988,6.599333612911096e-8,6.953053762324621e-8,OPTIMAL,72
