seed,dimension,p,k,time,solution,dual_gap,rel_dual_gap,termination,ncalls
5,24,120,5.0,24.169,5.482109670783845,0.05395313595291373,0.009939495223970028,OPTIMAL,4935
