seed,dimension,time,solution,dual_gap,rel_dual_gap,termination,ncalls
4,35,3.205,0.13465948427848595,0.0008542304499121744,0.006384132352579982,OPTIMAL,1411
