seed,dimension,time,solution,dual_gap,rel_dual_gap,termination,ncalls
6,120,1800.044,9.647218333355937,3.8317148772713203,0.6588793053269175,Time limit reached,86117
