seed,dimension,p,k,Ns,time,solution,dual_gap,rel_dual_gap,termination,ncalls
2,70,70,35.0,10.0,1800.451,0.28568345878682355,0.0375476431721139,0.15131891814608342,Time limit reached,21117
