seed,dimension,time,solution,dual_gap,rel_dual_gap,termination,ncalls
5,85,27.732,-0.20231661537922602,0.0007141179539797149,0.0035297049263164023,OPTIMAL,6168
