seed,dimension,time,solution,dual_gap,rel_dual_gap,termination,ncalls
5,25,1.495,-0.3023613117914439,0.007926829392647161,0.02621641421543625,OPTIMAL,518
