seed,dimension,p,k,time,solution,dual_gap,rel_dual_gap,termination,ncalls
3,19,95,4.0,329.946,3.632957996044608,0.03594562248418498,0.009993188443943273,OPTIMAL,88071
