seed,dimension,p,k,time,solution,dual_gap,rel_dual_gap,termination,ncalls
7,16,80,4.0,51.759,3.2775182354340826,0.03216125775025258,0.009909929160768521,OPTIMAL,10497
