seed,dimension,p,k,Ns,time,solution,dual_gap,rel_dual_gap,termination,ncalls
10,90,90,45.0,5.0,1800.521,0.08043750245154792,0.07371645147518545,10.967994698216351,Time limit reached,15488
