seed,dimension,time,solution,dual_gap,rel_dual_gap,termination,ncalls
7,50,139.898,-0.622202789071245,0.005441661968524136,0.008745801311252304,OPTIMAL,48404
