seed,dimension,time,solution,dual_gap,rel_dual_gap,termination,ncalls
9,80,1757.468,4.632755297532656,0.04495090791460399,0.009797912922426556,OPTIMAL,164670
