seed,dimension,time,solution,dual_gap,rel_dual_gap,termination,ncalls
7,20,16.4,1.0308683856149163,0.008082998140080733,0.007902926888735595,OPTIMAL,4374
