seed,dimension,time,solution,dual_gap,rel_dual_gap,termination,ncalls
7,95,1800.016,6.084668860881392,5.901604385473727,32.23784610493915,Time limit reached,140028
