seed,dimension,time,solution,dual_gap,rel_dual_gap,termination,ncalls
7,105,42.655,-0.1743653760514794,0.0007752951884948955,0.004446382682454104,OPTIMAL,9160
