seed,dimension,time,solution,dual_gap,rel_dual_gap,termination,ncalls
4,90,1616.775,24.78573593455474,0.23996770030226244,0.00977633692342123,OPTIMAL,94529
