seed,dimension,time,solution,dual_gap,rel_dual_gap,termination,ncalls
4,40,3.576,-0.09731294888323017,0.0013855788289796056,0.014238380861751698,OPTIMAL,1639
