seed,dimension,time,solution,dual_gap,rel_dual_gap,termination,ncalls
7,45,1800.04,-0.5399877770592774,0.6469569567295457,1.1980955573713399,Time limit reached,250153
