seed,dimension,time,solution,dual_gap,rel_dual_gap,termination,ncalls
4,95,41.304,-0.1433342402801181,0.0011006048880637387,0.007678590167379592,OPTIMAL,8929
