seed,dimension,time,solution,dual_gap,rel_dual_gap,termination,ncalls
9,65,462.093,12.769778326187105,0.10498242047649597,0.008289310089012882,OPTIMAL,34551
