seed,dimension,p,k,Ns,time,solution,dual_gap,rel_dual_gap,termination,ncalls
4,70,70,35.0,10.0,1800.446,0.5301683194105539,0.056639725734246804,0.11961204981206347,Time limit reached,20030
