seed,dimension,time,solution,dual_gap,rel_dual_gap,termination,ncalls
7,30,88.472,6.586997625277683,0.058711742839219205,0.00899343930344071,OPTIMAL,14680
