seed,dimension,p,k,time,solution,dual_gap,rel_dual_gap,termination,ncalls
5,18,90,4.0,4.047,4.646806399110294,0.043930226982629605,0.009544081860955865,OPTIMAL,1122
