seed,dimension,p,k,Ns,time,solution,dual_gap,rel_dual_gap,termination,ncalls
1,50,50,25.0,5.0,1802.045,0.5004196616265287,0.013022497772997244,0.02671845209364135,Time limit reached,40262
