seed,dimension,time,solution,dual_gap,rel_dual_gap,termination,ncalls
2,60,12.092,-0.8696975605295731,0.0003453278869877119,0.0003970666386340512,OPTIMAL,3574
