seed,dimension,time,solution,dual_gap,rel_dual_gap,termination,ncalls
9,65,14.944,-0.13303934727844063,0.0011873733344007764,0.008924978652486168,OPTIMAL,4033
