seed,dimension,time,solution,dual_gap,rel_dual_gap,termination,ncalls
7,35,167.762,1.780976860022543,0.014865756144372577,0.008417225910492912,OPTIMAL,21790
