seed,dimension,p,k,Ns,time,solution,dual_gap,rel_dual_gap,termination,ncalls
10,50,50,25.0,0.1,1801.714,0.8325946798192329,0.003784179680880073,0.004565796017604003,Time limit reached,33895
