seed,dimension,p,k,time,solution,dual_gap,rel_dual_gap,termination,ncalls
1,25,125,5.0,100.262,1.918574585754522,0.018920901933140888,0.009960184898059537,OPTIMAL,19569
