seed,dimension,var_A,p,k,M,time,solution,dual_gap,rel_dual_gap,termination,ncalls
3,5,5,25,5.0,1.0,194.425,0.3872486896147957,0.0037600035885448913,0.009804731470715434,OPTIMAL,72596
