seed,dimension,time,solution,dual_gap,rel_dual_gap,termination,ncalls
9,40,18.72,-1.7161764250111298,0.013901720975549425,0.008100403182883293,OPTIMAL,5239
