seed,dimension,p,k,Ns,time,solution,dual_gap,rel_dual_gap,termination,ncalls
9,90,90,45.0,0.1,1807.079,0.5088896281060962,0.028762111735829876,0.05990515176732553,Time limit reached,11602
