seed,dimension,time,solution,dual_gap,rel_dual_gap,termination,ncalls
2,70,744.051,-1.272928731523887,0.012319881035976366,0.009678374547511089,OPTIMAL,282963
