seed,dimension,var_A,p,k,M,time,solution,dual_gap,rel_dual_gap,termination,ncalls
2,15,5,75,15.0,1.0,1800.296,0.36873284797853223,0.09989986933562195,0.37160570790058656,Time limit reached,200219
