seed,dimension,time,solution,dual_gap,rel_dual_gap,termination,ncalls
2,100,62.61,-1.1568202072904776,0.03700564374281634,0.03198910557543902,OPTIMAL,16822
