seed,dimension,p,k,Ns,time,solution,dual_gap,rel_dual_gap,termination,ncalls
5,50,50,25.0,0.1,1802.215,0.8224212732350771,0.004725092349558091,0.005778542764430038,Time limit reached,33631
