seed,dimension,p,k,Ns,time,solution,dual_gap,rel_dual_gap,termination,ncalls
7,70,70,35.0,5.0,1800.413,0.5412762140641039,0.04593660368858332,0.09273759401909823,Time limit reached,24510
