seed,dimension,time,solution,dual_gap,rel_dual_gap,termination,ncalls
5,20,0.658,-10.31894143962969,0.012415301707708437,0.0012031565234034295,OPTIMAL,270
