seed,dimension,time,solution,dual_gap,rel_dual_gap,termination,ncalls
2,65,11.332,-0.036152311761681655,5.246303164119226e-8,1.4511667189371432e-6,OPTIMAL,2835
