seed,dimension,var_A,p,k,M,time,solution,dual_gap,rel_dual_gap,termination,ncalls
9,15,5,75,15.0,0.1,1800.172,0.32269754776411164,0.08971261749089157,0.38505759744068474,Time limit reached,268163
