seed,dimension,p,k,time,solution,dual_gap,rel_dual_gap,termination,ncalls
7,26,130,6.0,1195.786,4.277812691469361,0.04232303291742312,0.009992476981254831,OPTIMAL,224304
