seed,dimension,time,solution,dual_gap,rel_dual_gap,termination,ncalls
3,70,1800.031,-11.505885271415087,0.27681794050632647,0.024058812857629088,Time limit reached,724195
