seed,dimension,time,solution,dual_gap,rel_dual_gap,termination,ncalls
1,65,222.459,14.605036632131924,0.132765144988225,0.00917375997998418,OPTIMAL,28203
