seed,dimension,time,solution,dual_gap,rel_dual_gap,termination,ncalls
2,30,7.072,-5.964209770427987,0.0427812021123799,0.0071729874969354,OPTIMAL,2597
