seed,dimension,p,k,Ns,time,solution,dual_gap,rel_dual_gap,termination,ncalls
9,70,70,35.0,5.0,1805.158,-2.66504141746945,0.10040659883656922,0.037675436553593525,Time limit reached,15593
