seed,dimension,p,k,Ns,time,solution,dual_gap,rel_dual_gap,termination,ncalls
2,50,50,25.0,10.0,1800.291,0.29412725211384577,0.02863760852920466,0.1078671399100156,Time limit reached,51531
