seed,dimension,time,solution,dual_gap,rel_dual_gap,termination,ncalls
10,25,31.371,3.816539012601858,0.03470575288199029,0.009176965375930154,OPTIMAL,4585
