seed,dimension,p,k,Ns,time,solution,dual_gap,rel_dual_gap,termination,ncalls
2,70,70,35.0,1.0,1800.389,0.2843021667961945,0.03598871931707018,0.14493262319228903,Time limit reached,26463
