seed,dimension,p,k,time,solution,dual_gap,rel_dual_gap,termination,ncalls
4,20,100,4.0,19.37,5.58043616690493,0.0531224103961776,0.009610891065053561,OPTIMAL,5490
