seed,dimension,time,solution,dual_gap,rel_dual_gap,termination,ncalls
6,40,5.681,-0.6073707067800488,0.01183803071191103,0.019490618463754814,OPTIMAL,2709
