seed,dimension,time,solution,dual_gap,rel_dual_gap,termination,ncalls
4,35,118.867,9.528010025567454,0.07064403857323143,0.007469737204881482,OPTIMAL,15216
