seed,dimension,p,k,time,solution,dual_gap,rel_dual_gap,termination,ncalls
1,21,105,5.0,56.915,1.7617942500903545,0.01734328311480149,0.009941972255528888,OPTIMAL,10303
