seed,dimension,time,solution,dual_gap,rel_dual_gap,termination,ncalls
6,120,88.312,-0.5032322499624178,0.21648191940328987,0.43018292134388664,OPTIMAL,12959
