seed,dimension,time,solution,dual_gap,rel_dual_gap,termination,ncalls
10,120,1800.017,25.631066423562554,1.1889538305632108,0.04864366065082886,Time limit reached,131545
