seed,dimension,p,k,time,solution,dual_gap,rel_dual_gap,termination,ncalls
2,17,85,4.0,272.203,1.9730825424630343,0.019524596862173116,0.009994378158139498,OPTIMAL,80503
