seed,dimension,time,solution,dual_gap,rel_dual_gap,termination,ncalls
3,70,1800.082,-11.582346508168106,0.1600482555689613,0.013818292817961543,Time limit reached,782859
