seed,dimension,time,solution,dual_gap,rel_dual_gap,termination,ncalls
9,95,34.182,-0.28083633878679404,0.10879492078173425,0.387396165509512,OPTIMAL,8267
