seed,dimension,p,k,Ns,time,solution,dual_gap,rel_dual_gap,termination,ncalls
3,90,90,45.0,0.1,1808.792,0.44778857794813504,0.030694897233414897,0.07359233345568068,Time limit reached,15059
