seed,dimension,time,solution,dual_gap,rel_dual_gap,termination,ncalls
7,115,52.113,-0.4514923034841912,0.09448274025682812,0.2092676653127851,OPTIMAL,11849
