seed,dimension,time,solution,dual_gap,rel_dual_gap,termination,ncalls
6,110,1800.024,35.09270500791037,13.367792750917843,0.6153209086777874,Time limit reached,129945
