seed,dimension,time,solution,dual_gap,rel_dual_gap,termination,ncalls
2,75,20.061,-0.15325499920855706,0.003479647116802931,0.02270495014696162,OPTIMAL,5225
