seed,dimension,var_A,p,k,M,time,solution,dual_gap,rel_dual_gap,termination,ncalls
1,10,5,50,10.0,1.0,1800.186,0.08821500748571258,0.02636900284055737,0.4263655023772505,Time limit reached,473698
