seed,dimension,p,k,time,solution,dual_gap,rel_dual_gap,termination,ncalls
10,23,115,5.0,0.895,3.034468529743283,0.02954663595865048,0.009832746741193046,OPTIMAL,145
