seed,dimension,time,solution,dual_gap,rel_dual_gap,termination,ncalls
10,85,421.815,18.809986325692375,0.16679604151336136,0.008946754228803202,OPTIMAL,39579
