seed,dimension,time,solution,dual_gap,rel_dual_gap,termination,ncalls
4,45,1800.362,-8.907047977525977,1.362266794951351,0.1529425684456383,Time limit reached,200495
