seed,n0,m0,M,time,solution,dual_gap,rel_dual_gap,termination,ncalls
3,2,16,20.0,0.304,2.6141629527823453,3.411892857130283e-8,1.3051569329407877e-8,OPTIMAL,65
