seed,dimension,time,solution,dual_gap,rel_dual_gap,termination,ncalls
5,50,1800.005,3.1254173703878543,2.5519870831007925,4.450387675151271,Time limit reached,171203
