seed,dimension,time,solution,dual_gap,rel_dual_gap,termination,ncalls
6,95,322.038,-0.7486279984774518,0.009925545113266487,0.013258314053779594,OPTIMAL,81323
