seed,dimension,var_A,p,k,M,time,solution,dual_gap,rel_dual_gap,termination,ncalls
3,15,5,75,15.0,0.1,1800.194,0.246966182898671,0.030865231643542324,0.14282783793534923,Time limit reached,265760
