seed,dimension,p,k,time,solution,dual_gap,rel_dual_gap,termination,ncalls
3,17,85,4.0,417.259,3.5278768501750717,0.034871469876663674,0.00998322821755419,OPTIMAL,99474
