seed,dimension,time,solution,dual_gap,rel_dual_gap,termination,ncalls
6,95,1800.051,8.969032402525135,8.551721277846747,20.49243543276579,Time limit reached,122515
