seed,n0,m0,M,time,solution,dual_gap,rel_dual_gap,termination,ncalls
3,2,18,20.0,0.374,3.341321590695351,3.9383161176687054e-8,1.1786701929726177e-8,OPTIMAL,66
