seed,dimension,p,k,time,solution,dual_gap,rel_dual_gap,termination,ncalls
2,30,150,6.0,1800.016,2.4282740733939105,0.508106547002023,0.26461573795948223,Time limit reached,274912
