seed,dimension,time,solution,dual_gap,rel_dual_gap,termination,ncalls
3,30,2.923,-12.182507610549507,0.07692756543702828,0.006314592027868913,OPTIMAL,762
