seed,dimension,time,solution,dual_gap,rel_dual_gap,termination,ncalls
9,80,33.652,-0.5742470293823966,0.003921527117849544,0.00682898982005558,OPTIMAL,8144
