seed,dimension,p,k,time,solution,dual_gap,rel_dual_gap,termination,ncalls
9,29,145,6.0,0.748,3.3511659321044376,0.02577462676629194,0.00775085528278033,OPTIMAL,112
