seed,dimension,time,solution,dual_gap,rel_dual_gap,termination,ncalls
3,90,45.198,-0.5421820048876983,0.04109229278857762,0.07579058769589565,OPTIMAL,8266
