seed,dimension,p,k,time,solution,dual_gap,rel_dual_gap,termination,ncalls
5,25,125,5.0,40.828,6.063698098092319,0.05996704569492284,0.009988296472903618,OPTIMAL,8330
