seed,dimension,time,solution,dual_gap,rel_dual_gap,termination,ncalls
4,115,61.548,-0.1521317689367332,0.0008984764652951727,0.005905909538650147,OPTIMAL,10870
