seed,dimension,p,k,time,solution,dual_gap,rel_dual_gap,termination,ncalls
2,25,125,5.0,1800.008,1.8317064112917245,0.044634703412443244,0.024976447903935127,Time limit reached,297009
