seed,n0,m0,M,time,solution,dual_gap,rel_dual_gap,termination,ncalls
2,2,19,20.0,0.068,2.8257415463844584,7.264453705246865e-8,2.570813279543307e-8,OPTIMAL,16
