seed,dimension,p,k,Ns,time,solution,dual_gap,rel_dual_gap,termination,ncalls
6,70,70,35.0,10.0,1800.338,0.12626904441096468,0.05711591217044171,0.8259338416051155,Time limit reached,22716
