seed,dimension,time,solution,dual_gap,rel_dual_gap,termination,ncalls
9,105,47.371,-0.19075890271473217,0.004116854669030723,0.021581454969822392,OPTIMAL,10354
