seed,dimension,time,solution,dual_gap,rel_dual_gap,termination,ncalls
6,20,0.661,0.3585118574715867,0.031046133051286284,0.09480727519268169,OPTIMAL,455
