seed,dimension,time,solution,dual_gap,rel_dual_gap,termination,ncalls
10,25,26.117,3.816539012601858,0.03470575288196098,0.009176965375922332,OPTIMAL,4585
