seed,dimension,time,solution,dual_gap,rel_dual_gap,termination,ncalls
10,40,6.168,-0.38202078203426604,0.0037098291684600215,0.009711066368445008,OPTIMAL,1524
