seed,dimension,time,solution,dual_gap,rel_dual_gap,termination,ncalls
5,40,116.677,6.8235525136778294,0.060012065947739224,0.008872877513119605,OPTIMAL,16553
