seed,n0,m0,M,time,solution,dual_gap,rel_dual_gap,termination,ncalls
9,2,15,20.0,0.13,0.45178989295454297,3.8989176776027534e-8,8.629936337396459e-8,OPTIMAL,16
