seed,dimension,time,solution,dual_gap,rel_dual_gap,termination,ncalls
4,20,2.685,-1.3786927446091326,0.019244136670232947,0.013958249033716915,OPTIMAL,1788
