seed,dimension,time,solution,dual_gap,rel_dual_gap,termination,ncalls
5,55,261.895,3.41289553661129,0.02766544725192821,0.008172397893687563,OPTIMAL,34025
