seed,dimension,time,solution,dual_gap,rel_dual_gap,termination,ncalls
6,25,2.127,-1.4184528617874324,0.0026385468259295664,0.0018601582731516784,OPTIMAL,1177
