seed,dimension,time,solution,dual_gap,rel_dual_gap,termination,ncalls
5,85,840.786,16.990652007565032,0.1383140036455046,0.008207407400286859,OPTIMAL,76525
