seed,dimension,time,solution,dual_gap,rel_dual_gap,termination,ncalls
9,90,1800.012,-1.7875133071694584,0.6164393825566314,0.34485862571438314,Time limit reached,669024
