seed,dimension,var_A,p,k,M,time,solution,dual_gap,rel_dual_gap,termination,ncalls
2,20,5,100,20.0,0.1,1800.025,0.6931471805599454,0.40590031836332696,1.413071374424592,Time limit reached,189949
