seed,dimension,p,k,Ns,time,solution,dual_gap,rel_dual_gap,termination,ncalls
10,90,90,45.0,1.0,1800.536,0.08357604955508682,0.07704103548546418,11.788962451294735,Time limit reached,15598
