seed,dimension,var_A,p,k,M,time,solution,dual_gap,rel_dual_gap,termination,ncalls
3,15,1,75,15.0,1.0,1800.214,0.6259127204792865,0.05538674285599576,0.09708014188368255,Time limit reached,242705
