seed,dimension,p,k,Ns,time,solution,dual_gap,rel_dual_gap,termination,ncalls
9,90,90,45.0,1.0,1800.334,-0.8727502667658146,0.2153884099533233,0.24679271740757722,Time limit reached,23696
