seed,dimension,p,k,time,solution,dual_gap,rel_dual_gap,termination,ncalls
10,29,145,6.0,0.938,3.0958485141887326,0.017278984083580085,0.0056126665045599594,OPTIMAL,137
