seed,dimension,p,k,Ns,time,solution,dual_gap,rel_dual_gap,termination,ncalls
9,90,90,45.0,10.0,1800.603,-1.0007300572361477,0.20598836485789174,0.2058380912698853,Time limit reached,14875
