seed,dimension,time,solution,dual_gap,rel_dual_gap,termination,ncalls
1,95,46.56,-0.03257544061512052,0.001401376221762507,0.0430194095705349,OPTIMAL,9378
