seed,dimension,time,solution,dual_gap,rel_dual_gap,termination,ncalls
4,45,55.962,-11.175605285822654,0.07974684054564207,0.007135796093909001,OPTIMAL,24828
