seed,dimension,time,solution,dual_gap,rel_dual_gap,termination,ncalls
6,50,13.414,-0.24250108260385078,0.002691090893112591,0.01109723249157098,OPTIMAL,3477
