seed,dimension,var_A,p,k,M,time,solution,dual_gap,rel_dual_gap,termination,ncalls
2,15,1,75,15.0,0.1,1800.027,0.6931471805599453,0.05934972563151508,0.09364147042562199,Time limit reached,269773
