seed,dimension,p,k,time,solution,dual_gap,rel_dual_gap,termination,ncalls
2,26,130,6.0,1800.108,1.731060740623391,0.08803530638687906,0.05358121947015852,Time limit reached,325436
