seed,dimension,time,solution,dual_gap,rel_dual_gap,termination,ncalls
5,20,88.745,-9.518173438085164,0.09405817005047545,0.009881955888103441,OPTIMAL,5025
