seed,dimension,time,solution,dual_gap,rel_dual_gap,termination,ncalls
8,75,17.136,-0.368215461831976,0.004666327049064889,0.012672816686862069,OPTIMAL,3892
