seed,n0,m0,M,time,solution,dual_gap,rel_dual_gap,termination,ncalls
3,3,29,20.0,0.538,5.135610922355202,3.827624261987239e-8,7.453104116305534e-9,OPTIMAL,117
