seed,dimension,time,solution,dual_gap,rel_dual_gap,termination,ncalls
10,70,18.898,-0.2657081310015331,0.0022481163856251096,0.008460849041959269,OPTIMAL,5627
