seed,dimension,time,solution,dual_gap,rel_dual_gap,termination,ncalls
5,100,1800.037,3.430397990151262,3.3164498831240885,29.104914242526256,Time limit reached,125730
