seed,dimension,p,k,time,solution,dual_gap,rel_dual_gap,termination,ncalls
7,24,120,5.0,242.748,3.6739884198705677,0.03626665833338105,0.009969607548559708,OPTIMAL,39469
