seed,dimension,p,k,time,solution,dual_gap,rel_dual_gap,termination,ncalls
5,26,130,6.0,36.552,5.876645371520513,0.05782125285615436,0.009936930843241664,OPTIMAL,5594
