seed,dimension,time,solution,dual_gap,rel_dual_gap,termination,ncalls
3,95,1111.768,9.229624282947771,0.09094658586260351,0.009951832078683706,OPTIMAL,68691
