seed,dimension,time,solution,dual_gap,rel_dual_gap,termination,ncalls
10,35,4.68,-2.5573195136931095,0.0032711946603600772,0.0012791497671075277,OPTIMAL,2237
