seed,dimension,time,solution,dual_gap,rel_dual_gap,termination,ncalls
5,100,84.403,-1.8782352912844802,0.02125061226626812,0.01131413745917602,OPTIMAL,21949
