seed,dimension,p,k,Ns,time,solution,dual_gap,rel_dual_gap,termination,ncalls
5,70,70,35.0,0.1,1804.292,0.46917651663419235,0.0210616809348953,0.0470006330007528,Time limit reached,23176
