seed,dimension,p,k,Ns,time,solution,dual_gap,rel_dual_gap,termination,ncalls
10,90,90,45.0,0.1,1800.237,0.8413702127272606,0.08837590934439155,0.11736597335113669,Time limit reached,24108
