seed,dimension,time,solution,dual_gap,rel_dual_gap,termination,ncalls
5,95,1800.012,6.790135936528818,2.538523560094001,0.5970731419835305,Time limit reached,134198
