seed,dimension,time,solution,dual_gap,rel_dual_gap,termination,ncalls
4,80,21.693,-0.2674400678842355,0.00025791811357434025,0.0009643959321980991,OPTIMAL,4767
