seed,dimension,time,solution,dual_gap,rel_dual_gap,termination,ncalls
9,45,6.411,0.06010751137136944,0.00346470490459333,0.06116760663378422,OPTIMAL,2084
