seed,dimension,time,solution,dual_gap,rel_dual_gap,termination,ncalls
7,40,4.449,-0.17701245140196248,0.000549985439071865,0.0031070437967267626,OPTIMAL,1621
