seed,dimension,p,k,time,solution,dual_gap,rel_dual_gap,termination,ncalls
10,20,100,4.0,0.705,2.3902751479788935,0.022697357049677347,0.00958674183236412,OPTIMAL,129
