seed,dimension,p,k,time,solution,dual_gap,rel_dual_gap,termination,ncalls
2,24,120,5.0,1800.083,1.646273721545093,0.019176643646477975,0.011785801785867921,Time limit reached,356695
