seed,dimension,time,solution,dual_gap,rel_dual_gap,termination,ncalls
9,100,815.188,28.905567883017053,0.25110299821871607,0.008763136887331312,OPTIMAL,77430
