seed,dimension,time,solution,dual_gap,rel_dual_gap,termination,ncalls
7,85,946.39,-1.3020688456361809,0.011140576329784047,0.008556057820691384,OPTIMAL,361050
