seed,dimension,time,solution,dual_gap,rel_dual_gap,termination,ncalls
6,35,5.19,-13.954666901663158,0.13270536961955415,0.009509748283833126,OPTIMAL,2412
