seed,dimension,p,k,Ns,time,solution,dual_gap,rel_dual_gap,termination,ncalls
10,90,90,45.0,10.0,3.583,-5369.648653660383,6.423761078622192e-9,1.1963093850178152e-12,OPTIMAL,41
