seed,dimension,p,k,time,solution,dual_gap,rel_dual_gap,termination,ncalls
3,24,120,5.0,1800.007,4.032486482391069,0.1345933743310388,0.03452977559921481,Time limit reached,370386
