seed,dimension,time,solution,dual_gap,rel_dual_gap,termination,ncalls
7,35,133.08,1.780976860022543,0.014865756144413433,0.008417225910516241,OPTIMAL,21790
