seed,dimension,time,solution,dual_gap,rel_dual_gap,termination,ncalls
4,50,6.23,-0.34592962223114565,0.0024495461454187017,0.007081053451334523,OPTIMAL,2012
