seed,dimension,p,k,time,solution,dual_gap,rel_dual_gap,termination,ncalls
7,27,135,6.0,1800.114,4.2466490753036625,0.15151899823489234,0.03699980107673338,Time limit reached,359782
