seed,dimension,p,k,Ns,time,solution,dual_gap,rel_dual_gap,termination,ncalls
7,90,90,45.0,5.0,1800.507,0.11320064390932157,0.04970674452910123,0.7828585897905321,Time limit reached,15949
