seed,dimension,time,solution,dual_gap,rel_dual_gap,termination,ncalls
2,60,1049.112,2.6138728690704593,0.024189924556360598,0.00934088267739638,OPTIMAL,86798
