seed,dimension,p,k,Ns,time,solution,dual_gap,rel_dual_gap,termination,ncalls
6,70,70,35.0,1.0,1800.353,0.12583764119430313,0.05638406717474541,0.8118238401794555,Time limit reached,26436
