seed,dimension,var_A,p,k,M,time,solution,dual_gap,rel_dual_gap,termination,ncalls
1,20,5,100,20.0,0.1,1800.326,0.18572080405838004,0.03490586616000993,0.23144833427264347,Time limit reached,218608
