seed,dimension,time,solution,dual_gap,rel_dual_gap,termination,ncalls
1,25,1.218,-0.5948542895730954,0.005643904687972379,0.009487877597760618,OPTIMAL,474
