seed,dimension,p,k,Ns,time,solution,dual_gap,rel_dual_gap,termination,ncalls
2,50,50,25.0,1.0,1803.339,0.26925601777798475,0.003633780707857248,0.013680257902872363,Time limit reached,28911
