seed,dimension,p,k,time,solution,dual_gap,rel_dual_gap,termination,ncalls
4,19,95,4.0,5.788,4.659490245415256,0.04497361428334745,0.009746115981017872,OPTIMAL,1264
