seed,n0,m0,M,time,solution,dual_gap,rel_dual_gap,termination,ncalls
6,2,17,20.0,0.215,1.2136511779515216,4.169408840404287e-8,3.4354261417013125e-8,OPTIMAL,20
