seed,dimension,time,solution,dual_gap,rel_dual_gap,termination,ncalls
9,50,48.401,-2.381707675491942,0.02330794516144996,0.009786232542847939,OPTIMAL,16632
