seed,dimension,time,solution,dual_gap,rel_dual_gap,termination,ncalls
8,90,1377.022,26.10741535022613,0.2574163206168656,0.009958078540815967,OPTIMAL,114407
