seed,dimension,time,solution,dual_gap,rel_dual_gap,termination,ncalls
4,70,21.004,-0.38184901650501313,0.002974795713236278,0.007790502488297552,OPTIMAL,3905
