seed,dimension,p,k,time,solution,dual_gap,rel_dual_gap,termination,ncalls
1,22,110,5.0,14.197,1.930455938957835,0.017251563769751455,0.009017104494158124,OPTIMAL,2523
