seed,dimension,time,solution,dual_gap,rel_dual_gap,termination,ncalls
8,30,2.457,-0.19815613477347932,0.0017104802997714996,0.008631982561260706,OPTIMAL,1061
