seed,dimension,time,solution,dual_gap,rel_dual_gap,termination,ncalls
7,110,68.427,-0.040598157432752524,0.002148602386411236,0.05292364290104094,OPTIMAL,10679
