seed,dimension,time,solution,dual_gap,rel_dual_gap,termination,ncalls
1,90,55.62,-0.4980511932699522,0.0009461101402888916,0.0018996242817474467,OPTIMAL,10237
