seed,dimension,p,k,Ns,time,solution,dual_gap,rel_dual_gap,termination,ncalls
3,90,90,45.0,5.0,1800.533,-0.32071058621916515,0.32203669039878857,1.00413489369109,Time limit reached,15022
