seed,n0,m0,M,time,solution,dual_gap,rel_dual_gap,termination,ncalls
10,2,16,20.0,0.117,1.2374357547542743,4.863368019414338e-8,3.930198551212954e-8,OPTIMAL,18
