seed,dimension,p,k,Ns,time,solution,dual_gap,rel_dual_gap,termination,ncalls
8,70,70,35.0,10.0,1808.819,0.8239742884462351,0.01612443893236415,0.019959697884535273,Time limit reached,17022
