seed,n0,m0,M,time,solution,dual_gap,rel_dual_gap,termination,ncalls
4,2,15,20.0,0.349,2.0049181064464086,4.783715024103685e-8,2.385990292003246e-8,OPTIMAL,72
