seed,dimension,p,k,time,solution,dual_gap,rel_dual_gap,termination,ncalls
6,18,90,4.0,0.256,3.555907125819637,0.035100865793545655,0.009969553335571932,OPTIMAL,55
