seed,n0,m0,M,time,solution,dual_gap,rel_dual_gap,termination,ncalls
4,3,30,20.0,0.569,0.6466215639147733,7.022013281954287e-8,1.085954202021987e-7,OPTIMAL,114
