seed,dimension,p,k,time,solution,dual_gap,rel_dual_gap,termination,ncalls
3,24,120,5.0,1800.098,4.032486027759986,0.11446753605408588,0.029215670190532173,Time limit reached,441942
