seed,dimension,var_A,p,k,M,time,solution,dual_gap,rel_dual_gap,termination,ncalls
3,10,1,50,10.0,0.1,1800.153,0.6680688253172661,0.007897123217478152,0.0119622261789774,Time limit reached,320150
