seed,dimension,p,k,time,solution,dual_gap,rel_dual_gap,termination,ncalls
4,16,80,4.0,6.809,4.873912590274357,0.048020941473537526,0.009950687866245441,OPTIMAL,1365
