seed,dimension,time,solution,dual_gap,rel_dual_gap,termination,ncalls
1,55,10.037,0.3987037738982767,0.004471701684173879,0.011342815563076132,OPTIMAL,3287
