seed,dimension,time,solution,dual_gap,rel_dual_gap,termination,ncalls
8,95,1800.024,5.344341677759064,1.917756736705484,0.5596699832912436,Time limit reached,135790
