seed,dimension,p,k,time,solution,dual_gap,rel_dual_gap,termination,ncalls
6,29,145,6.0,0.433,5.185528324382068,0.042754128682608084,0.008313436883610475,OPTIMAL,61
