seed,dimension,time,solution,dual_gap,rel_dual_gap,termination,ncalls
5,45,4.216,-0.21299346492808385,0.0023877362488617937,0.011210373283837607,OPTIMAL,1596
