seed,dimension,p,k,Ns,time,solution,dual_gap,rel_dual_gap,termination,ncalls
9,70,70,35.0,0.1,1803.462,0.22895179621613856,0.021323189670562098,0.10269870816611898,Time limit reached,28733
