seed,dimension,var_A,p,k,M,time,solution,dual_gap,rel_dual_gap,termination,ncalls
1,5,1,25,5.0,1.0,38.353,0.6330541727029194,0.006248076662719537,0.009968117256981528,OPTIMAL,15712
