seed,dimension,p,k,time,solution,dual_gap,rel_dual_gap,termination,ncalls
3,28,140,6.0,1800.005,4.363373393383866,0.07027814608048377,0.0163700412015381,Time limit reached,349671
