seed,dimension,time,solution,dual_gap,rel_dual_gap,termination,ncalls
10,25,1.286,-0.192811425300135,0.006000839676223252,0.031122842782175367,OPTIMAL,650
