seed,dimension,p,k,Ns,time,solution,dual_gap,rel_dual_gap,termination,ncalls
5,50,50,25.0,0.1,1801.998,0.8224212732350771,0.004728255270376458,0.005782433219431714,Time limit reached,32930
