seed,dimension,time,solution,dual_gap,rel_dual_gap,termination,ncalls
3,25,2.773,-1.727203830897572,0.013150973083134954,0.007614024962126687,OPTIMAL,1212
