seed,dimension,time,solution,dual_gap,rel_dual_gap,termination,ncalls
4,25,0.835,-0.3393709260489139,0.006382061497535729,0.01880556349313163,OPTIMAL,439
