seed,dimension,p,k,time,solution,dual_gap,rel_dual_gap,termination,ncalls
6,19,95,4.0,0.718,3.882930310924795,0.03802149094975693,0.00988878871515184,OPTIMAL,137
