seed,dimension,var_A,p,k,M,time,solution,dual_gap,rel_dual_gap,termination,ncalls
2,10,1,50,10.0,1.0,1800.181,0.6487523141907058,0.01883883585412982,0.02990702136407349,Time limit reached,278370
