seed,dimension,time,solution,dual_gap,rel_dual_gap,termination,ncalls
3,95,36.614,-0.5100359081458306,0.052085927971210255,0.10212208030717268,OPTIMAL,7060
