seed,dimension,p,k,Ns,time,solution,dual_gap,rel_dual_gap,termination,ncalls
4,70,70,35.0,5.0,1800.457,0.5294348237488671,0.05598983586038464,0.11826048916494764,Time limit reached,23923
