seed,dimension,time,solution,dual_gap,rel_dual_gap,termination,ncalls
5,90,630.096,-0.7516119874303234,0.003050921067443979,0.004059170314559157,OPTIMAL,154338
