seed,dimension,time,solution,dual_gap,rel_dual_gap,termination,ncalls
4,70,14.281,-0.38107276762882836,0.003257890359772808,0.008549260499627334,OPTIMAL,3604
