seed,dimension,p,k,Ns,time,solution,dual_gap,rel_dual_gap,termination,ncalls
2,90,90,45.0,1.0,1800.366,-0.08185655509841146,0.06320965774715516,0.7722003164091354,Time limit reached,20210
