seed,dimension,time,solution,dual_gap,rel_dual_gap,termination,ncalls
2,85,1800.025,12.647034830321303,1.3912098361066043,0.1235990997391717,Time limit reached,140242
