seed,dimension,time,solution,dual_gap,rel_dual_gap,termination,ncalls
5,110,69.912,-0.36963377713007106,0.40259300861989367,1.0891672610271883,OPTIMAL,10492
