seed,dimension,time,solution,dual_gap,rel_dual_gap,termination,ncalls
7,55,24.738,-0.48849871844558,0.0010940554213333398,0.0022396280277145095,OPTIMAL,8725
