seed,dimension,time,solution,dual_gap,rel_dual_gap,termination,ncalls
8,65,345.511,-4.272028644998147,0.040778480730921274,0.009545460510585822,OPTIMAL,123998
