seed,dimension,time,solution,dual_gap,rel_dual_gap,termination,ncalls
4,25,11.594,3.9673796980592613,0.02536979804160655,0.006435751985679419,OPTIMAL,2831
