seed,dimension,p,k,time,solution,dual_gap,rel_dual_gap,termination,ncalls
3,22,110,5.0,333.432,3.5657132968055762,0.03519041309490456,0.00996747911117305,OPTIMAL,65826
