seed,dimension,var_A,p,k,M,time,solution,dual_gap,rel_dual_gap,termination,ncalls
2,5,1,25,5.0,1.0,28.927,0.5304053488365846,0.005221892482894508,0.009942987387968618,OPTIMAL,7947
