seed,dimension,var_A,p,k,M,time,solution,dual_gap,rel_dual_gap,termination,ncalls
3,20,5,100,20.0,1.0,1800.026,0.6931471805599454,0.4812877342544839,2.2717312947214894,Time limit reached,179498
