seed,dimension,time,solution,dual_gap,rel_dual_gap,termination,ncalls
10,110,1800.044,16.021867017006713,0.21800683334418736,0.013794530628001579,Time limit reached,132501
