seed,dimension,time,solution,dual_gap,rel_dual_gap,termination,ncalls
7,65,20.885,0.1876270205179807,0.0007592753789728568,0.004063169801765651,OPTIMAL,4732
