seed,n0,m0,M,time,solution,dual_gap,rel_dual_gap,termination,ncalls
9,2,17,20.0,0.164,0.6231478446384671,6.941912045199672e-8,1.1140073544764136e-7,OPTIMAL,16
