seed,dimension,time,solution,dual_gap,rel_dual_gap,termination,ncalls
5,110,53.376,-0.39225517836220813,1.5977011573951918,4.0731168013284345,OPTIMAL,10492
