seed,dimension,time,solution,dual_gap,rel_dual_gap,termination,ncalls
10,20,0.816,-0.14728658167744713,0.008128105903248195,0.05518565106662931,OPTIMAL,463
