seed,dimension,p,k,Ns,time,solution,dual_gap,rel_dual_gap,termination,ncalls
10,90,90,45.0,5.0,1800.59,0.08043750245154792,0.07372363910804289,10.980807224705122,Time limit reached,14666
