seed,dimension,p,k,Ns,time,solution,dual_gap,rel_dual_gap,termination,ncalls
7,70,70,35.0,10.0,1800.332,0.5410208168989235,0.0458373709330826,0.09256644442884827,Time limit reached,19479
