seed,dimension,time,solution,dual_gap,rel_dual_gap,termination,ncalls
6,25,63.076,0.5219133828725075,0.0038514908603692888,0.007434422256789056,OPTIMAL,10135
