seed,dimension,time,solution,dual_gap,rel_dual_gap,termination,ncalls
3,80,23.863,-0.1346664483886782,0.002794434874136442,0.020750787650321508,OPTIMAL,5879
