seed,dimension,p,k,time,solution,dual_gap,rel_dual_gap,termination,ncalls
3,21,105,5.0,189.265,3.718586133585336,0.036713522993185865,0.009971426737461535,OPTIMAL,36741
