seed,dimension,p,k,time,solution,dual_gap,rel_dual_gap,termination,ncalls
4,17,85,4.0,3.088,4.165906206758644,0.040032126598488205,0.009702701977985296,OPTIMAL,813
