seed,dimension,time,solution,dual_gap,rel_dual_gap,termination,ncalls
10,30,1.493,-0.400935721015163,0.017621779232945334,0.04395163191827174,OPTIMAL,590
