seed,dimension,p,k,time,solution,dual_gap,rel_dual_gap,termination,ncalls
6,26,130,6.0,2.552,4.700437511796861,0.045985273819019845,0.009879846535711464,OPTIMAL,422
