seed,dimension,time,solution,dual_gap,rel_dual_gap,termination,ncalls
10,55,8.702,-0.17411793032597978,0.0005452535786275026,0.0031315188367257224,OPTIMAL,2802
