seed,dimension,p,k,Ns,time,solution,dual_gap,rel_dual_gap,termination,ncalls
2,90,90,45.0,1.0,1800.369,-0.08185655509841146,0.06320641347869425,0.7721606828274754,Time limit reached,20508
