seed,dimension,p,k,time,solution,dual_gap,rel_dual_gap,termination,ncalls
3,26,130,6.0,1800.011,4.057720933359512,0.19296855745179986,0.04993038070297517,Time limit reached,294975
