seed,dimension,p,k,time,solution,dual_gap,rel_dual_gap,termination,ncalls
4,25,125,5.0,5.466,4.560058701673463,0.045094331314451175,0.009987749097312468,OPTIMAL,863
