seed,dimension,p,k,time,solution,dual_gap,rel_dual_gap,termination,ncalls
3,29,145,6.0,1800.007,4.6434855914450495,0.16082052049289253,0.03587609556980193,Time limit reached,291602
