seed,dimension,time,solution,dual_gap,rel_dual_gap,termination,ncalls
1,105,43.235,-0.10000892166334985,6.194763777883638e-5,0.0006194211151217548,OPTIMAL,9730
