seed,dimension,time,solution,dual_gap,rel_dual_gap,termination,ncalls
5,80,871.539,18.396277358554315,0.1642017392644064,0.00900620108720247,OPTIMAL,76550
