seed,dimension,time,solution,dual_gap,rel_dual_gap,termination,ncalls
4,50,7.864,-0.3466231857601465,0.0017559826164178505,0.005065969873212524,OPTIMAL,2012
