seed,dimension,time,solution,dual_gap,rel_dual_gap,termination,ncalls
10,60,10.462,0.06787743914717626,0.0013974885380005908,0.021021203012261375,OPTIMAL,3300
