seed,dimension,time,solution,dual_gap,rel_dual_gap,termination,ncalls
1,45,417.183,5.539145438148692,0.0447596046259795,0.008146425457216569,OPTIMAL,49739
