seed,dimension,time,solution,dual_gap,rel_dual_gap,termination,ncalls
3,105,186.851,-0.6692715269587771,0.0293595679319002,0.04386794708765276,OPTIMAL,45117
