seed,dimension,time,solution,dual_gap,rel_dual_gap,termination,ncalls
4,45,93.499,-11.147033843393125,0.11143916456266467,0.009997203393144352,OPTIMAL,27451
