seed,dimension,time,solution,dual_gap,rel_dual_gap,termination,ncalls
2,80,24.879,-0.27660430004494185,0.014481134185101885,0.052353250411324166,OPTIMAL,5813
