seed,dimension,time,solution,dual_gap,rel_dual_gap,termination,ncalls
7,80,21.455,-0.2619344388661972,0.002694247085349266,0.010285959711947448,OPTIMAL,4769
