seed,dimension,time,solution,dual_gap,rel_dual_gap,termination,ncalls
10,35,640.108,0.1388525282087789,0.0008307160278020476,0.006018730044732325,OPTIMAL,77467
