seed,dimension,p,k,time,solution,dual_gap,rel_dual_gap,termination,ncalls
2,26,130,6.0,1800.017,1.7310628963046777,0.09392668226465828,0.05737255181282201,Time limit reached,287343
