seed,dimension,time,solution,dual_gap,rel_dual_gap,termination,ncalls
6,90,24.174,-0.27462121401473316,0.067704707731226,0.24653852024553977,OPTIMAL,7077
