seed,dimension,time,solution,dual_gap,rel_dual_gap,termination,ncalls
8,35,36.436,4.825911806503888,0.04447935916979606,0.00930251753208303,OPTIMAL,6436
