seed,dimension,p,k,time,solution,dual_gap,rel_dual_gap,termination,ncalls
10,17,85,4.0,0.207,3.263724871380578,0.02938623831476761,0.009085702410484016,OPTIMAL,42
