seed,dimension,time,solution,dual_gap,rel_dual_gap,termination,ncalls
5,30,2.749,-0.3576425937896629,0.002235746421051399,0.006251342708822563,OPTIMAL,912
