seed,dimension,p,k,Ns,time,solution,dual_gap,rel_dual_gap,termination,ncalls
3,70,70,35.0,10.0,1800.503,-0.9386413774244792,0.09719146188519423,0.10354483003069404,Time limit reached,25768
