seed,dimension,p,k,Ns,time,solution,dual_gap,rel_dual_gap,termination,ncalls
10,50,50,25.0,1.0,1802.667,0.47980225829774553,0.00948552973361344,0.020168386871061508,Time limit reached,18669
