seed,dimension,time,solution,dual_gap,rel_dual_gap,termination,ncalls
10,50,9.823,0.015598867555993379,0.0009124990202235006,0.06213237928770703,OPTIMAL,2869
