seed,dimension,time,solution,dual_gap,rel_dual_gap,termination,ncalls
2,30,5.136,-5.956265830730468,0.05072514180988641,0.008516265601877201,OPTIMAL,2597
