seed,dimension,time,solution,dual_gap,rel_dual_gap,termination,ncalls
4,35,2.816,0.1346595120288836,0.0008860575551848937,0.006623567872048203,OPTIMAL,1410
