seed,dimension,p,k,Ns,time,solution,dual_gap,rel_dual_gap,termination,ncalls
8,90,90,45.0,5.0,1800.572,-0.6799431985906605,0.10587283359936439,0.1557083500780805,Time limit reached,16619
