seed,dimension,p,k,time,solution,dual_gap,rel_dual_gap,termination,ncalls
1,29,145,6.0,719.219,2.067935516741248,0.020445038630289236,0.00998541328951727,OPTIMAL,111414
