seed,dimension,time,solution,dual_gap,rel_dual_gap,termination,ncalls
8,65,308.3,-4.272469050831764,0.040338074897304566,0.009441396629766471,OPTIMAL,123998
