seed,dimension,time,solution,dual_gap,rel_dual_gap,termination,ncalls
9,110,42.333,-0.04011128833587274,0.00038051270607936116,0.00948642444224503,OPTIMAL,9382
