seed,dimension,p,k,Ns,time,solution,dual_gap,rel_dual_gap,termination,ncalls
9,70,70,35.0,10.0,1803.777,-2.690405968797792,0.07504609280560892,0.027893966069047666,Time limit reached,17852
