seed,dimension,p,k,Ns,time,solution,dual_gap,rel_dual_gap,termination,ncalls
6,70,70,35.0,5.0,1800.358,0.1291576448029713,0.059892974620401815,0.8646973191749052,Time limit reached,25632
