seed,dimension,p,k,Ns,time,solution,dual_gap,rel_dual_gap,termination,ncalls
9,70,70,35.0,0.1,1804.005,0.22895179621613856,0.02127639549371882,0.102450244081421,Time limit reached,29081
