seed,dimension,var_A,p,k,M,time,solution,dual_gap,rel_dual_gap,termination,ncalls
2,5,5,25,5.0,1.0,116.461,0.15519907526447277,0.0015067908251743256,0.009803945791237428,OPTIMAL,37563
