seed,dimension,p,k,Ns,time,solution,dual_gap,rel_dual_gap,termination,ncalls
3,50,50,25.0,10.0,1803.45,0.5016389912526802,0.018214886838212374,0.03767889658765481,Time limit reached,38387
