seed,dimension,p,k,Ns,time,solution,dual_gap,rel_dual_gap,termination,ncalls
8,70,70,35.0,5.0,1800.569,0.8410960485290357,0.033034989237415324,0.04088179829674648,Time limit reached,20766
