seed,dimension,p,k,time,solution,dual_gap,rel_dual_gap,termination,ncalls
8,25,125,5.0,0.564,3.370075088994695,0.026510662585828015,0.007928862496692375,OPTIMAL,85
