seed,dimension,p,k,time,solution,dual_gap,rel_dual_gap,termination,ncalls
3,15,75,3.0,58.855,3.3580743194150378,0.033152210076925925,0.009970823070957742,OPTIMAL,13084
