seed,dimension,time,solution,dual_gap,rel_dual_gap,termination,ncalls
5,55,7.691,-0.5609821715132631,0.004825985691870205,0.008602743432740456,OPTIMAL,2001
