seed,dimension,time,solution,dual_gap,rel_dual_gap,termination,ncalls
10,115,1800.011,6.145296041510927,4.5649151336212945,2.888490433434222,Time limit reached,99948
