seed,dimension,time,solution,dual_gap,rel_dual_gap,termination,ncalls
7,110,1131.727,34.02874444633106,0.31021038911410415,0.009199996316201301,OPTIMAL,94313
