seed,dimension,time,solution,dual_gap,rel_dual_gap,termination,ncalls
6,55,29.871,-0.4236928063707389,0.005468400500771242,0.012906521938883928,OPTIMAL,7145
