seed,dimension,time,solution,dual_gap,rel_dual_gap,termination,ncalls
4,95,39.411,-0.14333426373316072,0.0011005403509528056,0.007678138654980881,OPTIMAL,8346
