seed,dimension,time,solution,dual_gap,rel_dual_gap,termination,ncalls
10,115,72.316,-0.9732798560163671,0.02700048877778527,0.027741752396169203,OPTIMAL,16582
