seed,dimension,time,solution,dual_gap,rel_dual_gap,termination,ncalls
3,30,2.006,-12.154037157881119,0.10539801810540261,0.008671852548768844,OPTIMAL,762
