seed,dimension,time,solution,dual_gap,rel_dual_gap,termination,ncalls
2,35,2.325,-0.2615877456344658,0.000807580871667879,0.003087227460556834,OPTIMAL,1062
