seed,dimension,time,solution,dual_gap,rel_dual_gap,termination,ncalls
1,115,59.678,-0.08414636150180477,0.0013155518495929774,0.015634090721376722,OPTIMAL,12046
