seed,dimension,time,solution,dual_gap,rel_dual_gap,termination,ncalls
2,45,466.405,5.830242767434988,0.055677227876108404,0.009641803785010223,OPTIMAL,44894
