seed,dimension,time,solution,dual_gap,rel_dual_gap,termination,ncalls
10,110,1800.007,16.021867017006713,0.7469387364289197,0.048899655874565316,Time limit reached,123299
