seed,n0,m0,M,time,solution,dual_gap,rel_dual_gap,termination,ncalls
7,2,16,20.0,0.396,3.5649391289865147,3.6996421037827076e-8,1.037785501607944e-8,OPTIMAL,71
