seed,dimension,p,k,time,solution,dual_gap,rel_dual_gap,termination,ncalls
2,24,120,5.0,1800.007,1.6462758474543682,0.028439483817406908,0.017578714668938338,Time limit reached,303048
