seed,dimension,var_A,p,k,M,time,solution,dual_gap,rel_dual_gap,termination,ncalls
1,15,5,75,15.0,1.0,1800.222,0.35668774015885263,0.10611163206444157,0.4234706687377444,Time limit reached,211852
