seed,dimension,time,solution,dual_gap,rel_dual_gap,termination,ncalls
7,75,17.571,-0.4686526425030963,0.008834478363499376,0.018850802411598498,OPTIMAL,5412
