seed,dimension,time,solution,dual_gap,rel_dual_gap,termination,ncalls
3,115,1800.014,-0.424009461794703,1.1805300305959434,2.784206808968647,Time limit reached,470358
