seed,dimension,time,solution,dual_gap,rel_dual_gap,termination,ncalls
8,75,450.663,10.74842082034713,0.10113278850223573,0.00949845521223418,OPTIMAL,45912
