seed,dimension,time,solution,dual_gap,rel_dual_gap,termination,ncalls
1,45,538.965,5.539145438148692,0.05464464820695536,0.00996346801648211,OPTIMAL,51160
