seed,dimension,p,k,Ns,time,solution,dual_gap,rel_dual_gap,termination,ncalls
10,90,90,45.0,0.1,1800.264,0.8413702127272606,0.08837936683568648,0.11737110393558826,Time limit reached,23471
