seed,dimension,time,solution,dual_gap,rel_dual_gap,termination,ncalls
10,35,5.059,-2.5582208594808686,0.0023698488726009437,0.0009263660187189035,OPTIMAL,2237
