seed,dimension,time,solution,dual_gap,rel_dual_gap,termination,ncalls
3,55,9.957,-1.1735333091445654,0.0069242567413727585,0.005900349557542701,OPTIMAL,2203
