seed,dimension,time,solution,dual_gap,rel_dual_gap,termination,ncalls
1,20,0.657,-2.5934310434887555,0.0052456835124781165,0.0020226809290527646,OPTIMAL,400
