seed,dimension,p,k,Ns,time,solution,dual_gap,rel_dual_gap,termination,ncalls
5,90,90,45.0,1.0,1800.511,0.3370039597128762,0.07771494215661306,0.2997232311999088,Time limit reached,14822
