seed,dimension,p,k,Ns,time,solution,dual_gap,rel_dual_gap,termination,ncalls
8,90,90,45.0,1.0,1800.334,-0.6153319048037024,0.11085305683774715,0.18015164819563598,Time limit reached,20690
