seed,dimension,p,k,time,solution,dual_gap,rel_dual_gap,termination,ncalls
7,20,100,4.0,41.18,3.5343833384124004,0.03473290001285623,0.009924676942517788,OPTIMAL,7975
