seed,dimension,time,solution,dual_gap,rel_dual_gap,termination,ncalls
2,90,35.511,-0.12366172807130199,0.0025343718520466907,0.0204943913656568,OPTIMAL,6773
