seed,dimension,p,k,time,solution,termination
1,20,20,10,2.695,-1.1654277014835746,OPTIMAL
1,20,20,10,2.833,-1.1654277014835746,OPTIMAL
