{"result_baseline":{"list_discarded_set_size":[6,9,3,9,2,13,1,2,0],"primal_objective":-3.171647176199718,"total_time_in_sec":0.857,"raw_solution":[1.0,2.0,1.0,0.0,3.0,0.0,0.0,1.0,0.0,0.0],"dual_gap":0.019482639845082694,"list_time":[412.0,498.0,566.0,625.0,668.0,745.0,792.0,806.0,850.0],"list_num_nodes":[3,5,7,7,7,7,9,9,11],"lmo_calls":175,"active_set_size_per_layer":[[7],[4,5],[7,6,6,3],[5,2]],"list_lmo_calls_acc":[32,45,73,95,110,133,151,159,175],"list_active_set_size":[7,4,5,7,6,6,3,5,2],"lmo_calls_per_layer":[[32],[13,28],[22,15,23,18],[8,16]],"node_level":[1,2,2,3,3,3,3,4,4],"status":"Optimal (tolerance reached)","number_nodes":11,"dual_bound":-3.1911298160448007,"rel_dual_gap":0.00614275130956618,"discarded_set_size_per_layer":[[6],[9,3],[9,2,13,1],[2,0]],"list_ub":[-3.171647176199718,-3.171647176199718,-3.171647176199718,-3.171647176199718,-3.171647176199718,-3.171647176199718,-3.171647176199718,-3.171647176199718,-3.171647176199718],"list_lb":[-3.4302679905957563,-3.4302679905957563,-3.3373412920469265,-3.3373412920469265,-3.241035258336565,-3.241035258336565,-3.2301595419303624,-3.2301595419303624,-3.1911298160448007]},"result_afw":{"list_discarded_set_size":[0,0,0,0,0,0,0,0,0],"primal_objective":-3.171647176199718,"total_time_in_sec":51.093,"raw_solution":[1.0,2.0,1.0,0.0,3.0,0.0,0.0,1.0,0.0,0.0],"dual_gap":0.019478471421540355,"list_time":[563.0,23038.0,23440.0,23499.0,23562.0,23627.0,24072.0,24084.0,51049.0],"list_num_nodes":[3,5,7,7,7,7,9,9,11],"lmo_calls":17051,"active_set_size_per_layer":[[7],[31,9],[9,7,21,27],[28,6]],"list_lmo_calls_acc":[28,6940,6973,6994,7011,7029,7078,7085,17051],"list_active_set_size":[7,31,9,9,7,21,27,28,6],"lmo_calls_per_layer":[[28],[6912,33],[21,17,18,49],[7,9966]],"node_level":[1,2,2,3,3,3,3,4,4],"status":"Optimal (tolerance reached)","number_nodes":11,"dual_bound":-3.1911256476212584,"rel_dual_gap":0.00614143703237494,"discarded_set_size_per_layer":[[0],[0,0],[0,0,0,0],[0,0]],"list_ub":[-3.171647176199718,-3.171647176199718,-3.171647176199718,-3.171647176199718,-3.171647176199718,-3.171647176199718,-3.171647176199718,-3.171647176199718,-3.171647176199718],"list_lb":[-3.4215171335834733,-3.4215171335834733,-3.337340285848084,-3.337340285848084,-3.2411222426733746,-3.2411222426733746,-3.2301553088741866,-3.2301553088741866,-3.1911256476212584]}}