seed,dimension,time,solution,dual_gap,rel_dual_gap,termination,ncalls
8,95,26.051,-0.8065296758915309,0.007109693992766064,0.008815167259539545,OPTIMAL,4280
