seed,dimension,p,k,time,solution,dual_gap,rel_dual_gap,termination,ncalls
6,23,115,5.0,4.165,4.385927740908787,0.04340622544341244,0.009995627031167565,OPTIMAL,160
