seed,dimension,var_A,p,k,M,time,solution,dual_gap,rel_dual_gap,termination,ncalls
1,15,1,75,15.0,0.1,1801.692,0.6931471805599453,0.06957260310003333,0.11157062140575474,Time limit reached,242061
