seed,dimension,time,solution,dual_gap,rel_dual_gap,termination,ncalls
1,80,536.343,20.417363511271507,0.20173864311610146,0.009979342435953567,OPTIMAL,68768
