seed,dimension,p,k,Ns,time,solution,dual_gap,rel_dual_gap,termination,ncalls
9,90,90,45.0,5.0,1802.014,-1.0019026852592214,0.20482430303483978,0.2044353269517845,Time limit reached,23293
