seed,dimension,var_A,p,k,M,time,solution,dual_gap,rel_dual_gap,termination,ncalls
3,20,5,100,20.0,1.0,1802.05,0.29063290946463605,0.07797748255283907,0.3666846583002171,Time limit reached,146232
