seed,dimension,p,k,Ns,time,solution,dual_gap,rel_dual_gap,termination,ncalls
5,90,90,45.0,0.1,1801.9,0.8692761132992008,0.08941198888783575,0.11465072708059647,Time limit reached,21998
