seed,dimension,p,k,Ns,time,solution,dual_gap,rel_dual_gap,termination,ncalls
7,70,70,35.0,0.1,1801.795,0.8950657649385793,0.05584339069135458,0.06654182777412915,Time limit reached,40259
