seed,dimension,p,k,Ns,time,solution,dual_gap,rel_dual_gap,termination,ncalls
6,70,70,35.0,10.0,1801.811,0.12626904441096468,0.05687232119576656,0.8195245907995744,Time limit reached,31708
