seed,dimension,p,k,Ns,time,solution,dual_gap,rel_dual_gap,termination,ncalls
8,90,90,45.0,5.0,1801.991,-0.6799431985906605,0.1057202282380656,0.15548391168143927,Time limit reached,23429
