seed,dimension,time,solution,dual_gap,rel_dual_gap,termination,ncalls
7,25,2.771,-0.24333790325909782,0.011830553536061217,0.048617800094481994,OPTIMAL,411
