seed,dimension,p,k,time,solution,dual_gap,rel_dual_gap,termination,ncalls
1,28,140,6.0,476.351,2.262450368745628,0.022397503643738048,0.009998649582191573,OPTIMAL,68066
