seed,dimension,p,k,Ns,time,solution,dual_gap,rel_dual_gap,termination,ncalls
3,70,70,35.0,10.0,1801.917,-0.9386413774244792,0.09722100156769498,0.10357630071077614,Time limit reached,34289
