seed,dimension,time,solution,dual_gap,rel_dual_gap,termination,ncalls
8,40,6.336,-1.867725894432117,0.0010883252926170428,0.000582700757033702,OPTIMAL,2088
