seed,dimension,p,k,Ns,time,solution,dual_gap,rel_dual_gap,termination,ncalls
6,50,50,25.0,5.0,1801.832,0.6408230565849934,0.025394518240568154,0.04126314699165947,Time limit reached,70949
