seed,dimension,p,k,Ns,time,solution,dual_gap,rel_dual_gap,termination,ncalls
7,90,90,45.0,5.0,1802.023,0.11320064390932157,0.04959022437453893,0.7795927889993343,Time limit reached,19517
