seed,dimension,p,k,time,solution,dual_gap,rel_dual_gap,termination,ncalls
2,23,115,5.0,1433.14,2.149508807356191,0.02127478017003126,0.009996447711232051,OPTIMAL,258655
