seed,dimension,var_A,p,k,M,time,solution,dual_gap,rel_dual_gap,termination,ncalls
3,10,5,50,10.0,0.1,1801.978,0.42004685877632925,0.010953559317458228,0.026775210769638784,Time limit reached,306632
