seed,dimension,p,k,Ns,time,solution,dual_gap,rel_dual_gap,termination,ncalls
3,70,70,35.0,0.1,1804.737,0.6322465991864024,0.007485561238770533,0.011981478972121788,Time limit reached,22706
