seed,dimension,time,solution,dual_gap,rel_dual_gap,termination,ncalls
1,100,147.406,-0.8231325983853285,0.008090193586525074,0.009828542330111748,OPTIMAL,32394
