seed,dimension,p,k,Ns,time,solution,dual_gap,rel_dual_gap,termination,ncalls
6,50,50,25.0,10.0,1801.829,0.6408045808419942,0.025378938597198086,0.04123802593701999,Time limit reached,63391
