seed,dimension,p,k,Ns,time,solution,dual_gap,rel_dual_gap,termination,ncalls
5,50,50,25.0,0.1,1803.788,0.8239760994875609,0.006904762252885832,0.00845062351135037,Time limit reached,27587
