seed,dimension,var_A,p,k,M,time,solution,dual_gap,rel_dual_gap,termination,ncalls
2,10,5,50,10.0,1.0,1801.896,0.3342053208652731,0.06757509154664942,0.2534412235226976,Time limit reached,276253
