seed,dimension,time,solution,dual_gap,rel_dual_gap,termination,ncalls
6,95,222.68,-0.749202257766678,0.0056077684026482055,0.007484985989450418,OPTIMAL,45630
