seed,dimension,time,solution,dual_gap,rel_dual_gap,termination,ncalls
3,75,146.145,-0.9791796808120713,0.004156156184374038,0.004244528625152003,OPTIMAL,36540
