seed,dimension,time,solution,dual_gap,rel_dual_gap,termination,ncalls
7,65,10.272,0.18762702051223262,0.0007592389717332448,0.004062974181393045,OPTIMAL,1680
