seed,n0,m0,M,time,solution,dual_gap,rel_dual_gap,termination,ncalls
1,3,29,20.0,4.71,3.6386839344258517,6.940321561899054e-8,1.9073714066269615e-8,OPTIMAL,103
