seed,dimension,time,solution,dual_gap,rel_dual_gap,termination,ncalls
4,35,3.624,0.13465949707202507,0.000839718752942864,0.006274997339635581,OPTIMAL,715
