seed,dimension,time,solution,dual_gap,rel_dual_gap,termination,ncalls
8,115,1094.439,19.35778803997512,0.18571803658034725,0.009686905824329997,OPTIMAL,135907
