seed,dimension,p,k,Ns,time,solution,dual_gap,rel_dual_gap,termination,ncalls
10,90,90,45.0,5.0,1801.941,0.08043750245154792,0.07385699057819228,11.223593544027755,Time limit reached,22242
