seed,dimension,p,k,Ns,time,solution,dual_gap,rel_dual_gap,termination,ncalls
8,90,90,45.0,10.0,1803.464,-0.679930540665845,0.1060286167417489,0.15594036508187556,Time limit reached,11388
