seed,dimension,time,solution,dual_gap,rel_dual_gap,termination,ncalls
4,55,6.068,-0.42681069727715587,0.0020617925939352966,0.004830695685671723,OPTIMAL,970
