seed,dimension,p,k,Ns,time,solution,dual_gap,rel_dual_gap,termination,ncalls
7,90,90,45.0,1.0,1803.923,0.11566953655749482,0.05251821768280368,0.8316250336277801,Time limit reached,7953
