seed,dimension,time,solution,dual_gap,rel_dual_gap,termination,ncalls
1,100,184.92,-0.8254484267433334,0.0053630184798262315,0.006497096979135463,OPTIMAL,50884
