seed,dimension,p,k,Ns,time,solution,dual_gap,rel_dual_gap,termination,ncalls
4,90,90,45.0,5.0,1803.782,-1.6539443240052667,0.2446215590631775,0.14790193086475295,Time limit reached,12678
