seed,dimension,time,solution,dual_gap,rel_dual_gap,termination,ncalls
6,85,59.023,-0.3587919145065729,0.0029922166473148604,0.008339699213762646,OPTIMAL,14180
