seed,dimension,p,k,time,solution,dual_gap,rel_dual_gap,termination,ncalls
8,22,110,5.0,3.212,3.4205385181369294,0.026060584520821717,0.007677346864664872,OPTIMAL,75
