seed,dimension,p,k,Ns,time,solution,dual_gap,rel_dual_gap,termination,ncalls
1,50,50,25.0,1.0,1804.582,0.5021126100319651,0.014702973013062115,0.030165536124785113,Time limit reached,40519
