seed,dimension,time,solution,dual_gap,rel_dual_gap,termination,ncalls
7,105,1147.973,23.8377504420782,0.2349365954690299,0.009953753692074362,OPTIMAL,130232
