seed,n0,m0,M,time,solution,dual_gap,rel_dual_gap,termination,ncalls
5,3,27,20.0,4.654,1.5021059430555845,5.356762367014767e-8,3.566168273823082e-8,OPTIMAL,78
