seed,dimension,p,k,time,solution,dual_gap,rel_dual_gap,termination,ncalls
7,22,110,5.0,256.358,3.5792867003675135,0.03539745784997361,0.009988308163047344,OPTIMAL,48183
