seed,dimension,time,solution,dual_gap,rel_dual_gap,termination,ncalls
4,35,5.946,0.13465948427848562,0.0008004520491736722,0.0059798135086053025,OPTIMAL,718
