seed,dimension,time,solution,dual_gap,rel_dual_gap,termination,ncalls
3,90,836.607,8.285236923504623,0.07425082688914486,0.009042863550792106,OPTIMAL,108507
