seed,dimension,time,solution,dual_gap,rel_dual_gap,termination,ncalls
3,110,1800.013,-11.220840698674696,3.448317981566852,0.3073136919209749,Time limit reached,398801
