seed,dimension,p,k,Ns,time,solution,dual_gap,rel_dual_gap,termination,ncalls
10,50,50,25.0,1.0,1805.021,0.4924576454558005,0.02225072506086906,0.047321134793551003,Time limit reached,29962
