seed,dimension,time,solution,dual_gap,rel_dual_gap,termination,ncalls
7,65,8.389,0.18762702052821428,0.0007592389877149053,0.0040629742669169395,OPTIMAL,1680
