seed,dimension,time,solution,dual_gap,rel_dual_gap,termination,ncalls
8,105,1800.011,-0.9307559176333275,2.3330869092808704,2.5066581528842806,Time limit reached,463652
