seed,dimension,time,solution,dual_gap,rel_dual_gap,termination,ncalls
7,100,20.621,-0.5753141054598805,0.0037798973136085046,0.006570145382733181,OPTIMAL,3242
