seed,dimension,time,solution,dual_gap,rel_dual_gap,termination,ncalls
1,20,12.755,-1.5315296315467162,0.014576085154161866,0.009517337995897112,OPTIMAL,3203
