seed,dimension,var_A,p,k,M,time,solution,dual_gap,rel_dual_gap,termination,ncalls
5,15,1,75,15.0,1.0,1802.023,0.6421433945805757,0.018284198527182216,0.029308213524542402,Time limit reached,212514
