seed,dimension,p,k,Ns,time,solution,dual_gap,rel_dual_gap,termination,ncalls
9,70,70,35.0,10.0,1805.702,-2.647175320786888,0.11822661313580429,0.04466142163211946,Time limit reached,23464
