seed,dimension,p,k,Ns,time,solution,dual_gap,rel_dual_gap,termination,ncalls
2,90,90,45.0,5.0,1803.737,-0.08321929814139101,0.06294479191955538,0.7563725400881308,Time limit reached,12140
