seed,dimension,time,solution,dual_gap,rel_dual_gap,termination,ncalls
10,70,9.729,-0.26528535430157546,0.002476098553031325,0.009333717496581077,OPTIMAL,2011
