seed,dimension,time,solution,dual_gap,rel_dual_gap,termination,ncalls
6,100,1201.087,30.71444381615608,0.20446735029948826,0.006701655457791179,OPTIMAL,140605
