seed,dimension,p,k,time,solution,dual_gap,rel_dual_gap,termination,ncalls
7,18,90,4.0,41.251,3.491754799253618,0.03451123364258901,0.009982297453922526,OPTIMAL,6902
