seed,dimension,p,k,Ns,time,solution,dual_gap,rel_dual_gap,termination,ncalls
2,90,90,45.0,1.0,1803.738,-0.08185655509841146,0.06309609537095544,0.7708129824801278,Time limit reached,13481
