seed,dimension,time,solution,dual_gap,rel_dual_gap,termination,ncalls
2,85,16.918,-0.2696155463734248,0.002122854266457641,0.007873634495532505,OPTIMAL,2653
