seed,dimension,p,k,Ns,time,solution,dual_gap,rel_dual_gap,termination,ncalls
4,90,90,45.0,0.1,1815.036,0.4381259172059553,0.019574892659630194,0.04676823496214773,Time limit reached,7067
