seed,dimension,time,solution,dual_gap,rel_dual_gap,termination,ncalls
7,25,13.52,4.055233437085842,0.013200640390134133,0.0032658419795419348,OPTIMAL,2680
