seed,dimension,time,solution,dual_gap,rel_dual_gap,termination,ncalls
6,40,6.398,-0.6073706305299456,0.011795190109613385,0.019420086380077015,OPTIMAL,1711
