seed,dimension,time,solution,dual_gap,rel_dual_gap,termination,ncalls
6,105,22.013,-0.4417164976253872,0.0026490883671375642,0.005997259285941849,OPTIMAL,3847
