seed,n0,m0,M,time,solution,dual_gap,rel_dual_gap,termination,ncalls
9,3,29,20.0,4.28,1.7595985010919581,9.480984930476666e-8,5.388152715203483e-8,OPTIMAL,91
