seed,dimension,time,solution,dual_gap,rel_dual_gap,termination,ncalls
5,70,11.867,-0.2649770136533421,0.0006976681814600538,0.002632938502253568,OPTIMAL,1754
