seed,dimension,time,solution,dual_gap,rel_dual_gap,termination,ncalls
7,95,355.82,-0.8826828408212275,0.004318884664383238,0.004892906562412665,OPTIMAL,74239
