seed,dimension,p,k,Ns,time,solution,dual_gap,rel_dual_gap,termination,ncalls
2,90,90,45.0,0.1,1803.283,0.8229861560750843,0.08864197765446746,0.12070903570736174,Time limit reached,14976
