seed,dimension,p,k,time,solution,dual_gap,rel_dual_gap,termination,ncalls
1,26,130,6.0,549.139,1.8799554877600944,0.018573310313074742,0.009978235817508998,OPTIMAL,102400
