seed,dimension,p,k,time,solution,dual_gap,rel_dual_gap,termination,ncalls
2,28,140,6.0,1801.572,1.815333424646909,0.3034754705136593,0.20073014775230139,Time limit reached,285446
