seed,dimension,time,solution,dual_gap,rel_dual_gap,termination,ncalls
5,95,58.092,-0.8144943498020321,0.00754749631994156,0.009266480880777167,OPTIMAL,10695
