seed,dimension,p,k,Ns,time,solution,dual_gap,rel_dual_gap,termination,ncalls
10,70,70,35.0,1.0,1801.941,0.9969404444481795,0.01784487740845253,0.01822587907573324,Time limit reached,36343
