seed,dimension,p,k,Ns,time,solution,dual_gap,rel_dual_gap,termination,ncalls
8,90,90,45.0,0.1,1807.3,0.6336920308984719,0.01364178604248023,0.02200109774272982,Time limit reached,6124
