seed,dimension,time,solution,dual_gap,rel_dual_gap,termination,ncalls
7,20,13.088,1.0308683856149163,0.008993174492794687,0.008800658235871362,OPTIMAL,3462
