seed,dimension,p,k,Ns,time,solution,dual_gap,rel_dual_gap,termination,ncalls
5,90,90,45.0,1.0,1803.982,0.3370039597128762,0.07822157451915174,0.3022677701211969,Time limit reached,8368
