seed,dimension,time,solution,dual_gap,rel_dual_gap,termination,ncalls
2,95,212.052,-1.1103198665091745,0.010277975300397646,0.009256769702510515,OPTIMAL,40907
