seed,dimension,p,k,Ns,time,solution,dual_gap,rel_dual_gap,termination,ncalls
10,90,90,45.0,1.0,1801.979,0.08357604955508682,0.07697666472303633,11.664218208520337,Time limit reached,13680
