seed,dimension,p,k,Ns,time,solution,dual_gap,rel_dual_gap,termination,ncalls
8,90,90,45.0,5.0,1803.838,-0.6799431985906605,0.10597178465186519,0.15585387848796223,Time limit reached,12757
