seed,dimension,time,solution,dual_gap,rel_dual_gap,termination,ncalls
9,90,1210.751,-1.8342972711361103,0.017366240532375343,0.009467516964477191,OPTIMAL,374249
