seed,dimension,p,k,Ns,time,solution,dual_gap,rel_dual_gap,termination,ncalls
2,90,90,45.0,5.0,11.378,-2624.0446390013294,2.341221261303872e-8,8.922185341309225e-12,OPTIMAL,112
