seed,dimension,p,k,time,solution,dual_gap,rel_dual_gap,termination,ncalls
2,26,130,6.0,1800.013,1.7310613963210044,0.08001801204400372,0.04846511775887946,Time limit reached,245390
