seed,dimension,var_A,p,k,M,time,solution,dual_gap,rel_dual_gap,termination,ncalls
1,10,1,50,10.0,1.0,1801.906,0.4044520130856808,0.04851508176314562,0.13630246679624058,Time limit reached,495506
