seed,dimension,time,solution,dual_gap,rel_dual_gap,termination,ncalls
1,50,5.982,-0.3978634982246342,0.0025778483389966023,0.00647922805308756,OPTIMAL,1231
