seed,dimension,time,solution,dual_gap,rel_dual_gap,termination,ncalls
3,105,1800.052,6.638772394916881,3.519045858153225,1.1279981808289568,Time limit reached,172085
