seed,dimension,p,k,Ns,time,solution,dual_gap,rel_dual_gap,termination,ncalls
9,90,90,45.0,1.0,1801.812,-0.8727502667658146,0.2153042358633187,0.24669627047056678,Time limit reached,16206
