seed,dimension,time,solution,dual_gap,rel_dual_gap,termination,ncalls
1,25,3.139,-0.5940218474478942,0.005906056841877172,0.009942490949199025,OPTIMAL,264
