seed,dimension,time,solution,dual_gap,rel_dual_gap,termination,ncalls
10,110,22.579,-0.2320532912554933,0.00031570151870069507,0.0013604699032391838,OPTIMAL,4578
