seed,dimension,time,solution,dual_gap,rel_dual_gap,termination,ncalls
6,90,15.448,-0.2746213469000422,0.0003806743838494775,0.0013861791450175828,OPTIMAL,3018
