seed,dimension,time,solution,dual_gap,rel_dual_gap,termination,ncalls
4,80,11.986,-0.2674386208930371,0.0009640735068459638,0.0036048402569034636,OPTIMAL,2067
