seed,dimension,time,solution,dual_gap,rel_dual_gap,termination,ncalls
6,120,46.116,-0.5150341949605434,0.004967620833994824,0.009645225273586721,OPTIMAL,6028
