seed,dimension,p,k,time,solution,dual_gap,rel_dual_gap,termination,ncalls
9,25,125,5.0,3.003,3.0525710516982505,0.02377007646895768,0.007848015324664304,OPTIMAL,28
