seed,dimension,p,k,Ns,time,solution,dual_gap,rel_dual_gap,termination,ncalls
8,70,70,35.0,0.1,1801.69,0.9428759082602531,0.0313454928087713,0.03438776400373415,Time limit reached,45574
