seed,dimension,p,k,Ns,time,solution,dual_gap,rel_dual_gap,termination,ncalls
2,70,70,35.0,5.0,1801.742,0.28582501996519755,0.03755264478347109,0.15125583245410973,Time limit reached,35184
