seed,dimension,p,k,time,solution,dual_gap,rel_dual_gap,termination,ncalls
8,16,80,4.0,2.882,2.1846094438653862,0.02087720408751803,0.009648700381550591,OPTIMAL,26
