seed,dimension,p,k,Ns,time,solution,dual_gap,rel_dual_gap,termination,ncalls
7,90,90,45.0,5.0,1803.686,0.11320064390932151,0.04973123763588333,0.7835466023052393,Time limit reached,11850
