seed,dimension,p,k,Ns,time,solution,dual_gap,rel_dual_gap,termination,ncalls
2,50,50,25.0,0.1,1803.283,0.8108838922071157,0.0019438249918412032,0.0024029283140006887,Time limit reached,48399
