seed,dimension,var_A,p,k,M,time,solution,dual_gap,rel_dual_gap,termination,ncalls
1,20,5,100,20.0,1.0,1801.745,0.18977210524110733,0.051811305753219156,0.37555092421574265,Time limit reached,170915
