seed,dimension,p,k,time,solution,dual_gap,rel_dual_gap,termination,ncalls
9,15,75,3.0,4.793,2.000477244774072,0.004758584677299504,0.0023843965446856924,OPTIMAL,14
