seed,dimension,time,solution,dual_gap,rel_dual_gap,termination,ncalls
7,50,112.176,-0.6221912522689897,0.005134656136848381,0.00825253668887735,OPTIMAL,33215
