seed,dimension,p,k,time,solution,dual_gap,rel_dual_gap,termination,ncalls
4,21,105,5.0,9.667,5.061115465947954,0.04823263168122871,0.00962173529202066,OPTIMAL,1319
