seed,dimension,time,solution,dual_gap,rel_dual_gap,termination,ncalls
6,55,17.093,-0.4236928074055028,0.005488774963774701,0.01295460972629061,OPTIMAL,3691
