seed,dimension,time,solution,dual_gap,rel_dual_gap,termination,ncalls
4,30,18.067,4.469739487754895,0.015903915151040948,0.003570835719411845,OPTIMAL,3369
