seed,dimension,p,k,Ns,time,solution,dual_gap,rel_dual_gap,termination,ncalls
8,70,70,35.0,10.0,1810.428,0.8239742884462351,0.015774524352994646,0.01951810066499199,Time limit reached,27384
