seed,dimension,p,k,Ns,time,solution,dual_gap,rel_dual_gap,termination,ncalls
1,70,70,35.0,1.0,1805.031,-1.3890840800011806,0.048008333375237466,0.03456114289006657,Time limit reached,16045
