seed,dimension,time,solution,dual_gap,rel_dual_gap,termination,ncalls
8,65,1800.041,-0.48876588871228854,2.5034892482205393,5.122062128386818,Time limit reached,243170
