seed,dimension,time,solution,dual_gap,rel_dual_gap,termination,ncalls
6,45,12.205,-0.39679090826168306,0.005038851480093531,0.012699009415735946,OPTIMAL,2275
