seed,dimension,time,solution,dual_gap,rel_dual_gap,termination,ncalls
1,110,1800.006,-47.45642164614611,3.1377162394085616,0.06611784307726819,Time limit reached,373505
