seed,dimension,p,k,time,solution,dual_gap,rel_dual_gap,termination,ncalls
1,21,105,5.0,37.343,1.761794051506944,0.017339321685337028,0.009939679940625458,OPTIMAL,5509
