seed,dimension,time,solution,dual_gap,rel_dual_gap,termination,ncalls
2,55,171.084,-0.9085693083465634,0.008602256272731923,0.009467914218219102,OPTIMAL,40963
