seed,dimension,time,solution,dual_gap,rel_dual_gap,termination,ncalls
9,50,23.814,-2.3790701890318005,0.007896340097306442,0.0033190866472586,OPTIMAL,7380
