seed,dimension,p,k,time,solution,dual_gap,rel_dual_gap,termination,ncalls
8,23,115,5.0,3.675,3.2451179078474204,0.031611567129311346,0.009837094991462578,OPTIMAL,157
