seed,dimension,time,solution,dual_gap,rel_dual_gap,termination,ncalls
9,95,17.347,-0.28863036021216854,0.0005152194078772987,0.001785049249491867,OPTIMAL,2899
