seed,dimension,time,solution,dual_gap,rel_dual_gap,termination,ncalls
10,55,6.358,-0.17411793135198372,0.0005261501253816525,0.0030218032186359197,OPTIMAL,1091
