seed,dimension,time,solution,dual_gap,rel_dual_gap,termination,ncalls
8,100,922.554,-1.3957885969502184,0.010393178933960856,0.0074460981818234,OPTIMAL,227522
