seed,dimension,p,k,time,solution,dual_gap,rel_dual_gap,termination,ncalls
2,15,75,3.0,15.054,1.5912331179212327,0.014844560778260574,0.009416815867507106,OPTIMAL,1789
