seed,dimension,p,k,time,solution,dual_gap,rel_dual_gap,termination,ncalls
3,24,120,5.0,1801.654,4.032486027759986,0.0825562958652184,0.020900699877923253,Time limit reached,333396
