seed,dimension,time,solution,dual_gap,rel_dual_gap,termination,ncalls
1,35,3.075,-0.3199094835438694,0.0025954645588796565,0.00811312165593784,OPTIMAL,298
