seed,dimension,time,solution,dual_gap,rel_dual_gap,termination,ncalls
8,20,4.621,-4.224283350954455,0.03615613124681705,0.008559116006895646,OPTIMAL,552
