seed,dimension,p,k,time,solution,dual_gap,rel_dual_gap,termination,ncalls
6,20,100,4.0,2.958,4.988954673698697,0.04368831863001521,0.008834371193219268,OPTIMAL,33
