seed,dimension,time,solution,dual_gap,rel_dual_gap,termination,ncalls
10,45,3.901,-0.16349234512805244,0.0021483514720499475,0.013140379571699763,OPTIMAL,729
