seed,dimension,time,solution,dual_gap,rel_dual_gap,termination,ncalls
2,20,3.207,-10.164847264260164,0.10004280290260681,0.009842037002794877,OPTIMAL,398
