seed,dimension,time,solution,dual_gap,rel_dual_gap,termination,ncalls
7,45,50.423,-2.085306643336115,0.014987290502850303,0.007187091908398343,OPTIMAL,17552
