seed,dimension,time,solution,dual_gap,rel_dual_gap,termination,ncalls
8,60,63.255,-2.961752339306436,0.026109941661805358,0.008815707280886157,OPTIMAL,20007
