seed,dimension,time,solution,dual_gap,rel_dual_gap,termination,ncalls
5,100,55.852,-1.8760825206377902,0.018131217009822675,0.009664402717029107,OPTIMAL,12034
