seed,dimension,time,solution,dual_gap,rel_dual_gap,termination,ncalls
2,105,15.477,-0.03647105362500197,2.5008455382002914e-5,0.0006857069619962635,OPTIMAL,3297
