seed,dimension,time,solution,dual_gap,rel_dual_gap,termination,ncalls
3,105,88.175,-0.669008973333581,0.003475565237817002,0.005195095097900902,OPTIMAL,12593
