seed,dimension,p,k,time,solution,dual_gap,rel_dual_gap,termination,ncalls
7,27,135,6.0,1801.803,4.2466490753036625,0.13438226961486244,0.03267839271249657,Time limit reached,302145
