seed,dimension,time,solution,dual_gap,rel_dual_gap,termination,ncalls
4,70,332.262,11.446821123188663,0.11200425655864521,0.009881435040065669,OPTIMAL,47005
