seed,dimension,p,k,Ns,time,solution,dual_gap,rel_dual_gap,termination,ncalls
3,50,50,25.0,5.0,1804.063,0.4981649506005167,0.0146735625588032,0.030349170474857,Time limit reached,34925
