seed,dimension,time,solution,dual_gap,rel_dual_gap,termination,ncalls
5,70,222.022,10.332124649947328,0.08681599991433586,0.008473732015292315,OPTIMAL,32046
