seed,dimension,p,k,Ns,time,solution,dual_gap,rel_dual_gap,termination,ncalls
7,90,90,45.0,10.0,1802.044,0.11555898297890953,0.05232363032224238,0.8274426902674307,Time limit reached,17493
