seed,dimension,p,k,Ns,time,solution,dual_gap,rel_dual_gap,termination,ncalls
9,70,70,35.0,1.0,1801.946,-1.970813696168218,0.3087584234494869,0.15666545450226713,Time limit reached,14467
