seed,dimension,time,solution,dual_gap,rel_dual_gap,termination,ncalls
4,85,1801.472,-5.487532341928112,2.0785136516683203,0.37877018706335475,Time limit reached,535133
