seed,dimension,time,solution,dual_gap,rel_dual_gap,termination,ncalls
2,40,10.419,-0.45935415812009006,0.004794737685088368,0.010437997785218412,OPTIMAL,2122
