seed,dimension,p,k,Ns,time,solution,dual_gap,rel_dual_gap,termination,ncalls
8,90,90,45.0,0.1,1812.36,0.6336920308984719,0.013733360152592633,0.022152057549368366,Time limit reached,4643
