seed,n0,m0,M,time,solution,dual_gap,rel_dual_gap,termination,ncalls
3,2,23,20.0,4.33,4.7985761081539176,4.1169055720047254e-8,8.579431720025942e-9,OPTIMAL,65
