seed,dimension,p,k,Ns,time,solution,dual_gap,rel_dual_gap,termination,ncalls
10,70,70,35.0,0.1,1801.957,0.9971627249381513,0.01792647605236486,0.018306589520927466,Time limit reached,43909
