seed,dimension,p,k,Ns,time,solution,dual_gap,rel_dual_gap,termination,ncalls
6,50,50,25.0,0.1,1801.725,0.909050701593275,0.02624134638505793,0.029724816836437712,Time limit reached,58814
