seed,dimension,p,k,time,solution,dual_gap,rel_dual_gap,termination,ncalls
2,21,105,5.0,1801.477,2.033418409196724,0.03230351327906078,0.01614275789209353,Time limit reached,316907
