seed,dimension,time,solution,dual_gap,rel_dual_gap,termination,ncalls
10,40,6.819,-0.38304872067908113,0.0027145574913996495,0.007086715983771449,OPTIMAL,812
