seed,dimension,p,k,Ns,time,solution,dual_gap,rel_dual_gap,termination,ncalls
5,50,50,25.0,5.0,1803.572,0.4658717333701699,0.01803680598511187,0.04027556780894725,Time limit reached,35527
