seed,dimension,var_A,p,k,M,time,solution,dual_gap,rel_dual_gap,termination,ncalls
2,20,1,100,20.0,0.1,1801.587,0.6931471805599454,0.061460638041749505,0.09729610163410932,Time limit reached,194947
