seed,dimension,time,solution,dual_gap,rel_dual_gap,termination,ncalls
5,50,1800.006,3.1254173703878543,1.2613261193155019,0.6766439779114359,Time limit reached,330438
