seed,dimension,p,k,Ns,time,solution,dual_gap,rel_dual_gap,termination,ncalls
8,70,70,35.0,1.0,1802.138,0.840623895935512,0.0321167907355252,0.03972357265503686,Time limit reached,29995
