seed,dimension,p,k,time,solution,dual_gap,rel_dual_gap,termination,ncalls
9,21,105,5.0,4.805,2.420644260855438,0.02387165611900066,0.009959916961594996,OPTIMAL,110
