seed,dimension,time,solution,dual_gap,rel_dual_gap,termination,ncalls
2,30,6.397,-5.9561736872206,0.051839488623368624,0.008703488404744473,OPTIMAL,1965
