seed,dimension,time,solution,dual_gap,rel_dual_gap,termination,ncalls
5,75,10.376,-0.26231422583058356,0.0008553214720741775,0.003260675128716006,OPTIMAL,1800
