seed,dimension,p,k,time,solution,dual_gap,rel_dual_gap,termination,ncalls
7,21,105,5.0,339.392,3.345795262964071,0.03311717001978565,0.009997098749293607,OPTIMAL,64743
