seed,dimension,time,solution,dual_gap,rel_dual_gap,termination,ncalls
10,85,21.996,-0.08884046207817686,0.0020351709027291442,0.02290815305460992,OPTIMAL,5383
