seed,dimension,time,solution,dual_gap,rel_dual_gap,termination,ncalls
3,110,1802.794,-11.817156615845231,3.007667425636404,0.25451701482939837,Time limit reached,278135
