seed,dimension,p,k,Ns,time,solution,dual_gap,rel_dual_gap,termination,ncalls
10,90,90,45.0,0.1,1803.213,0.8413702127272606,0.08853379784629234,0.11760031275890195,Time limit reached,15105
