seed,dimension,time,solution,dual_gap,rel_dual_gap,termination,ncalls
10,120,1287.213,25.631066423562554,0.2517030146896211,0.009917625223082729,OPTIMAL,159172
