seed,dimension,p,k,Ns,time,solution,dual_gap,rel_dual_gap,termination,ncalls
10,70,70,35.0,0.1,1802.119,0.9971627249381513,0.017931585771685854,0.018311903139589147,Time limit reached,43479
