seed,dimension,p,k,Ns,time,solution,dual_gap,rel_dual_gap,termination,ncalls
6,90,90,45.0,0.1,1803.243,0.8394008620905159,0.09964878653653297,0.13470565319050756,Time limit reached,16298
