seed,dimension,time,solution,dual_gap,rel_dual_gap,termination,ncalls
8,60,66.983,-2.9591083773828313,0.02875390358541008,0.009717083634105124,OPTIMAL,20007
