seed,dimension,time,solution,dual_gap,rel_dual_gap,termination,ncalls
1,30,69.828,-30.148229091749364,0.2991882316315291,0.009923907328719605,OPTIMAL,596
