seed,dimension,time,solution,dual_gap,rel_dual_gap,termination,ncalls
1,70,72.608,-27.91418214538017,0.14926425099867302,0.0053472550340643394,OPTIMAL,19155
