seed,dimension,p,k,Ns,time,solution,dual_gap,rel_dual_gap,termination,ncalls
7,90,90,45.0,0.1,1803.07,0.8450846270109141,0.05868618678785942,0.07462652999567702,Time limit reached,20514
