seed,dimension,time,solution,dual_gap,rel_dual_gap,termination,ncalls
3,55,10.603,-1.1735977735443628,0.0002225563729281177,0.00018963598768254218,OPTIMAL,1257
