seed,dimension,time,solution,dual_gap,rel_dual_gap,termination,ncalls
9,80,24.377,-0.5742433320032669,0.004668399604726647,0.00812965400650066,OPTIMAL,4616
