seed,dimension,p,k,time,solution,dual_gap,rel_dual_gap,termination,ncalls
5,18,90,4.0,6.18,4.646806399110294,0.04502895104030458,0.009785121411986137,OPTIMAL,873
