seed,dimension,time,solution,dual_gap,rel_dual_gap,termination,ncalls
4,65,8.104,-0.13803964519080952,0.004813262863889334,0.03486869918591905,OPTIMAL,1550
