seed,dimension,var_A,p,k,M,time,solution,dual_gap,rel_dual_gap,termination,ncalls
3,20,1,100,20.0,1.0,1801.993,0.6333805047337135,0.04001845401228643,0.06744356833004539,Time limit reached,178994
