seed,dimension,p,k,Ns,time,solution,dual_gap,rel_dual_gap,termination,ncalls
1,50,50,25.0,5.0,1804.519,0.5068305288629139,0.019353498451545048,0.03970135461605882,Time limit reached,40187
