seed,dimension,time,solution,dual_gap,rel_dual_gap,termination,ncalls
4,45,47.234,-11.1470298861561,0.10122114130152582,0.00908054812226134,OPTIMAL,17325
