seed,dimension,p,k,time,solution,dual_gap,rel_dual_gap,termination,ncalls
4,20,100,4.0,20.797,5.58043616690493,0.05409221256409946,0.009788064769586253,OPTIMAL,3219
