seed,dimension,time,solution,dual_gap,rel_dual_gap,termination,ncalls
10,110,1800.035,16.021867017006713,1.087078130407896,0.07278831583507321,Time limit reached,204159
