seed,dimension,p,k,time,solution,dual_gap,rel_dual_gap,termination,ncalls
2,30,150,6.0,1801.633,2.09459273663181,0.15944282276971178,0.08239300822513637,Time limit reached,237491
