seed,dimension,time,solution,dual_gap,rel_dual_gap,termination,ncalls
4,110,1800.037,18.78344630640528,10.92004896024564,1.3887189568995673,Time limit reached,166432
