seed,dimension,time,solution,dual_gap,rel_dual_gap,termination,ncalls
7,40,6.668,-0.17701245140196237,0.00044211792257425886,0.0024976656674297517,OPTIMAL,809
