seed,dimension,p,k,time,solution,dual_gap,rel_dual_gap,termination,ncalls
7,30,150,6.0,1800.011,4.603735167703079,0.11666052796064275,0.025999239443750193,Time limit reached,264593
