seed,dimension,var_A,p,k,M,time,solution,dual_gap,rel_dual_gap,termination,ncalls
3,10,1,50,10.0,0.1,1801.979,0.6680688253172661,0.008683548747612901,0.013169157784031334,Time limit reached,304093
