seed,dimension,time,solution,dual_gap,rel_dual_gap,termination,ncalls
3,75,124.013,-0.9808248402324637,0.0025109967639815878,0.002560086838121331,OPTIMAL,36540
