seed,dimension,time,solution,dual_gap,rel_dual_gap,termination,ncalls
7,75,15.511,-0.4686526425030963,0.0017313592825517476,0.0036943337677655553,OPTIMAL,2556
