seed,dimension,p,k,Ns,time,solution,dual_gap,rel_dual_gap,termination,ncalls
10,50,50,25.0,0.1,1803.38,0.8328507229982246,0.004323678226564653,0.005218511880630582,Time limit reached,25055
