seed,dimension,p,k,Ns,time,solution,dual_gap,rel_dual_gap,termination,ncalls
10,70,70,35.0,5.0,1802.152,0.9956592914339318,0.016608560933073613,0.016963943149888753,Time limit reached,28222
