seed,dimension,time,solution,dual_gap,rel_dual_gap,termination,ncalls
2,110,1800.015,-0.09670226144998795,2.302938234723818,23.814729874904128,Time limit reached,443415
