seed,dimension,p,k,time,solution,dual_gap,rel_dual_gap,termination,ncalls
4,29,145,6.0,21.555,5.521068734094021,0.05384317343958234,0.009848354131768655,OPTIMAL,3771
