seed,dimension,time,solution,dual_gap,rel_dual_gap,termination,ncalls
4,20,4.675,-1.37869274153624,0.0178114429807823,0.012919080839531723,OPTIMAL,1356
