seed,dimension,p,k,Ns,time,solution,dual_gap,rel_dual_gap,termination,ncalls
9,90,90,45.0,0.1,1815.718,0.5088896281060963,0.028988783993298628,0.060405778295495136,Time limit reached,6489
