seed,dimension,var_A,p,k,M,time,solution,dual_gap,rel_dual_gap,termination,ncalls
9,10,5,50,10.0,0.1,404.774,0.21877699085539198,0.0021638636553135693,0.009989531490004665,OPTIMAL,68165
