seed,dimension,p,k,Ns,time,solution,dual_gap,rel_dual_gap,termination,ncalls
10,50,50,25.0,5.0,1803.742,0.5009002892979244,0.03072935921192721,0.06535784593553375,Time limit reached,60047
