seed,dimension,p,k,time,solution,dual_gap,rel_dual_gap,termination,ncalls
2,30,150,6.0,1800.061,2.094594194360247,0.15927135277935678,0.08229704592813786,Time limit reached,238588
