seed,dimension,p,k,time,solution,dual_gap,rel_dual_gap,termination,ncalls
10,30,150,6.0,5.428,3.198611710346478,0.030478329846312047,0.009620279889068405,OPTIMAL,234
