seed,dimension,time,solution,dual_gap,rel_dual_gap,termination,ncalls
9,35,3.702,0.20876408814790515,0.006934866236569637,0.034360070216275,OPTIMAL,745
