seed,dimension,time,solution,dual_gap,rel_dual_gap,termination,ncalls
1,115,42.01,-0.08430219368041092,0.000338295518919951,0.004012891054797781,OPTIMAL,5876
