seed,dimension,time,solution,dual_gap,rel_dual_gap,termination,ncalls
7,115,1800.034,10.372055177712,0.803505373320764,0.08397357904246015,Time limit reached,211518
