seed,dimension,time,solution,dual_gap,rel_dual_gap,termination,ncalls
4,30,3.733,-0.19418564328975862,0.0053520573328667,0.02756155008267271,OPTIMAL,545
