seed,dimension,p,k,Ns,time,solution,dual_gap,rel_dual_gap,termination,ncalls
2,70,70,35.0,1.0,1803.471,-2864.369933609863,22.96154477364098,0.008016263717970035,Time limit reached,34295
