seed,dimension,time,solution,dual_gap,rel_dual_gap,termination,ncalls
7,45,44.635,-2.085163197110149,0.015130736728816263,0.007256380100025801,OPTIMAL,17552
