seed,dimension,p,k,Ns,time,solution,dual_gap,rel_dual_gap,termination,ncalls
7,50,50,25.0,1.0,1804.867,0.18329837823476453,0.02054807412390547,0.12625521184838423,Time limit reached,28050
