seed,dimension,p,k,Ns,time,solution,dual_gap,rel_dual_gap,termination,ncalls
4,70,70,35.0,0.1,1801.721,0.8934130266358712,0.06584991910950222,0.07957087321875815,Time limit reached,20080
