seed,dimension,p,k,time,solution,dual_gap,rel_dual_gap,termination,ncalls
4,28,140,6.0,21.566,5.8042455912059845,0.05741815655965077,0.0099912790513753,OPTIMAL,3180
