seed,dimension,p,k,Ns,time,solution,dual_gap,rel_dual_gap,termination,ncalls
2,70,70,35.0,1.0,1801.915,0.2843021667961945,0.036035939707830617,0.1451503900891222,Time limit reached,23265
