seed,dimension,time,solution,dual_gap,rel_dual_gap,termination,ncalls
6,90,20.639,-0.2746213469116972,0.0003774487528513948,0.0013744334047446104,OPTIMAL,3797
