seed,dimension,time,solution,dual_gap,rel_dual_gap,termination,ncalls
7,95,234.282,-0.8837071405627844,0.0023955418826744346,0.002710787061366106,OPTIMAL,57554
