seed,dimension,p,k,Ns,time,solution,dual_gap,rel_dual_gap,termination,ncalls
5,90,90,45.0,5.0,1803.798,0.3372048025680868,0.0781370436917323,0.30160852137924593,Time limit reached,11882
