seed,dimension,p,k,Ns,time,solution,dual_gap,rel_dual_gap,termination,ncalls
2,50,50,25.0,10.0,1801.841,0.29412725211384577,0.028633603364265514,0.10785042692781473,Time limit reached,63922
