seed,dimension,time,solution,dual_gap,rel_dual_gap,termination,ncalls
9,75,137.448,18.2335206761404,0.17561942616890036,0.009725350899744096,OPTIMAL,18154
