seed,dimension,time,solution,dual_gap,rel_dual_gap,termination,ncalls
4,65,10.929,-0.13803971593887726,0.004807748253032651,0.03482873186410698,OPTIMAL,1576
