seed,dimension,time,solution,dual_gap,rel_dual_gap,termination,ncalls
2,85,14.857,-0.26961540332417455,0.002122997315707864,0.007874169240825082,OPTIMAL,2653
