seed,dimension,p,k,Ns,time,solution,dual_gap,rel_dual_gap,termination,ncalls
3,90,90,45.0,0.1,1817.052,0.45117445648126736,0.035188301377777564,0.08459007816984523,Time limit reached,8570
