seed,dimension,p,k,Ns,time,solution,dual_gap,rel_dual_gap,termination,ncalls
10,50,50,25.0,5.0,1803.657,0.5009002892979244,0.030727577004836137,0.06535380765713537,Time limit reached,60871
