seed,dimension,p,k,time,solution,dual_gap,rel_dual_gap,termination,ncalls
8,30,150,6.0,3.993,3.985746549412991,0.038058955128866145,0.009640822435891807,OPTIMAL,194
