seed,dimension,time,solution,dual_gap,rel_dual_gap,termination,ncalls
9,65,9.523,-0.1330393475291171,0.0011923642132704582,0.008962492942243995,OPTIMAL,1380
