seed,dimension,p,k,time,solution,dual_gap,rel_dual_gap,termination,ncalls
7,22,110,5.0,324.724,3.579288103178014,0.03539886066047426,0.009988704002308859,OPTIMAL,48183
