seed,dimension,time,solution,dual_gap,rel_dual_gap,termination,ncalls
6,35,9.103,-13.968833008662163,0.13273005741020683,0.009501871582822993,OPTIMAL,2080
