seed,dimension,time,solution,dual_gap,rel_dual_gap,termination,ncalls
5,50,15.19,-2.0857104202683834,0.004871245550182479,0.0023355330168776073,OPTIMAL,4062
