seed,dimension,time,solution,dual_gap,rel_dual_gap,termination,ncalls
10,25,2.874,-0.1928113714858114,0.005775818060045013,0.02995579573723453,OPTIMAL,342
