seed,dimension,time,solution,dual_gap,rel_dual_gap,termination,ncalls
7,60,232.62,4.908722066306754,0.04730029151533888,0.009729723876379427,OPTIMAL,35894
