seed,dimension,time,solution,dual_gap,rel_dual_gap,termination,ncalls
8,80,34.141,-0.7773705783262032,0.007745695248344786,0.00996396759062125,OPTIMAL,8209
