seed,dimension,time,solution,dual_gap,rel_dual_gap,termination,ncalls
5,95,1800.021,6.790135936528818,1.7463573405228328,0.3462398888614421,Time limit reached,196443
