seed,dimension,p,k,time,solution,dual_gap,rel_dual_gap,termination,ncalls
3,30,150,6.0,1800.013,4.319300767044491,0.11784271359084464,0.028048051912353756,Time limit reached,266187
