seed,dimension,time,solution,dual_gap,rel_dual_gap,termination,ncalls
7,65,130.738,13.91925643146901,0.11751555825445159,0.008514546051398304,OPTIMAL,19887
