seed,dimension,p,k,Ns,time,solution,dual_gap,rel_dual_gap,termination,ncalls
9,90,90,45.0,0.1,1808.616,0.5088896281060962,0.028786597173533046,0.05995920733434509,Time limit reached,10430
