seed,dimension,p,k,time,solution,dual_gap,rel_dual_gap,termination,ncalls
7,27,135,6.0,1800.039,4.246649955225249,0.1425245776134183,0.03472715000153154,Time limit reached,273221
