seed,dimension,time,solution,dual_gap,rel_dual_gap,termination,ncalls
4,50,4.41,-0.346408767250358,0.003094283273761045,0.008932462357468947,OPTIMAL,879
