seed,dimension,time,solution,dual_gap,rel_dual_gap,termination,ncalls
9,45,4.164,0.06010751632635852,0.0034420116997324057,0.0607426285605699,OPTIMAL,803
