seed,dimension,time,solution,dual_gap,rel_dual_gap,termination,ncalls
1,70,20.153,-27.875239183421208,0.2587660938709888,0.009283008915844205,OPTIMAL,5427
