seed,dimension,p,k,Ns,time,solution,dual_gap,rel_dual_gap,termination,ncalls
3,50,50,25.0,1.0,1804.524,0.49232625888629067,0.008559110755589572,0.01769262503388743,Time limit reached,33850
