seed,dimension,p,k,Ns,time,solution,dual_gap,rel_dual_gap,termination,ncalls
5,90,90,45.0,1.0,1802.146,0.3370039597128762,0.07805098544721184,0.30140988211681236,Time limit reached,13677
