seed,dimension,time,solution,dual_gap,rel_dual_gap,termination,ncalls
7,30,6.026,-0.2685981114993506,0.002656209592931502,0.009889159600207854,OPTIMAL,562
