seed,dimension,time,solution,dual_gap,rel_dual_gap,termination,ncalls
10,75,23.511,-0.6025009746021192,0.004681484187003759,0.007770085666824568,OPTIMAL,5186
