seed,dimension,time,solution,dual_gap,rel_dual_gap,termination,ncalls
10,55,8.351,-0.17411793714360857,0.0005261443337568061,0.0030217698554678724,OPTIMAL,1091
