seed,dimension,p,k,time,solution,dual_gap,rel_dual_gap,termination,ncalls
9,30,150,6.0,6.443,2.6758642589822386,0.023659731117299465,0.00892077924938386,OPTIMAL,369
