{"result_baseline":{"list_discarded_set_size":[4,6,3,7,3,3,1,7,1,6,1,5,2,4,2,1,2,4,1,2,4,6,0,7,3,5,4,8,3,7,0,6,2,10,3,5,4,10,9,6,2,8,4,9,2,8,2,7,3,4,1,7,3,5,4,7,2,7,3,5,3],"primal_objective":1.6878767054213106,"total_time_in_sec":7.545,"raw_solution":[0.0,1.0,0.0,0.0,0.0,0.0,1.0,0.0,0.0,1.0,0.0,0.0,1.0,0.0,0.0],"dual_gap":0.00678313023308541,"list_time":[1477.0,1567.0,1750.0,1798.0,1903.0,1951.0,2064.0,2128.0,2179.0,2230.0,2282.0,2318.0,2343.0,2378.0,2428.0,2473.0,3221.0,3260.0,3284.0,3384.0,3454.0,3494.0,3515.0,3609.0,3702.0,3845.0,3904.0,3931.0,3969.0,3979.0,3997.0,4797.0,4841.0,4954.0,5034.0,5100.0,5168.0,5927.0,5990.0,6065.0,6141.0,6184.0,6226.0,7002.0,7030.0,7038.0,7076.0,7106.0,7156.0,7167.0,7239.0,7275.0,7303.0,7331.0,7360.0,7388.0,7429.0,7442.0,7483.0,7500.0,7534.0],"list_num_nodes":[3,5,7,9,11,13,15,17,17,19,19,21,21,23,23,25,27,29,29,31,31,33,33,35,37,39,39,41,41,41,41,43,43,45,45,47,47,49,49,51,51,53,53,55,55,55,55,57,57,57,57,59,59,59,59,61,61,61,61,63,63],"lmo_calls":983,"active_set_size_per_layer":[[8],[7,9],[7,5,7,7],[8,6,7,7,7,5,4,5],[8,6,7,5,6,5,4,6,5,4],[7,2,5,5,4,3,5,8],[6,4,3,3,4,4,5,7,5,4],[5,3,3,3,2,6],[4,3,3,3,2,4],[4,3,2,4],[1,2]],"list_lmo_calls_acc":[43,66,102,117,144,156,185,202,216,230,245,256,264,275,289,299,327,339,347,370,393,407,414,444,470,501,521,530,542,545,551,570,584,616,638,658,679,696,718,737,762,775,791,803,812,815,827,837,854,858,880,892,902,910,920,931,946,950,964,971,983],"list_active_set_size":[8,7,9,7,5,7,7,8,6,8,6,7,2,6,4,7,7,5,3,7,5,4,3,5,5,7,5,3,3,4,3,6,5,4,6,4,5,4,3,5,8,3,3,4,4,3,3,2,6,5,7,2,4,5,4,2,4,5,4,1,2],"lmo_calls_per_layer":[[43],[23,36],[15,27,12,29],[17,14,10,28,31,20,20,21],[14,15,23,23,19,14,32,22,8,10],[11,8,30,26,17,22,19,25],[11,14,9,12,12,9,4,22,4,14],[12,8,13,16,10,17],[14,7,3,12,12,10],[3,6,11,15],[7,12]],"node_level":[1,2,2,3,3,3,3,4,4,5,5,6,6,7,7,4,4,8,8,5,5,9,9,6,6,4,4,7,7,10,10,5,5,5,5,4,4,6,6,6,6,8,8,7,7,9,9,8,8,7,7,9,9,5,5,10,10,7,7,11,11],"status":"Optimal (tolerance reached)","number_nodes":63,"dual_bound":1.6810935751882252,"rel_dual_gap":0.004034951018313142,"discarded_set_size_per_layer":[[4],[6,3],[7,3,3,1],[7,1,1,2,5,4,5,4],[6,1,2,4,6,2,10,3,5,4],[5,2,7,3,10,9,6,2],[4,2,8,3,9,2,4,1,7,3],[4,1,8,4,7,3],[6,0,8,2,7,3],[7,0,7,2],[5,3]],"list_ub":[3.889304397481367,1.993675413607289,1.993675413607289,1.993675413607289,1.993675413607289,1.993675413607289,1.993675413607289,1.993675413607289,1.993675413607289,1.993675413607289,1.993675413607289,1.993675413607289,1.993675413607289,1.993675413607289,1.993675413607289,1.993675413607289,1.993675413607289,1.993675413607289,1.993675413607289,1.993675413607289,1.993675413607289,1.993675413607289,1.993675413607289,1.7650402300537524,1.7650402300537524,1.7650402300537524,1.7650402300537524,1.7650402300537524,1.7650402300537524,1.7650402300537524,1.7650402300537524,1.7650402300537524,1.7650402300537524,1.6878767054213106,1.6878767054213106,1.6878767054213106,1.6878767054213106,1.6878767054213106,1.6878767054213106,1.6878767054213106,1.6878767054213106,1.6878767054213106,1.6878767054213106,1.6878767054213106,1.6878767054213106,1.6878767054213106,1.6878767054213106,1.6878767054213106,1.6878767054213106,1.6878767054213106,1.6878767054213106,1.6878767054213106,1.6878767054213106,1.6878767054213106,1.6878767054213106,1.6878767054213106,1.6878767054213106,1.6878767054213106,1.6878767054213106,1.6878767054213106,1.6878767054213106],"list_lb":[-0.6570749821877673,-0.6570749821877673,-0.2728440088091557,-0.2728440088091557,-0.2673819447841701,-0.2673819447841701,-0.124611914422676,-0.124611914422676,0.040003702329668434,0.040003702329668434,0.15106233448225137,0.15106233448225137,0.32288108554499895,0.32288108554499895,0.37404451848836073,0.37404451848836073,0.4647740149828718,0.4647740149828718,0.6891355156721404,0.6891355156721404,0.7521814212586246,0.7521814212586246,0.9805147431565158,0.9805147431565158,1.0532953011628392,1.0532953011628392,1.1342086736653327,1.1342086736653327,1.1538985102632369,1.1538985102632369,1.1544670609631549,1.1544670609631549,1.2096292218697804,1.2096292218697804,1.3190370361928003,1.3190370361928003,1.37934438894023,1.37934438894023,1.4417911306755569,1.4417911306755569,1.469170420074845,1.469170420074845,1.505538204231752,1.505538204231752,1.562013713267215,1.562013713267215,1.5970070576098423,1.5970070576098423,1.6072535291888919,1.6072535291888919,1.630579542656276,1.630579542656276,1.6483194917080575,1.6483194917080575,1.6567522899988365,1.6567522899988365,1.6666840259774711,1.6666840259774711,1.669223322409263,1.669223322409263,1.6810935751882252]},"result_afw":{"list_discarded_set_size":[0,0,0,0,0,0,0,0,0,0,0,0,0,0,0,0,0,0,0,0,0,0,0,0,0,0,0,0,0,0,0,0,0,0,0,0,0,0,0,0,0,0,0,0,0,0,0,0,0,0,0,0,0,0,0,0,0,0,0,0,0],"primal_objective":1.6878767054213106,"total_time_in_sec":396.495,"raw_solution":[0.0,1.0,0.0,0.0,0.0,0.0,1.0,0.0,0.0,1.0,0.0,0.0,1.0,0.0,0.0],"dual_gap":0.0067830846937588785,"list_time":[18044.0,45325.0,45869.0,70663.0,71197.0,71706.0,72203.0,96247.0,96288.0,96981.0,97023.0,97688.0,97708.0,98374.0,98416.0,98897.0,99377.0,121706.0,121728.0,122254.0,122299.0,122902.0,122921.0,148284.0,171287.0,171795.0,171853.0,192683.0,192723.0,192731.0,192748.0,193257.0,193304.0,214144.0,214211.0,239740.0,239783.0,264834.0,264876.0,265408.0,265458.0,287256.0,287286.0,309612.0,309635.0,309647.0,309674.0,335292.0,335341.0,335358.0,335413.0,361340.0,361366.0,361395.0,361418.0,380862.0,380891.0,380906.0,380939.0,396454.0,396485.0],"list_num_nodes":[3,5,7,9,11,13,15,17,17,19,19,21,21,23,23,25,27,29,29,31,31,33,33,35,37,39,39,41,41,41,41,43,43,45,45,47,47,49,49,51,51,53,53,55,55,55,55,57,57,57,57,59,59,59,59,61,61,61,61,63,63],"lmo_calls":167078,"active_set_size_per_layer":[[19],[53,10],[134,11,12,7],[151,6,7,7,13,5,6,5],[194,26,7,5,9,6,5,7,8,9],[165,6,7,12,6,3,8,9],[164,60,5,3,8,2,12,7,7,4],[154,23,6,4,7,5],[50,31,6,3,9,3],[50,26,3,4],[1,2]],"list_lmo_calls_acc":[8125,17820,17855,27612,27645,27671,27699,37417,37430,37501,37515,37566,37573,37615,37628,37644,37670,47565,47573,47597,47615,47635,47643,57446,67302,67322,67343,77313,77328,77331,77338,77355,77371,87198,87220,97020,97036,106997,107014,107033,107050,117030,117042,126989,126998,127003,127014,136990,137006,137012,137031,147018,147029,147040,147049,157038,157050,157056,157069,167065,167078],"list_active_set_size":[19,53,10,134,11,12,7,151,6,194,26,165,6,164,60,7,7,154,23,7,5,50,31,7,12,13,5,5,3,50,26,9,6,5,7,6,5,6,3,8,9,6,4,8,2,6,3,7,5,12,7,9,3,8,9,3,4,7,4,1,2],"lmo_calls_per_layer":[[8125],[9695,35],[9757,33,26,28],[9718,13,16,26,20,21,9800,16],[71,14,24,18,17,16,9827,22,11,9],[51,7,9803,9856,9961,17,19,17],[42,13,9970,15,9947,9,6,19,6,13],[9895,8,9980,12,9976,16],[20,8,5,11,9987,11],[3,7,9989,12],[9996,13]],"node_level":[1,2,2,3,3,3,3,4,4,5,5,6,6,7,7,4,4,8,8,5,5,9,9,6,6,4,4,7,7,10,10,5,5,5,5,4,4,6,6,6,6,8,8,7,7,9,9,8,8,7,7,9,9,5,5,10,10,7,7,11,11],"status":"Optimal (tolerance reached)","number_nodes":63,"dual_bound":1.6810936207275518,"rel_dual_gap":0.0040349238199019885,"discarded_set_size_per_layer":[[0],[0,0],[0,0,0,0],[0,0,0,0,0,0,0,0],[0,0,0,0,0,0,0,0,0,0],[0,0,0,0,0,0,0,0],[0,0,0,0,0,0,0,0,0,0],[0,0,0,0,0,0],[0,0,0,0,0,0],[0,0,0,0],[0,0]],