seed,n0,m0,M,time,solution,termination,calls
9,3,29,20.0,0.33446699999999996,1.7595988539163772,OPTIMAL,54
