seed,dimension,var_A,p,k,M,time,x,solution,termination,calls
1,5,5,25,5.0,1.0,0.9249729999999999,"[0.04277122768007757, -0.09794027076579788, 0.028890505988689474, -0.11393898567321643, -0.0898417618176668, 0.0, 0.0, 0.0, 0.0, 0.0, 0.0, 0.0, 0.0, 0.0, 0.0, 0.0, 0.0, 0.0, 0.0, 0.0, 0.0, 0.0, 0.0, 0.0, 0.0, 1.0, 1.0, 1.0, 1.0, 1.0, 0.0, 0.0, 0.0, 0.0, 0.0, 0.0, 0.0, 0.0, 0.0, 0.0, 0.0, 0.0, 0.0, 0.0, 0.0, 0.0, 0.0, 0.0, 0.0, 0.0]",0.3949207611839686,OPTIMAL,106
