seed,n0,m0,M,time,solution,termination,calls
1,2,17,20.0,0.39406199999999997,2.8504541382233426,OPTIMAL,37
