seed,dimension,p,k,time,solution,termination,calls
2,26,130,6.0,0.46115999999999996,2.6180341903820126,OPTIMAL,89
