seed,dimension,var_A,p,k,M,time,x,solution,termination,calls
2,5,1,25,5.0,0.1,0.8833529999999999,"[-0.1, -0.07103733913420666, -0.1, -0.1, -0.057279842352500054, 0.0, 0.0, 0.0, 0.0, 0.0, 0.0, 0.0, 0.0, 0.0, 0.0, 0.0, 0.0, 0.0, 0.0, 0.0, 0.0, 0.0, 0.0, 0.0, 0.0, 1.0, 1.0, 1.0, 1.0, 1.0, 0.0, 0.0, 0.0, 0.0, 0.0, 0.0, 0.0, 0.0, 0.0, 0.0, 0.0, 0.0, 0.0, 0.0, 0.0, 0.0, 0.0, 0.0, 0.0, 0.0]",0.6068296931594598,OPTIMAL,26
