seed,n0,m0,M,time,solution,termination,calls
3,2,23,20.0,0.6065499999999999,4.798576181938419,OPTIMAL,38
