seed,n0,m0,M,time,solution,termination,calls
4,2,18,20.0,0.41453199999999996,1.435271778000979,OPTIMAL,35
