seed,n0,m0,M,time,solution,termination,calls
7,2,23,20.0,0.5767669999999999,4.939014782136841,OPTIMAL,40
