seed,dimension,p,k,time,solution,termination,calls
2,21,105,5.0,0.42051499999999997,3.1450500782383424,OPTIMAL,41
