seed,n0,m0,M,time,solution,termination,calls
3,2,22,20.0,0.37373999999999996,3.9125916818588116,OPTIMAL,39
