seed,n0,m0,M,time,solution,termination,calls
1,3,28,20.0,0.36264199999999996,2.140255266923377,OPTIMAL,55
