seed,dimension,var_A,p,k,M,time,x,solution,termination,calls
1,5,1,25,5.0,0.1,1.1304750000000001,"[0.012634223755412677, -0.06846778060481865, 0.012610501100674243, -0.06323902708424363, -0.039529047111769175, 0.0, 0.0, 0.0, 0.0, 0.0, 0.0, 0.0, 0.0, 0.0, 0.0, 0.0, 0.0, 0.0, 0.0, 0.0, 0.0, 0.0, 0.0, 0.0, 0.0, 1.0, 1.0, 1.0, 1.0, 1.0, 0.0, 0.0, 0.0, 0.0, 0.0, 0.0, 0.0, 0.0, 0.0, 0.0, 0.0, 0.0, 0.0, 0.0, 0.0, 0.0, 0.0, 0.0, 0.0, 0.0]",0.6538391778664474,OPTIMAL,103
