seed,n0,m0,M,time,solution,termination,calls
3,3,27,20.0,0.6152869999999999,3.3974824499122414,OPTIMAL,57
