seed,dimension,var_A,p,k,M,time,x,solution,termination,calls
6,5,1,25,5.0,0.1,1.290899,"[0.01850327638920711, 0.035553215443467207, -0.041607764486413554, -0.1, -0.0393951210362502, 0.0, 0.0, 0.0, 0.0, 0.0, 0.0, 0.0, 0.0, 0.0, 0.0, 0.0, 0.0, 0.0, 0.0, 0.0, 0.0, 0.0, 0.0, 0.0, 0.0, 1.0, 1.0, 1.0, 1.0, 1.0, 0.0, 0.0, 0.0, 0.0, 0.0, 0.0, 0.0, 0.0, 0.0, 0.0, 0.0, 0.0, 0.0, 0.0, 0.0, 0.0, 0.0, 0.0, 0.0, 0.0]",0.6543888002796545,OPTIMAL,48
