seed,n0,m0,M,time,solution,termination,calls
7,3,27,20.0,0.5600999999999999,4.691017264223256,OPTIMAL,41
