seed,dimension,p,k,time,solution,dual_gap,rel_dual_gap,termination,ncalls
7,30,150,6.0,1800.016,4.603735167703079,0.11489502236857874,0.025595703711569117,Time limit reached,264045
