seed,dimension,time,solution,dual_gap,rel_dual_gap,termination,ncalls
9,40,10.591,-1.7161764254339849,0.013060528529823756,0.0076102481867626305,OPTIMAL,3128
