seed,dimension,time,solution,dual_gap,rel_dual_gap,termination,ncalls
5,60,134.069,-2.417416443655222,0.02379531106613264,0.009843281710350767,OPTIMAL,44197
