seed,dimension,time,solution,dual_gap,rel_dual_gap,termination,ncalls
6,70,222.981,19.20500127073272,0.1832287345397745,0.009632579413466494,OPTIMAL,26563
