seed,dimension,p,k,time,solution,dual_gap,rel_dual_gap,termination,ncalls
6,16,80,4.0,4.407,4.270684159307565,0.030099062004543597,0.007097855912309451,OPTIMAL,13
