seed,dimension,time,solution,dual_gap,rel_dual_gap,termination,ncalls
1,85,217.554,10.236294863872313,0.09770268998689247,0.009636711716105037,OPTIMAL,39150
