seed,dimension,p,k,time,solution,dual_gap,rel_dual_gap,termination,ncalls
5,16,80,4.0,3.726,3.9792937790149603,0.036395142941162195,0.009230555056166297,OPTIMAL,180
