seed,dimension,time,solution,dual_gap,rel_dual_gap,termination,ncalls
3,55,11.192,-1.1735878392193726,0.00261127071364764,0.002225032184539813,OPTIMAL,1163
