seed,dimension,time,solution,dual_gap,rel_dual_gap,termination,ncalls
2,40,8.264,-0.4593541568636749,0.004656705013355689,0.010137504894154435,OPTIMAL,2400
