seed,dimension,time,solution,dual_gap,rel_dual_gap,termination,ncalls
4,30,3.491,-0.19418563016004542,0.00532520695289096,0.027423280231920297,OPTIMAL,574
