seed,dimension,var_A,p,k,M,time,solution,dual_gap,rel_dual_gap,termination,ncalls
3,15,5,75,15.0,0.1,1801.621,0.246966182898671,0.029423153426158755,0.13525210850240793,Time limit reached,256194
