seed,dimension,p,k,time,solution,dual_gap,rel_dual_gap,termination,ncalls
2,24,120,5.0,1174.007,1.646273721545093,0.01628985925497939,0.009993877627777413,OPTIMAL,198824
