seed,dimension,p,k,Ns,time,solution,dual_gap,rel_dual_gap,termination,ncalls
4,90,90,45.0,10.0,1802.093,-1.6538285718438948,0.2446523741749531,0.1479309151747113,Time limit reached,22260
