seed,dimension,time,solution,dual_gap,rel_dual_gap,termination,ncalls
6,105,772.871,11.26227722768438,0.10868541419347899,0.009744431749960387,OPTIMAL,103652
