seed,dimension,time,solution,dual_gap,rel_dual_gap,termination,ncalls
10,105,21.588,-0.2040218147987347,0.00033468537431782797,0.001640439159155561,OPTIMAL,4362
