seed,dimension,p,k,Ns,time,solution,dual_gap,rel_dual_gap,termination,ncalls
8,50,50,25.0,5.0,1803.261,-0.2039720591991161,0.027247065776266705,0.13358234398991045,Time limit reached,38075
