seed,dimension,p,k,time,solution,dual_gap,rel_dual_gap,termination,ncalls
3,24,120,5.0,1800.007,4.032486457622685,0.09416744749136718,0.023910568760204955,Time limit reached,314430
