seed,dimension,p,k,Ns,time,solution,dual_gap,rel_dual_gap,termination,ncalls
5,70,70,35.0,10.0,1806.362,-1.8126693637265012,0.060459836594995764,0.03335403455526049,Time limit reached,23179
