seed,dimension,p,k,time,solution,dual_gap,rel_dual_gap,termination,ncalls
7,22,110,5.0,320.364,3.5792876246693246,0.03541873386601502,0.009994369136490952,OPTIMAL,48652
