seed,dimension,time,solution,dual_gap,rel_dual_gap,termination,ncalls
7,110,803.861,34.02874444633106,0.3342183674457715,0.009919070138078297,OPTIMAL,116546
