seed,dimension,time,solution,dual_gap,rel_dual_gap,termination,ncalls
10,60,51.851,13.090696723173263,0.0703754715576963,0.0054050487847190475,OPTIMAL,9500
