seed,dimension,p,k,Ns,time,solution,dual_gap,rel_dual_gap,termination,ncalls
7,90,90,45.0,5.0,1802.077,0.11320064390932157,0.04972523156157882,0.7833778422606357,Time limit reached,19799
