seed,dimension,time,solution,dual_gap,rel_dual_gap,termination,ncalls
7,55,33.831,-0.4888052809904962,0.004029904343397284,0.00824439608187383,OPTIMAL,6221
