seed,dimension,p,k,Ns,time,solution,dual_gap,rel_dual_gap,termination,ncalls
5,90,90,45.0,5.0,1802.204,0.33720480256808666,0.07786490059214501,0.30024265451973664,Time limit reached,19222
