seed,dimension,var_A,p,k,M,time,solution,dual_gap,rel_dual_gap,termination,ncalls
2,10,1,50,10.0,0.1,1801.904,0.6484994987895639,0.007301130105609066,0.011386694761239756,Time limit reached,499901
