seed,dimension,time,solution,dual_gap,rel_dual_gap,termination,ncalls
5,100,1800.005,3.430397990151262,2.2735222474378323,1.9652259646358645,Time limit reached,262392
