seed,dimension,time,solution,dual_gap,rel_dual_gap,termination,ncalls
1,95,17.535,-0.032575440614858286,0.0006854338597655496,0.021041430194896887,OPTIMAL,3436
