seed,dimension,time,solution,dual_gap,rel_dual_gap,termination,ncalls
9,120,158.898,-0.4306651398510813,0.004026212977339738,0.009348824886852819,OPTIMAL,35751
