seed,dimension,time,solution,dual_gap,rel_dual_gap,termination,ncalls
9,95,495.36,21.28870112832732,0.18114096320558204,0.008581804897796783,OPTIMAL,56138
