seed,dimension,time,solution,dual_gap,rel_dual_gap,termination,ncalls
10,30,9.404,2.2298718427704154,0.019861915279503428,0.00898725161024649,OPTIMAL,2060
