seed,dimension,p,k,Ns,time,solution,dual_gap,rel_dual_gap,termination,ncalls
3,50,50,25.0,0.1,1802.497,0.8416469039802633,0.005359581131034075,0.006408779595957514,Time limit reached,46370
