seed,dimension,time,solution,dual_gap,rel_dual_gap,termination,ncalls
1,75,10.162,0.11398007371811614,0.00020066169256804933,0.0017636028258169647,OPTIMAL,2392
