seed,dimension,time,solution,dual_gap,rel_dual_gap,termination,ncalls
5,115,24.447,-0.36225892431655615,0.001806344340736843,0.004986334965093608,OPTIMAL,4931
