seed,dimension,time,solution,dual_gap,rel_dual_gap,termination,ncalls
2,115,1801.81,-0.12080813761279341,10.056912045682182,83.24697528171454,Time limit reached,430546
