seed,dimension,time,solution,dual_gap,rel_dual_gap,termination,ncalls
8,95,33.05,-0.8063456784425038,0.007427630847766431,0.009211472258539617,OPTIMAL,5092
