seed,dimension,p,k,Ns,time,solution,dual_gap,rel_dual_gap,termination,ncalls
9,70,70,35.0,10.0,1805.507,-2.6564856968826978,0.10895923226836635,0.04101630676808333,Time limit reached,25333
