seed,dimension,p,k,Ns,time,solution,dual_gap,rel_dual_gap,termination,ncalls
6,50,50,25.0,10.0,1801.806,0.6408045808419942,0.025411263288972585,0.041292718923265165,Time limit reached,64184
