seed,dimension,time,solution,dual_gap,rel_dual_gap,termination,ncalls
6,50,15.134,-0.24250145312992621,0.000306272014320097,0.001262969810560286,OPTIMAL,2515
