seed,dimension,p,k,time,solution,dual_gap,rel_dual_gap,termination,ncalls
7,18,90,4.0,42.149,3.491754799253618,0.03439349286287596,0.009947902407336336,OPTIMAL,7015
