seed,dimension,time,solution,dual_gap,rel_dual_gap,termination,ncalls
10,115,41.996,-1.0238948237097751,0.00792882957810992,0.007743793009307527,OPTIMAL,8220
