seed,dimension,time,solution,dual_gap,rel_dual_gap,termination,ncalls
6,100,24.086,-0.09753673401426421,0.0002743892342534915,0.00281318866195954,OPTIMAL,4137
