seed,dimension,time,solution,dual_gap,rel_dual_gap,termination,ncalls
1,35,3.171,-0.31990953311065096,0.01972245902412667,0.06165011349413281,OPTIMAL,348
