seed,dimension,p,k,Ns,time,solution,dual_gap,rel_dual_gap,termination,ncalls
3,50,50,25.0,5.0,1803.567,0.4985655376029526,0.015061154461419812,0.031149985370476092,Time limit reached,43164
