seed,dimension,time,solution,dual_gap,rel_dual_gap,termination,ncalls
4,75,336.803,22.58669276453785,0.20592808517075056,0.009201119270093408,OPTIMAL,38808
