seed,dimension,time,solution,dual_gap,rel_dual_gap,termination,ncalls
4,40,4.455,-0.0973129553431974,0.001248111487965442,0.012825748468574184,OPTIMAL,844
