seed,dimension,time,solution,dual_gap,rel_dual_gap,termination,ncalls
1,80,15.18,-0.21389664633655409,0.0007324664372718448,0.0034243942100866368,OPTIMAL,2923
