seed,dimension,time,solution,dual_gap,rel_dual_gap,termination,ncalls
2,45,5.637,-0.3473393719275773,0.0007365320604819092,0.002120496897298131,OPTIMAL,978
