seed,dimension,p,k,time,solution,dual_gap,rel_dual_gap,termination,ncalls
1,28,140,6.0,478.492,2.2624514694689704,0.02239439906382623,0.00999724487366561,OPTIMAL,68670
