seed,dimension,time,solution,dual_gap,rel_dual_gap,termination,ncalls
2,85,15.999,-0.26961522440464497,0.000800838747755328,0.0029703023986264593,OPTIMAL,3290
