seed,dimension,time,solution,dual_gap,rel_dual_gap,termination,ncalls
9,50,28.984,-2.37907045855519,0.00871872307454602,0.0036647603450302613,OPTIMAL,8346
