seed,dimension,time,solution,dual_gap,rel_dual_gap,termination,ncalls
9,50,31.999,-2.381707675544427,0.006081506089442357,0.00255342255134321,OPTIMAL,8346
