seed,dimension,p,k,Ns,time,solution,dual_gap,rel_dual_gap,termination,ncalls
10,90,90,45.0,10.0,1801.893,0.08090791450766963,0.07444684099341625,11.52236402034178,Time limit reached,17662
