seed,dimension,p,k,time,solution,dual_gap,rel_dual_gap,termination,ncalls
2,23,115,5.0,1651.19,2.1495088518989314,0.021267581243480382,0.009993031117628145,OPTIMAL,268448
