seed,dimension,var_A,p,k,M,time,solution,dual_gap,rel_dual_gap,termination,ncalls
2,15,5,75,15.0,1.0,1801.771,0.36364377750974874,0.09430815740237397,0.35015107680438473,Time limit reached,193002
