seed,dimension,p,k,time,solution,dual_gap,rel_dual_gap,termination,ncalls
5,17,85,4.0,6.931,4.7972456633480265,0.04494933311822091,0.00945844492741203,OPTIMAL,788
