seed,dimension,var_A,p,k,M,time,solution,dual_gap,rel_dual_gap,termination,ncalls
3,5,1,25,5.0,1.0,50.549,0.6595374915714965,0.006525395003341816,0.009992762825735437,OPTIMAL,21797
