seed,dimension,p,k,Ns,time,solution,dual_gap,rel_dual_gap,termination,ncalls
10,90,90,45.0,0.1,1801.914,0.8413702127272606,0.08844995154519486,0.1174758551540779,Time limit reached,23509
