seed,dimension,time,solution,dual_gap,rel_dual_gap,termination,ncalls
5,110,1800.003,17.628396010735134,2.5725806086271383,0.17086956368148257,Time limit reached,256399
