seed,dimension,p,k,Ns,time,solution,dual_gap,rel_dual_gap,termination,ncalls
9,90,90,45.0,0.1,1808.64,0.5088896281060962,0.028604164194277804,0.05955658945266268,Time limit reached,10394
