seed,dimension,time,solution,dual_gap,rel_dual_gap,termination,ncalls
1,35,22.802,7.5542870779353555,0.05001042968054925,0.006664257199550295,OPTIMAL,4929
