seed,dimension,p,k,Ns,time,solution,dual_gap,rel_dual_gap,termination,ncalls
6,90,90,45.0,10.0,13.341,-19196.800484146464,5.687616067007184e-8,2.9627937591497395e-12,OPTIMAL,42
