seed,dimension,time,solution,dual_gap,rel_dual_gap,termination,ncalls
6,115,1800.013,-10.198738259513467,3.7731251820907765,0.3699599976076623,Time limit reached,416825
