seed,dimension,p,k,Ns,time,solution,dual_gap,rel_dual_gap,termination,ncalls
3,90,90,45.0,0.1,1809.796,0.4512992731150858,0.03483336744595944,0.08364038201396932,Time limit reached,13269
