seed,dimension,var_A,p,k,M,time,solution,dual_gap,rel_dual_gap,termination,ncalls
4,5,1,25,5.0,0.1,8.071,0.6305979968193167,0.006199373272169906,0.00992855050985199,OPTIMAL,1417
