seed,dimension,time,solution,dual_gap,rel_dual_gap,termination,ncalls
6,30,15.353,4.1042310020910735,0.02474463346976652,0.0060656247463155896,OPTIMAL,2506
