seed,dimension,time,solution,dual_gap,rel_dual_gap,termination,ncalls
5,85,20.365,-0.20231661538937323,0.0007138408245016825,0.003528335145029207,OPTIMAL,3975
