seed,n0,m0,M,time,solution,dual_gap,rel_dual_gap,termination,ncalls
8,2,16,20.0,4.355,0.6965811464093504,8.797526573900427e-8,1.2629580531054463e-7,OPTIMAL,41
