seed,dimension,p,k,Ns,time,solution,dual_gap,rel_dual_gap,termination,ncalls
10,50,50,25.0,5.0,1804.741,0.5013545069414076,0.031172414464500975,0.06629859997492787,Time limit reached,43316
