seed,dimension,time,solution,dual_gap,rel_dual_gap,termination,ncalls
10,70,12.298,-0.26497164826139896,0.0020619432180787323,0.007781750355587443,OPTIMAL,2518
