seed,dimension,p,k,Ns,time,solution,dual_gap,rel_dual_gap,termination,ncalls
10,50,50,25.0,0.1,1803.057,0.8329328655727609,0.004573179784390757,0.005520765752908835,Time limit reached,25254
