seed,dimension,p,k,Ns,time,solution,dual_gap,rel_dual_gap,termination,ncalls
6,70,70,35.0,5.0,1801.633,0.1291576448029713,0.05971907562709365,0.8600274506785135,Time limit reached,42742
