seed,dimension,time,solution,dual_gap,rel_dual_gap,termination,ncalls
7,95,357.844,-0.8837071405627844,0.006156830387156531,0.006967048363143908,OPTIMAL,80109
