seed,dimension,p,k,time,solution,dual_gap,rel_dual_gap,termination,ncalls
7,19,95,4.0,15.402,3.1937334111517086,0.0310247401397028,0.009809547247921347,OPTIMAL,2444
