seed,dimension,time,solution,dual_gap,rel_dual_gap,termination,ncalls
9,65,7.104,-0.1330393468319953,0.0011964796241514253,0.008993426776684068,OPTIMAL,1518
