seed,dimension,p,k,time,solution,dual_gap,rel_dual_gap,termination,ncalls
2,30,150,6.0,1801.667,2.09459273663181,0.15251332414481888,0.07853094119849258,Time limit reached,274554
