seed,dimension,time,solution,dual_gap,rel_dual_gap,termination,ncalls
4,25,3.197,-0.3393669211667331,0.004675148438693266,0.013776087612252392,OPTIMAL,263
