seed,dimension,p,k,time,solution,dual_gap,rel_dual_gap,termination,ncalls
8,23,115,5.0,3.882,3.2451179078474204,0.028263243016064976,0.00878598692227418,OPTIMAL,182
