seed,dimension,p,k,time,solution,dual_gap,rel_dual_gap,termination,ncalls
2,26,130,6.0,1800.012,1.7310648244643505,0.07777972565766489,0.04704556141817587,Time limit reached,260909
