seed,dimension,p,k,time,solution,dual_gap,rel_dual_gap,termination,ncalls
3,23,115,5.0,866.156,4.014525717592983,0.039737819539327646,0.009997469187924761,OPTIMAL,153807
