seed,dimension,var_A,p,k,M,time,solution,dual_gap,rel_dual_gap,termination,ncalls
1,15,1,75,15.0,1.0,1801.691,0.6481160819233085,0.030669704444426182,0.04967185097053248,Time limit reached,213311
