seed,dimension,time,solution,dual_gap,rel_dual_gap,termination,ncalls
10,30,5.59,-0.40093688868117483,7.101262050612789e-8,1.7711670467567566e-7,OPTIMAL,365
