seed,dimension,p,k,Ns,time,solution,dual_gap,rel_dual_gap,termination,ncalls
2,90,90,45.0,0.1,1801.643,0.8229861560750843,0.08854716483989822,0.12056435714419084,Time limit reached,25150
