seed,dimension,p,k,time,solution,dual_gap,rel_dual_gap,termination,ncalls
9,29,145,6.0,3.319,3.3511659321044376,0.02950766159897844,0.008883412800464943,OPTIMAL,73
