seed,dimension,p,k,time,solution,dual_gap,rel_dual_gap,termination,ncalls
4,29,145,6.0,24.353,5.521068734094021,0.0539062783695643,0.009860010344693726,OPTIMAL,3598
