seed,dimension,p,k,Ns,time,solution,dual_gap,rel_dual_gap,termination,ncalls
10,50,50,25.0,10.0,1804.332,0.4968821969599621,0.026656627931790966,0.05668902264690326,Time limit reached,45523
