seed,dimension,p,k,time,solution,dual_gap,rel_dual_gap,termination,ncalls
3,29,145,6.0,1801.51,4.6434855914450495,0.09281969051031158,0.020396946849305236,Time limit reached,348622
