seed,dimension,time,solution,dual_gap,rel_dual_gap,termination,ncalls
10,85,22.768,-0.08884046205728446,0.0020400038805722387,0.02296255369830068,OPTIMAL,4695
