seed,dimension,time,solution,dual_gap,rel_dual_gap,termination,ncalls
6,65,18.837,-0.47797514928791607,0.0033136931971363692,0.006932772973810637,OPTIMAL,4281
