seed,n0,m0,M,time,solution,dual_gap,rel_dual_gap,termination,ncalls
5,2,25,20.0,4.29,2.665073778163115,2.8528972073615932e-8,1.0704758949928627e-8,OPTIMAL,41
