seed,dimension,p,k,time,solution,dual_gap,rel_dual_gap,termination,ncalls
7,21,105,5.0,402.594,3.345795262964071,0.03310140694239205,0.00999229279283435,OPTIMAL,65886
