seed,dimension,var_A,p,k,M,time,solution,dual_gap,rel_dual_gap,termination,ncalls
6,5,5,25,5.0,0.1,5.694,0.25909343523391776,0.0021111011375486433,0.008214966001347681,OPTIMAL,422
