seed,dimension,var_A,p,k,M,time,solution,dual_gap,rel_dual_gap,termination,ncalls
1,10,5,50,10.0,0.1,13.873,0.10447247263399045,0.0010305090606724104,0.009962195467625687,OPTIMAL,2561
