seed,dimension,p,k,Ns,time,solution,dual_gap,rel_dual_gap,termination,ncalls
4,50,50,25.0,10.0,8.697,0.3333446555699612,0.0031335714715428065,0.009489601114082698,OPTIMAL,919
