seed,dimension,p,k,time,solution,dual_gap,rel_dual_gap,termination,ncalls
2,22,110,5.0,1800.008,2.06972608450799,0.07500439684634541,0.037601434480953044,Time limit reached,272942
