seed,dimension,time,solution,dual_gap,rel_dual_gap,termination,ncalls
8,105,1800.005,-0.5619626821863641,2.791444949211088,4.967313733984491,Time limit reached,471885
