seed,dimension,p,k,time,solution,dual_gap,rel_dual_gap,termination,ncalls
3,28,140,6.0,1618.632,4.363373393383866,0.043200415827231886,0.009999695857471153,OPTIMAL,283771
