seed,dimension,time,solution,dual_gap,rel_dual_gap,termination,ncalls
4,110,292.372,-0.24010359688189875,0.00030186176769614326,0.0012572146840624878,OPTIMAL,61118
