seed,dimension,time,solution,dual_gap,rel_dual_gap,termination,ncalls
8,110,485.148,32.290039227186206,0.3140417561562039,0.009821171534702654,OPTIMAL,76328
