seed,dimension,p,k,Ns,time,solution,dual_gap,rel_dual_gap,termination,ncalls
7,70,70,35.0,1.0,1801.632,0.5380874348374264,0.04263830334610774,0.08605990128141916,Time limit reached,29531
