seed,dimension,p,k,time,solution,dual_gap,rel_dual_gap,termination,ncalls
7,16,80,4.0,25.316,3.2775182354340826,0.03224493018336716,0.00993596752889694,OPTIMAL,5605
