seed,dimension,p,k,Ns,time,solution,dual_gap,rel_dual_gap,termination,ncalls
8,70,70,35.0,1.0,1801.741,0.840623895935512,0.03206711100711379,0.03965968946751649,Time limit reached,36152
