seed,dimension,time,solution,dual_gap,rel_dual_gap,termination,ncalls
7,80,12.187,-0.2619344386607204,0.0026873597636477564,0.010259665652933295,OPTIMAL,2220
