seed,dimension,time,solution,dual_gap,rel_dual_gap,termination,ncalls
4,50,5.825,-0.34640734713575755,0.0031159301370720094,0.008994988596044043,OPTIMAL,1011
