seed,dimension,time,solution,dual_gap,rel_dual_gap,termination,ncalls
5,105,27.662,-0.3634745311963358,0.0022240833149412276,0.006118952289781916,OPTIMAL,5597
