seed,dimension,time,solution,dual_gap,rel_dual_gap,termination,ncalls
5,90,272.143,-0.7582261998656551,0.002535736722851678,0.003344301111331906,OPTIMAL,68133
