seed,dimension,time,solution,dual_gap,rel_dual_gap,termination,ncalls
10,55,6.825,-0.17411793169873285,0.0005236346888835008,0.0030073564725631966,OPTIMAL,1202
