seed,dimension,time,solution,dual_gap,rel_dual_gap,termination,ncalls
3,25,4.676,-1.727203830897572,0.012457227545677352,0.007212366787771501,OPTIMAL,854
