seed,dimension,time,solution,dual_gap,rel_dual_gap,termination,ncalls
8,65,1800.038,-0.48876588871228854,2.2210326707886776,4.544164644223128,Time limit reached,356667
