seed,dimension,var_A,p,k,M,time,solution,dual_gap,rel_dual_gap,termination,ncalls
2,20,5,100,20.0,1.0,1801.683,0.3515635006174538,0.06902827293464331,0.24431740247321734,Time limit reached,164432
