seed,dimension,p,k,Ns,time,solution,dual_gap,rel_dual_gap,termination,ncalls
10,90,90,45.0,1.0,1802.067,0.08357604955508682,0.0769411160257258,11.596365763913791,Time limit reached,12577
