seed,n0,m0,M,time,solution,dual_gap,rel_dual_gap,termination,ncalls
4,2,23,20.0,4.292,2.116421835990861,3.019439098750354e-8,1.4266717014919683e-8,OPTIMAL,38
