seed,dimension,p,k,Ns,time,solution,dual_gap,rel_dual_gap,termination,ncalls
2,70,70,35.0,1.0,1801.987,0.2843021667961945,0.03601363407915001,0.1450475126057956,Time limit reached,23612
