seed,dimension,p,k,Ns,time,solution,dual_gap,rel_dual_gap,termination,ncalls
5,90,90,45.0,10.0,1809.694,0.3114607989707457,0.052492686714508796,0.20269942216889517,Time limit reached,17053
