seed,dimension,time,solution,dual_gap,rel_dual_gap,termination,ncalls
8,55,8.976,-0.46635445690418204,0.0038366900606859877,0.00822698272501828,OPTIMAL,2010
