seed,dimension,time,solution,dual_gap,rel_dual_gap,termination,ncalls
9,110,411.65,29.181177527822847,0.2373807810029689,0.008201438915544156,OPTIMAL,44257
