seed,dimension,time,solution,dual_gap,rel_dual_gap,termination,ncalls
9,50,1573.976,-0.596084546122059,0.005923278065458781,0.009936976397046006,OPTIMAL,370668
