seed,dimension,time,solution,dual_gap,rel_dual_gap,termination,ncalls
2,60,14.418,-0.8696975605295731,0.004203008043334178,0.004832723735334956,OPTIMAL,1660
