seed,dimension,time,solution,dual_gap,rel_dual_gap,termination,ncalls
7,90,376.155,-0.7214691402564828,0.004454887986019562,0.00617474502712042,OPTIMAL,112571
