seed,dimension,time,solution,dual_gap,rel_dual_gap,termination,ncalls
9,55,5.866,-0.2261471609010025,0.005339402347068756,0.02361030015055602,OPTIMAL,1102
