seed,dimension,time,solution,dual_gap,rel_dual_gap,termination,ncalls
3,105,73.672,-0.6689512019970965,0.0035232593775506027,0.005266840641039606,OPTIMAL,15647
