seed,dimension,time,solution,dual_gap,rel_dual_gap,termination,ncalls
8,45,1800.015,-15.206828878120442,0.37069607322006526,0.024376947764133922,Time limit reached,85755
