seed,dimension,p,k,Ns,time,solution,dual_gap,rel_dual_gap,termination,ncalls
5,90,90,45.0,1.0,1802.117,0.3370039597128762,0.07794468800062354,0.300875886377075,Time limit reached,13596
