seed,dimension,time,solution,dual_gap,rel_dual_gap,termination,ncalls
7,65,127.743,13.91925643146901,0.1324094415999184,0.009604040843944672,OPTIMAL,21712
