seed,dimension,p,k,Ns,time,solution,dual_gap,rel_dual_gap,termination,ncalls
9,90,90,45.0,5.0,1802.038,-1.0019026852592214,0.20483031547749642,0.2044413279763801,Time limit reached,21270
