seed,dimension,time,solution,dual_gap,rel_dual_gap,termination,ncalls
8,80,1800.004,6.5554976835509295,1.1240405816031407,0.20695009838152742,Time limit reached,373053
