seed,dimension,p,k,Ns,time,solution,dual_gap,rel_dual_gap,termination,ncalls
5,90,90,45.0,0.1,1801.88,0.8692761132992008,0.08939054103837729,0.11462007276175341,Time limit reached,20576
