seed,dimension,p,k,Ns,time,solution,dual_gap,rel_dual_gap,termination,ncalls
5,50,50,25.0,0.1,1803.275,0.8281524838722623,0.010985660208584602,0.013443595469688308,Time limit reached,32684
