seed,dimension,p,k,time,solution,dual_gap,rel_dual_gap,termination,ncalls
2,16,80,4.0,88.402,1.5378054301102169,0.014944773662072475,0.009813618599175733,OPTIMAL,12799
