seed,dimension,p,k,Ns,time,solution,dual_gap,rel_dual_gap,termination,ncalls
9,90,90,45.0,1.0,1801.916,-0.8727502667658146,0.21530343033131694,0.24669534748946617,Time limit reached,10324
