seed,dimension,time,solution,dual_gap,rel_dual_gap,termination,ncalls
7,30,3.894,-0.26859629654893963,0.0026606877371828097,0.009905898820529786,OPTIMAL,503
