seed,dimension,p,k,Ns,time,solution,dual_gap,rel_dual_gap,termination,ncalls
6,70,70,35.0,1.0,1801.956,0.12583764119430313,0.05649251110933304,0.814657223082739,Time limit reached,22040
