seed,dimension,time,solution,dual_gap,rel_dual_gap,termination,ncalls
7,70,10.893,0.1538388522326305,0.0005845060477645547,0.0038139606628805377,OPTIMAL,2134
