seed,dimension,time,solution,dual_gap,rel_dual_gap,termination,ncalls
5,85,15.397,-0.20231661537294993,0.0007150041397877283,0.0035340851193545893,OPTIMAL,3986
