seed,dimension,time,solution,dual_gap,rel_dual_gap,termination,ncalls
10,25,3.089,-0.19281140674449104,0.005882409674601796,0.03050861862336299,OPTIMAL,344
