seed,dimension,p,k,Ns,time,solution,dual_gap,rel_dual_gap,termination,ncalls
8,90,90,45.0,5.0,1802.165,-0.6799431985906605,0.10566615855693862,0.15540439080199075,Time limit reached,20513
