seed,dimension,time,solution,dual_gap,rel_dual_gap,termination,ncalls
3,25,4.297,-1.7241865998123402,0.015474458630909016,0.008974932662504887,OPTIMAL,854
