seed,dimension,time,solution,dual_gap,rel_dual_gap,termination,ncalls
2,60,8.246,-0.8676070810921093,0.0062934874807981656,0.007253845223204235,OPTIMAL,1660
