seed,dimension,time,solution,dual_gap,rel_dual_gap,termination,ncalls
8,65,1800.012,-0.48876588871228854,2.3770741953174364,4.863420811914922,Time limit reached,278873
