seed,dimension,time,solution,dual_gap,rel_dual_gap,termination,ncalls
7,70,9.896,0.15383885224871585,0.0005839760122403059,0.0038104889487445637,OPTIMAL,2121
