seed,dimension,time,solution,dual_gap,rel_dual_gap,termination,ncalls
10,95,19.156,-0.03513393825066369,0.0005736716256853347,0.016328133259427526,OPTIMAL,3720
