seed,dimension,p,k,time,solution,dual_gap,rel_dual_gap,termination,ncalls
10,28,140,6.0,9.628,2.982443494398932,0.028654049729453845,0.009700775991722784,OPTIMAL,1049
