seed,dimension,p,k,time,solution,dual_gap,rel_dual_gap,termination,ncalls
9,27,135,6.0,4.109,3.3356267696550654,0.032575848855811884,0.009862351394791505,OPTIMAL,208
