seed,dimension,time,solution,dual_gap,rel_dual_gap,termination,ncalls
2,90,18.259,-0.12366167062700667,0.002533225032439468,0.020485127037303933,OPTIMAL,3945
