seed,dimension,time,solution,dual_gap,rel_dual_gap,termination,ncalls
1,90,1800.02,9.436663323353024,2.238240374602867,0.31093482427168123,Time limit reached,291640
