seed,dimension,p,k,Ns,time,solution,dual_gap,rel_dual_gap,termination,ncalls
2,50,50,25.0,0.1,1802.879,0.8108838922071157,0.0019383727425067443,0.002396172172125551,Time limit reached,53642
