seed,dimension,time,solution,dual_gap,rel_dual_gap,termination,ncalls
9,100,20.887,0.16081072112703088,0.0011871323404949452,0.007437073364404137,OPTIMAL,4032
