seed,dimension,p,k,time,solution,dual_gap,rel_dual_gap,termination,ncalls
7,20,100,4.0,27.789,3.5343833384124004,0.034666132838184094,0.009905409723668301,OPTIMAL,4253
