seed,dimension,p,k,Ns,time,solution,dual_gap,rel_dual_gap,termination,ncalls
6,70,70,35.0,0.1,1804.471,0.7779321759254076,0.004533382278290032,0.005861636086748928,Time limit reached,25494
