seed,dimension,var_A,p,k,M,time,solution,dual_gap,rel_dual_gap,termination,ncalls
1,20,1,100,20.0,0.1,1801.529,0.5596507470165679,0.023261679999874163,0.04336717772651806,Time limit reached,248818
