seed,n0,m0,M,time,solution,dual_gap,rel_dual_gap,termination,ncalls
4,2,18,20.0,4.322,1.4352713939575419,9.017705693281641e-8,6.28292760367265e-8,OPTIMAL,38
