seed,dimension,p,k,Ns,time,solution,dual_gap,rel_dual_gap,termination,ncalls
6,70,70,35.0,1.0,1801.715,0.12583764119430313,0.05646249023072181,0.8138719620280459,Time limit reached,26588
