seed,dimension,time,solution,dual_gap,rel_dual_gap,termination,ncalls
2,35,6.207,-0.26159151538754866,0.0008944843422763471,0.003419393556978198,OPTIMAL,623
