seed,dimension,var_A,p,k,M,time,solution,dual_gap,rel_dual_gap,termination,ncalls
4,5,1,25,5.0,1.0,145.98,0.6305979968193103,0.0062361623212917605,0.00998805816871491,OPTIMAL,45426
