seed,dimension,time,solution,dual_gap,rel_dual_gap,termination,ncalls
1,50,9.324,-0.3987963186469019,0.0016388232738642206,0.0041094242780993434,OPTIMAL,1341
