seed,dimension,time,solution,dual_gap,rel_dual_gap,termination,ncalls
8,30,4.475,-0.19815613477348215,0.0017495972390344783,0.008829387195276553,OPTIMAL,544
