seed,dimension,time,solution,dual_gap,rel_dual_gap,termination,ncalls
2,30,6.991,-5.956176528417322,0.057006659026357376,0.009571015693436007,OPTIMAL,1866
