seed,dimension,p,k,Ns,time,solution,dual_gap,rel_dual_gap,termination,ncalls
5,70,70,35.0,10.0,1807.515,-1.8126693637265012,0.060465264579991684,0.03335702902579358,Time limit reached,21701
