seed,dimension,time,solution,dual_gap,rel_dual_gap,termination,ncalls
9,45,4.109,0.06010751321093799,0.0035830435780557224,0.06338924719377358,OPTIMAL,855
