seed,dimension,time,solution,dual_gap,rel_dual_gap,termination,ncalls
3,105,1800.054,6.638772394916881,3.2332770315856596,0.9494292860886179,Time limit reached,216523
