seed,dimension,p,k,time,solution,dual_gap,rel_dual_gap,termination,ncalls
7,17,85,4.0,17.937,3.1153076201338905,0.030158722963070872,0.009775451353653429,OPTIMAL,2652
