seed,dimension,time,solution,dual_gap,rel_dual_gap,termination,ncalls
4,115,1032.812,32.55709720621315,0.291707784074859,0.009040888372935898,OPTIMAL,115275
