seed,dimension,time,solution,dual_gap,rel_dual_gap,termination,ncalls
9,80,19.654,-0.5735443861838216,0.003437408130157138,0.0059932730804472464,OPTIMAL,3858
