seed,dimension,time,solution,dual_gap,rel_dual_gap,termination,ncalls
4,110,266.487,-0.23983443317053665,0.0004871846057251661,0.0020313371991033022,OPTIMAL,51348
