seed,dimension,time,solution,dual_gap,rel_dual_gap,termination,ncalls
2,20,66.858,-9.114481093385423,0.08742785902941286,0.009592192702320833,OPTIMAL,3660
