seed,dimension,p,k,Ns,time,solution,dual_gap,rel_dual_gap,termination,ncalls
1,70,70,35.0,5.0,1805.256,-1.5677438783529765,0.07865592576408575,0.05017141310525751,Time limit reached,27155
