seed,dimension,p,k,Ns,time,solution,dual_gap,rel_dual_gap,termination,ncalls
8,70,70,35.0,0.1,1801.546,0.9428759082602531,0.03132189418663134,0.03436098541945713,Time limit reached,52774
