seed,dimension,time,solution,dual_gap,rel_dual_gap,termination,ncalls
7,85,538.796,-1.3020688456361809,0.011772913291877352,0.009041698011079588,OPTIMAL,152492
