seed,dimension,p,k,Ns,time,solution,dual_gap,rel_dual_gap,termination,ncalls
10,90,90,45.0,1.0,1802.195,0.08357604955508682,0.07694469179533799,11.603157993130548,Time limit reached,12330
