seed,dimension,p,k,Ns,time,solution,dual_gap,rel_dual_gap,termination,ncalls
5,90,90,45.0,1.0,1801.875,0.3370039597128762,0.07785972712965628,0.3004493920375129,Time limit reached,15849
