seed,dimension,time,solution,dual_gap,rel_dual_gap,termination,ncalls
4,45,55.182,-11.147037034737659,0.11142820973051393,0.009996217773680012,OPTIMAL,19774
