seed,dimension,p,k,time,solution,dual_gap,rel_dual_gap,termination,ncalls
6,28,140,6.0,3.727,5.7140512733941495,0.055999123797025874,0.009897244195780917,OPTIMAL,160
