seed,dimension,p,k,Ns,time,solution,dual_gap,rel_dual_gap,termination,ncalls
8,50,50,25.0,10.0,1804.506,-0.19825926872575683,0.03300870544255036,0.16649262178107707,Time limit reached,34664
