seed,dimension,time,solution,dual_gap,rel_dual_gap,termination,ncalls
2,30,9.428,-5.964209770427987,0.04897341701568969,0.008211216389220897,OPTIMAL,1866
