seed,dimension,p,k,time,solution,dual_gap,rel_dual_gap,termination,ncalls
9,21,105,5.0,3.37,2.420644260855438,0.020455697535392225,0.008522537707244555,OPTIMAL,105
