seed,dimension,time,solution,dual_gap,rel_dual_gap,termination,ncalls
6,35,7.871,-14.004297353544173,0.08237260650582279,0.005881952119859561,OPTIMAL,1943
