seed,dimension,p,k,time,solution,dual_gap,rel_dual_gap,termination,ncalls
4,21,105,5.0,9.487,5.061115465947954,0.048712431765115305,0.009718378875943042,OPTIMAL,1235
