seed,n0,m0,M,time,solution,dual_gap,rel_dual_gap,termination,ncalls
3,3,28,20.0,4.468,3.5124846272613435,3.730080511132883e-8,1.0619492884877792e-8,OPTIMAL,48
