seed,dimension,time,solution,dual_gap,rel_dual_gap,termination,ncalls
7,25,12.693,4.055233437085842,0.013191631120551328,0.0032636058095893445,OPTIMAL,2811
