seed,dimension,p,k,time,solution,dual_gap,rel_dual_gap,termination,ncalls
1,29,145,6.0,482.388,2.0679528885905656,0.020466566697889377,0.00999594794800401,OPTIMAL,65344
