seed,dimension,p,k,time,solution,dual_gap,rel_dual_gap,termination,ncalls
3,20,100,4.0,126.254,3.4232738207320144,0.033868252982342195,0.009992387250614078,OPTIMAL,33662
