seed,dimension,p,k,time,solution,dual_gap,rel_dual_gap,termination,ncalls
7,25,125,5.0,54.536,3.8324391592107374,0.037597196939001876,0.009907447349004957,OPTIMAL,8240
