seed,dimension,time,solution,dual_gap,rel_dual_gap,termination,ncalls
1,120,1800.009,34.22481925672192,13.330887166452474,0.6380267299069488,Time limit reached,199477
