seed,dimension,p,k,Ns,time,solution,dual_gap,rel_dual_gap,termination,ncalls
2,70,70,35.0,0.1,1801.775,0.8635729374480843,0.04677622752318222,0.057267894146492,Time limit reached,42155
