seed,dimension,time,solution,dual_gap,rel_dual_gap,termination,ncalls
8,20,3.226,-4.346418959255628,0.024266527572532226,0.005583108255327539,OPTIMAL,273
