seed,n0,m0,M,time,solution,dual_gap,rel_dual_gap,termination,ncalls
10,2,19,20.0,4.349,2.740546208481591,7.854316841360287e-8,2.865967755681152e-8,OPTIMAL,81
