seed,dimension,p,k,time,solution,dual_gap,rel_dual_gap,termination,ncalls
6,19,95,4.0,4.8,3.882930310924795,0.03748439226919009,0.009747736169514224,OPTIMAL,97
