seed,dimension,time,solution,dual_gap,rel_dual_gap,termination,ncalls
4,80,303.566,15.604545326924146,0.1471288851498631,0.009518336114193148,OPTIMAL,40046
