seed,dimension,p,k,Ns,time,solution,dual_gap,rel_dual_gap,termination,ncalls
3,70,70,35.0,0.1,1804.54,0.6322465991864024,0.007497532830788023,0.01200087080485582,Time limit reached,18386
