seed,dimension,p,k,Ns,time,solution,dual_gap,rel_dual_gap,termination,ncalls
6,50,50,25.0,5.0,1801.769,0.6408230565849934,0.02537403667296889,0.04122849472828146,Time limit reached,70402
