seed,dimension,time,solution,dual_gap,rel_dual_gap,termination,ncalls
7,25,3.435,-0.24333747542663975,0.01156465125090883,0.047525155057324034,OPTIMAL,452
