seed,dimension,p,k,Ns,time,solution,dual_gap,rel_dual_gap,termination,ncalls
2,90,90,45.0,1.0,1807.622,-3908.0273575413075,100.15997523107308,0.02562929224069906,Time limit reached,21324
