seed,dimension,p,k,Ns,time,solution,dual_gap,rel_dual_gap,termination,ncalls
3,50,50,25.0,10.0,1804.02,0.5001688666166761,0.01672461852255902,0.03459472025676695,Time limit reached,58930
