seed,dimension,var_A,p,k,M,time,solution,dual_gap,rel_dual_gap,termination,ncalls
3,20,5,100,20.0,1.0,1801.513,0.2941368280979877,0.08136213199478576,0.38238631512519117,Time limit reached,160466
