seed,dimension,time,solution,dual_gap,rel_dual_gap,termination,ncalls
3,75,168.554,-0.9799788630132426,0.003919537081379709,0.003999613899148704,OPTIMAL,34207
