seed,dimension,p,k,Ns,time,solution,dual_gap,rel_dual_gap,termination,ncalls
10,70,70,35.0,5.0,1802.201,0.9956592914339318,0.016624917362371483,0.01698093325695255,Time limit reached,27989
