seed,n0,m0,M,time,solution,dual_gap,rel_dual_gap,termination,ncalls
2,2,23,20.0,4.18,3.903034787427202,7.935936086056472e-8,2.033273255206352e-8,OPTIMAL,16
