seed,dimension,p,k,time,solution,dual_gap,rel_dual_gap,termination,ncalls
2,15,75,3.0,12.773,1.5912331179212327,0.014949562292886132,0.009484056494471807,OPTIMAL,1833
