seed,dimension,time,solution,dual_gap,rel_dual_gap,termination,ncalls
5,75,11.31,-0.26219863391171794,4.3762830689464405e-5,0.00016690716513877534,OPTIMAL,2431
