seed,dimension,time,solution,dual_gap,rel_dual_gap,termination,ncalls
5,25,3.323,-0.3023614318841186,0.00793071577497445,0.026229257235472852,OPTIMAL,315
