seed,dimension,time,solution,dual_gap,rel_dual_gap,termination,ncalls
8,30,3.671,-0.19815611131086186,0.0017496207016547694,0.008829506645444875,OPTIMAL,544
