seed,dimension,time,solution,dual_gap,rel_dual_gap,termination,ncalls
7,85,533.881,-1.2977319880356264,0.009545834824997712,0.007355782945172845,OPTIMAL,146971
