seed,dimension,time,solution,dual_gap,rel_dual_gap,termination,ncalls
7,115,1800.004,10.372055177712,0.14638737567268656,0.014315678790532626,Time limit reached,241951
