seed,dimension,var_A,p,k,M,time,solution,dual_gap,rel_dual_gap,termination,ncalls
1,10,5,50,10.0,1.0,1801.934,0.089197602821745,0.02728117664493304,0.44061290887538324,Time limit reached,452365
