seed,dimension,p,k,time,solution,dual_gap,rel_dual_gap,termination,ncalls
2,19,95,4.0,275.163,2.098437741911695,0.020729942865411743,0.009977313881637868,OPTIMAL,38639
