seed,dimension,time,solution,dual_gap,rel_dual_gap,termination,ncalls
6,45,10.194,-0.3967909072404304,0.004400043036705492,0.011089072245396344,OPTIMAL,2625
