seed,dimension,time,solution,dual_gap,rel_dual_gap,termination,ncalls
5,40,4.757,-0.27319647883515,0.000718707588810652,0.002630735183246372,OPTIMAL,877
