seed,dimension,time,solution,dual_gap,rel_dual_gap,termination,ncalls
7,35,63.215,1.780976860022543,0.013752431001187171,0.007781938035342188,OPTIMAL,15390
