seed,dimension,var_A,p,k,M,time,solution,dual_gap,rel_dual_gap,termination,ncalls
2,5,5,25,5.0,1.0,46.656,0.15519907526447277,0.001505857613548045,0.00979781435097689,OPTIMAL,14910
