seed,dimension,p,k,Ns,time,solution,dual_gap,rel_dual_gap,termination,ncalls
7,90,90,45.0,1.0,1802.153,0.11566953655749482,0.052292956379991457,0.8251148331691422,Time limit reached,12851
