seed,dimension,time,solution,dual_gap,rel_dual_gap,termination,ncalls
3,55,9.539,-1.173158812250498,0.0030402976825223416,0.002591548263350695,OPTIMAL,1163
