seed,dimension,p,k,time,solution,dual_gap,rel_dual_gap,termination,ncalls
1,21,105,5.0,30.331,1.761794051506944,0.01738882514884499,0.009968340432657782,OPTIMAL,5514
