seed,dimension,time,solution,dual_gap,rel_dual_gap,termination,ncalls
5,50,1800.007,3.1254173703878543,1.0657246292980709,0.5174192286244579,Time limit reached,399831
