seed,dimension,time,solution,dual_gap,rel_dual_gap,termination,ncalls
6,70,183.058,19.20500127073272,0.12804982047906321,0.0067122789934741175,OPTIMAL,26611
