seed,dimension,p,k,time,solution,dual_gap,rel_dual_gap,termination,ncalls
5,25,125,5.0,28.453,6.02536276274717,0.05933078021261995,0.00994476402176685,OPTIMAL,4325
