seed,dimension,time,solution,dual_gap,rel_dual_gap,termination,ncalls
8,95,32.62,-0.8063456784425038,0.00742763084776521,0.009211472258538102,OPTIMAL,5092
