seed,dimension,p,k,time,solution,dual_gap,rel_dual_gap,termination,ncalls
9,30,150,6.0,6.075,2.6758642589822386,0.025552420803721887,0.009641288408266453,OPTIMAL,340
