seed,dimension,time,solution,dual_gap,rel_dual_gap,termination,ncalls
9,100,15.568,0.16081072112773442,0.0011874361430134206,0.0074389907658339504,OPTIMAL,4007
