seed,dimension,p,k,time,solution,dual_gap,rel_dual_gap,termination,ncalls
3,21,105,5.0,136.914,3.718586133585336,0.036767891278153275,0.009986340676913199,OPTIMAL,21428
