seed,dimension,p,k,Ns,time,solution,dual_gap,rel_dual_gap,termination,ncalls
5,50,50,25.0,0.1,1803.689,0.8281524838722623,0.011010674928785713,0.013474619470299732,Time limit reached,29088
