seed,dimension,p,k,Ns,time,solution,dual_gap,rel_dual_gap,termination,ncalls
5,70,70,35.0,0.1,1807.837,0.47050647046820804,0.02209367203568896,0.04927083284179232,Time limit reached,19300
