seed,dimension,var_A,p,k,M,time,solution,dual_gap,rel_dual_gap,termination,ncalls
2,10,5,50,10.0,0.1,1769.005,0.3194128293759913,0.0031609415243498695,0.009995012348614708,OPTIMAL,476428
