seed,dimension,time,solution,dual_gap,rel_dual_gap,termination,ncalls
3,85,12.363,-0.2791357029387572,0.000876778817133661,0.003141048629404557,OPTIMAL,2805
