seed,dimension,time,solution,dual_gap,rel_dual_gap,termination,ncalls
10,30,3.235,-0.40093635132708866,0.018139654475654077,0.04524322729932645,OPTIMAL,365
