seed,dimension,time,solution,dual_gap,rel_dual_gap,termination,ncalls
10,120,18.92,-0.16986868574065211,0.0008745044924190204,0.005148120671011575,OPTIMAL,5432
