seed,dimension,p,k,time,solution,dual_gap,rel_dual_gap,termination,ncalls
8,20,100,4.0,3.652,2.405830473312482,0.0229118870058862,0.009615052372141037,OPTIMAL,152
