seed,dimension,p,k,time,solution,dual_gap,rel_dual_gap,termination,ncalls
8,29,145,6.0,5.91,3.7775892964014806,0.03484338063990222,0.009309576825177631,OPTIMAL,287
