seed,dimension,p,k,time,solution,dual_gap,rel_dual_gap,termination,ncalls
1,30,150,6.0,202.53,2.018248504661952,0.019962531877763867,0.0099898273568674,OPTIMAL,25415
