seed,dimension,time,solution,dual_gap,rel_dual_gap,termination,ncalls
1,40,125.054,8.098852387127241,0.07735453567815398,0.009643402904381487,OPTIMAL,23461
