seed,dimension,time,solution,dual_gap,rel_dual_gap,termination,ncalls
10,55,12.89,-0.17411793714360813,0.0005236292440085333,0.003007325107330309,OPTIMAL,1202
