seed,dimension,time,solution,dual_gap,rel_dual_gap,termination,ncalls
7,55,688.206,2.772584460167434,0.02738131502224217,0.00997424000138758,OPTIMAL,113430
