seed,dimension,time,solution,dual_gap,rel_dual_gap,termination,ncalls
10,110,1353.373,16.021867017006713,0.1484092407553046,0.009349521877794174,OPTIMAL,197297
