seed,dimension,p,k,Ns,time,solution,dual_gap,rel_dual_gap,termination,ncalls
10,50,50,25.0,1.0,1804.123,0.48822045926401125,0.017980740337102785,0.038237391724661215,Time limit reached,36868
