seed,dimension,var_A,p,k,M,time,solution,dual_gap,rel_dual_gap,termination,ncalls
1,15,5,75,15.0,1.0,1802.04,0.3263226890288446,0.07274850237933356,0.28689238183335347,Time limit reached,200546
