seed,dimension,time,solution,dual_gap,rel_dual_gap,termination,ncalls
7,45,43.656,-2.0851636346209403,0.015244681366875401,0.007311023995316663,OPTIMAL,17695
