seed,dimension,p,k,time,solution,dual_gap,rel_dual_gap,termination,ncalls
7,26,130,6.0,810.506,4.2778127290278665,0.0423049711545751,0.009988169913261362,OPTIMAL,132088
