seed,dimension,p,k,time,solution,dual_gap,rel_dual_gap,termination,ncalls
2,27,135,6.0,1800.018,1.99587137983872,0.16520563673489153,0.09024347418813401,Time limit reached,243834
