seed,dimension,time,solution,dual_gap,rel_dual_gap,termination,ncalls
4,65,7.883,-0.1380396762231046,0.004810044637658828,0.03484537757017529,OPTIMAL,1741
