seed,dimension,var_A,p,k,M,time,solution,dual_gap,rel_dual_gap,termination,ncalls
4,15,5,75,15.0,1.0,1802.028,0.2936083974924888,0.07638065670536653,0.35161557372277635,Time limit reached,208191
