seed,dimension,p,k,Ns,time,solution,dual_gap,rel_dual_gap,termination,ncalls
5,50,50,25.0,1.0,1804.074,0.4646934320249824,0.016857447624477384,0.03764201228055307,Time limit reached,35590
