seed,dimension,p,k,Ns,time,solution,dual_gap,rel_dual_gap,termination,ncalls
7,70,70,35.0,0.1,1801.545,0.8950657649385793,0.05584890635240636,0.06654883750368755,Time limit reached,41037
