seed,dimension,p,k,Ns,time,solution,dual_gap,rel_dual_gap,termination,ncalls
6,90,90,45.0,1.0,15.076,-4140.820608083946,23105.994350311805,5.5800520083393526,OPTIMAL,26
