seed,dimension,time,solution,dual_gap,rel_dual_gap,termination,ncalls
7,50,116.37,-0.6237549152980717,0.003193051524285173,0.00511908034064841,OPTIMAL,33094
