seed,dimension,time,solution,dual_gap,rel_dual_gap,termination,ncalls
5,70,207.951,10.332124649947328,0.0970824956340266,0.009485304913288865,OPTIMAL,33079
