seed,dimension,p,k,time,solution,dual_gap,rel_dual_gap,termination,ncalls
3,15,75,3.0,35.723,3.3580743194150378,0.03320133257124036,0.009985744629227895,OPTIMAL,6057
