seed,n0,m0,M,time,solution,dual_gap,rel_dual_gap,termination,ncalls
5,3,30,20.0,4.262,1.7053798648507583,3.100885770379591e-8,1.8182962580212277e-8,OPTIMAL,114
