seed,dimension,time,solution,dual_gap,rel_dual_gap,termination,ncalls
8,20,4.653,-4.353810825089153,0.016874661739007202,0.0038758371497828368,OPTIMAL,273
