seed,dimension,p,k,Ns,time,solution,dual_gap,rel_dual_gap,termination,ncalls
5,70,70,35.0,5.0,1801.667,-1.7072530576030664,0.1658936832598643,0.09716994356582041,Time limit reached,36326
