seed,n0,m0,M,time,solution,dual_gap,rel_dual_gap,termination,ncalls
3,3,27,20.0,4.585,3.397482390624811,4.3236347391228946e-8,1.2725996184928923e-8,OPTIMAL,98
