seed,dimension,time,solution,dual_gap,rel_dual_gap,termination,ncalls
10,65,7.106,-0.19471070601015644,0.000770094289749973,0.003955069063895251,OPTIMAL,1576
