seed,dimension,time,solution,dual_gap,rel_dual_gap,termination,ncalls
2,50,31.316,8.80701698090926,0.08177606912066793,0.009372356585613703,OPTIMAL,9040
