seed,dimension,p,k,Ns,time,solution,dual_gap,rel_dual_gap,termination,ncalls
8,70,70,35.0,5.0,1802.139,0.8410960485290357,0.03276808434258649,0.040538105564077935,Time limit reached,31551
