seed,dimension,p,k,time,solution,dual_gap,rel_dual_gap,termination,ncalls
4,25,125,5.0,6.799,4.560058701673463,0.04493344537348776,0.00995176054325224,OPTIMAL,646
