seed,dimension,time,solution,dual_gap,rel_dual_gap,termination,ncalls
9,40,1173.079,1.4054397997756456,0.013548819886808783,0.009734109986035586,OPTIMAL,219398
