seed,dimension,time,solution,dual_gap,rel_dual_gap,termination,ncalls
3,70,595.026,-11.582346508168106,0.07922458766486606,0.006840115481694083,OPTIMAL,180579
