seed,dimension,time,solution,dual_gap,rel_dual_gap,termination,ncalls
1,30,3.301,-30.328175330749765,0.1525313237659347,0.005029360391862515,OPTIMAL,304
