seed,dimension,p,k,Ns,time,solution,dual_gap,rel_dual_gap,termination,ncalls
7,70,70,35.0,0.1,1801.786,0.8950657649385793,0.05585197183303092,0.06655273339389263,Time limit reached,39373
