seed,dimension,p,k,time,solution,dual_gap,rel_dual_gap,termination,ncalls
9,20,100,4.0,3.598,2.018599533665041,0.013865113938186013,0.006916184907961591,OPTIMAL,130
