seed,dimension,time,solution,dual_gap,rel_dual_gap,termination,ncalls
6,85,663.485,11.42831227230554,0.11149091947309664,0.009851787529118501,OPTIMAL,83358
