seed,dimension,p,k,time,solution,dual_gap,rel_dual_gap,termination,ncalls
1,29,145,6.0,383.644,2.0679355073617574,0.020449185469081144,0.009987458890654818,OPTIMAL,65344
