seed,dimension,var_A,p,k,M,time,solution,dual_gap,rel_dual_gap,termination,ncalls
1,15,1,75,15.0,0.1,1801.653,0.6931471805599453,0.06991990704576267,0.11219006294687058,Time limit reached,248900
