seed,dimension,time,solution,dual_gap,rel_dual_gap,termination,ncalls
9,25,6.578,-0.42717217971004284,0.006765136350612377,0.015837024675165963,OPTIMAL,756
