seed,dimension,time,solution,dual_gap,rel_dual_gap,termination,ncalls
8,60,63.924,-2.9617523392942378,0.0293096480023598,0.009896049583046521,OPTIMAL,19945
