seed,dimension,time,solution,dual_gap,rel_dual_gap,termination,ncalls
2,55,1800.009,1.7526932412468637,1.3504791232874838,3.3576124332459916,Time limit reached,331923
