seed,dimension,time,solution,dual_gap,rel_dual_gap,termination,ncalls
1,105,22.153,-0.09952201018839468,2.7917460945714456e-5,0.0002805154447028033,OPTIMAL,3884
