seed,dimension,time,solution,dual_gap,rel_dual_gap,termination,ncalls
1,105,397.944,24.383439443446974,0.23880348727355738,0.00989053998192501,OPTIMAL,67462
