seed,dimension,time,solution,dual_gap,rel_dual_gap,termination,ncalls
9,110,289.759,29.181177527822847,0.23738078100307547,0.008201438915547869,OPTIMAL,44257
