seed,dimension,time,solution,dual_gap,rel_dual_gap,termination,ncalls
8,25,3.838,-11.005401381370271,0.06755003454936492,0.006137898310888715,OPTIMAL,989
