seed,dimension,time,solution,dual_gap,rel_dual_gap,termination,ncalls
7,30,37.972,6.586997625277683,0.06402367834310851,0.00981510563493757,OPTIMAL,9004
