seed,dimension,time,solution,dual_gap,rel_dual_gap,termination,ncalls
8,85,1800.015,-22.066330653474136,8.260290740259201,0.37433911736289044,Time limit reached,273727
