seed,dimension,time,solution,dual_gap,rel_dual_gap,termination,ncalls
7,65,6.209,0.1876270205221231,0.0007626742596689717,0.004081432734084987,OPTIMAL,1863
