seed,dimension,time,solution,dual_gap,rel_dual_gap,termination,ncalls
3,60,140.048,19.405259896663715,0.18487899077644698,0.009618903583737922,OPTIMAL,17293
