seed,dimension,time,solution,dual_gap,rel_dual_gap,termination,ncalls
5,50,14.527,-2.0856814136848376,0.005355711684104314,0.002567847442549825,OPTIMAL,3888
