seed,dimension,p,k,time,solution,dual_gap,rel_dual_gap,termination,ncalls
9,28,140,6.0,10.177,2.6332114394326687,0.02595235720393907,0.009953885051482706,OPTIMAL,1258
