seed,dimension,p,k,Ns,time,solution,dual_gap,rel_dual_gap,termination,ncalls
10,70,70,35.0,1.0,1802.13,0.9969404444481795,0.01785443683806709,0.018235820652415052,Time limit reached,35545
