seed,dimension,time,solution,dual_gap,rel_dual_gap,termination,ncalls
8,50,8.381,-0.23031351595835514,0.0013008990349999972,0.005648383376836743,OPTIMAL,1005
