seed,dimension,time,solution,dual_gap,rel_dual_gap,termination,ncalls
9,30,3.267,-0.06041778974390477,0.004192787703054868,0.06939657542632724,OPTIMAL,446
