seed,dimension,p,k,time,solution,dual_gap,rel_dual_gap,termination,ncalls
5,19,95,4.0,7.229,5.052999834779796,0.049449033161979905,0.009882788268281671,OPTIMAL,828
