seed,dimension,time,solution,dual_gap,rel_dual_gap,termination,ncalls
10,80,818.79,16.12715391439087,0.14832193879388988,0.009282401806365354,OPTIMAL,119996
