seed,dimension,p,k,time,solution,dual_gap,rel_dual_gap,termination,ncalls
2,17,85,4.0,250.663,1.9730825424630343,0.019367795735669713,0.009913318087050522,OPTIMAL,37350
