seed,dimension,p,k,time,solution,dual_gap,rel_dual_gap,termination,ncalls
3,21,105,5.0,98.541,3.7183894561199775,0.036571213812794934,0.00993292210695275,OPTIMAL,21428
