seed,dimension,var_A,p,k,M,time,solution,dual_gap,rel_dual_gap,termination,ncalls
3,5,1,25,5.0,0.1,6.778,0.6595374915715047,0.006474431444585815,0.009913945283212848,OPTIMAL,1444
