seed,dimension,p,k,Ns,time,solution,dual_gap,rel_dual_gap,termination,ncalls
10,70,70,35.0,0.1,1801.694,0.9971627249381513,0.01789515778616102,0.018274022735385403,Time limit reached,50621
