seed,dimension,time,solution,dual_gap,rel_dual_gap,termination,ncalls
6,35,9.642,-13.95470838156405,0.12907541845088844,0.009249596259669141,OPTIMAL,1994
