seed,dimension,time,solution,dual_gap,rel_dual_gap,termination,ncalls
8,95,1800.035,5.344341677759064,0.2861658992147058,0.05657492181836722,Time limit reached,256324
