seed,dimension,p,k,time,solution,dual_gap,rel_dual_gap,termination,ncalls
7,26,130,6.0,654.616,4.277812685027019,0.04230492715372769,0.009988159524696418,OPTIMAL,132088
