seed,dimension,time,solution,dual_gap,rel_dual_gap,termination,ncalls
7,120,1642.328,21.219554761597536,0.204746886016256,0.009742981578916414,OPTIMAL,227167
