seed,dimension,time,solution,dual_gap,rel_dual_gap,termination,ncalls
2,100,1800.001,5.673555409956627,1.154833008644462,0.2555662654358048,Time limit reached,297985
