seed,dimension,time,solution,dual_gap,rel_dual_gap,termination,ncalls
9,55,113.055,8.825817352755093,0.04029360884411837,0.0045863638888967604,OPTIMAL,12762
