seed,dimension,time,solution,dual_gap,rel_dual_gap,termination,ncalls
4,35,5.556,0.1346594842784854,0.0008239503628659772,0.006156439465362474,OPTIMAL,773
