seed,dimension,var_A,p,k,M,time,solution,dual_gap,rel_dual_gap,termination,ncalls
2,10,1,50,10.0,1.0,1802.034,0.6484994987895611,0.019286636950384906,0.030652006848700553,Time limit reached,290504
