seed,dimension,p,k,time,solution,dual_gap,rel_dual_gap,termination,ncalls
7,27,135,6.0,1800.011,4.246649406095463,0.134891102916324,0.03280618484117332,Time limit reached,299655
