seed,dimension,time,solution,dual_gap,rel_dual_gap,termination,ncalls
1,115,31.548,-0.0843021938027737,0.001368561475828367,0.016233995986274542,OPTIMAL,6375
