seed,dimension,p,k,Ns,time,solution,dual_gap,rel_dual_gap,termination,ncalls
5,70,70,35.0,0.1,1806.43,0.47050647046820804,0.02185865828202299,0.048721196645336216,Time limit reached,22932
