seed,dimension,p,k,time,solution,dual_gap,rel_dual_gap,termination,ncalls
9,18,90,4.0,3.137,1.835192389005201,0.0140521910312148,0.007716150050857054,OPTIMAL,75
