seed,dimension,p,k,time,solution,dual_gap,rel_dual_gap,termination,ncalls
2,28,140,6.0,1800.023,1.9495269184815265,0.44128451322574813,0.29258195611527843,Time limit reached,270240
