seed,dimension,time,solution,dual_gap,rel_dual_gap,termination,ncalls
10,45,3.705,-0.16349233947143238,0.0021112869835549497,0.012913675285219481,OPTIMAL,777
