seed,dimension,time,solution,dual_gap,rel_dual_gap,termination,ncalls
4,60,6.377,-0.4172544496640266,0.0038992685405166982,0.009345061613258746,OPTIMAL,1305
