seed,dimension,time,solution,dual_gap,rel_dual_gap,termination,ncalls
6,80,18.916,-0.5385797122878083,0.0019622140078214834,0.0036433121468431914,OPTIMAL,4267
