seed,dimension,time,solution,dual_gap,rel_dual_gap,termination,ncalls
5,20,3.08,-10.268611359723701,0.06282179896295581,0.006117847561098676,OPTIMAL,240
