seed,dimension,p,k,Ns,time,solution,dual_gap,rel_dual_gap,termination,ncalls
10,50,50,25.0,10.0,1805.036,0.4968821969599621,0.026670887770506913,0.05672106827137331,Time limit reached,40635
