seed,dimension,p,k,time,solution,dual_gap,rel_dual_gap,termination,ncalls
3,29,145,6.0,1800.008,4.6434855914450495,0.12350120531191333,0.027323369897206455,Time limit reached,269981
