seed,dimension,time,solution,dual_gap,rel_dual_gap,termination,ncalls
6,55,260.321,3.8232969275369757,0.03773232454225406,0.009967423224637192,OPTIMAL,62448
