seed,dimension,time,solution,dual_gap,rel_dual_gap,termination,ncalls
2,105,20.581,-0.03647105005220985,0.0003236069903789218,0.008872982541376372,OPTIMAL,3817
