seed,dimension,time,solution,dual_gap,rel_dual_gap,termination,ncalls
9,90,1194.396,-1.8342970499247038,0.01794618845122109,0.009783687136147204,OPTIMAL,377496
