seed,dimension,p,k,time,solution,dual_gap,rel_dual_gap,termination,ncalls
5,30,150,6.0,64.989,6.19206643854921,0.061194723199289314,0.009981406566716363,OPTIMAL,9460
