seed,dimension,time,solution,dual_gap,rel_dual_gap,termination,ncalls
3,45,5.503,-0.5459655532441108,0.002621839368200818,0.004802206572597717,OPTIMAL,1403
