seed,dimension,time,solution,dual_gap,rel_dual_gap,termination,ncalls
4,85,1800.009,-5.085482853753632,2.5740638243574825,0.5061591786623658,Time limit reached,529679
