seed,dimension,p,k,time,solution,termination,ncalls
1,30,30,15.0,2.296,-4.512679550815837,OPTIMAL,5
1,30,30,15.0,2.308,-4.512679550815837,OPTIMAL,5
