seed,dimension,p,k,time,solution,dual_gap,rel_dual_gap,termination,ncalls
2,18,90,4.0,87.702,1.9086114227602864,0.018881291450203896,0.009991527963368066,OPTIMAL,21465
