seed,dimension,time,solution,dual_gap,rel_dual_gap,termination,ncalls
2,80,189.682,11.009298728836544,0.10420258298484342,0.00955540250091991,OPTIMAL,36703
