seed,dimension,time,lowerBound,upperBound,termination,LMOcalls,localTighteings,globalTightenings,list_active_set_size_cb,list_discarded_set_size_cb
8,24,1454.0,3.1554631640031428,3.2150222899024037,OPTIMAL,19,111,111,4,1
8,24,2500.0,3.1554631640031428,3.2150222899024037,OPTIMAL,29,0,0,6,1
8,24,2541.0,3.1613110529304107,3.2150222899024037,OPTIMAL,39,1,0,4,0
8,24,2587.0,3.1613110529304107,3.2150222899024037,OPTIMAL,50,0,0,3,3
8,24,2633.0,3.167323387754611,3.2150222899024037,OPTIMAL,63,0,0,5,1
8,24,2667.0,3.167323387754611,3.2150222899024037,OPTIMAL,70,0,0,4,3
8,24,2715.0,3.17495056409773,3.2150222899024037,OPTIMAL,82,1,0,4,1
8,24,2747.0,3.17495056409773,3.2150222899024037,OPTIMAL,89,0,0,3,0
8,24,2800.0,3.184015271719392,3.2150222899024037,OPTIMAL,98,1,0,4,1
