seed,dimension,time,solution,dual_gap,rel_dual_gap,termination,ncalls
6,40,124.048,1.8831084459233223,0.01703904824633007,0.009130983160401973,OPTIMAL,32017
