seed,dimension,time,lowerBound,upperBound,termination,LMOcalls,localTighteings,globalTightenings,list_active_set_size_cb,list_discarded_set_size_cb
8,16,6297.0,2.155441332535031,2.1846094438653862,OPTIMAL,13,76,76,1,0
8,16,7384.0,2.155441332535031,2.1846094438653862,OPTIMAL,18,0,0,1,1
8,16,7415.0,2.157136997788331,2.1846094438653862,OPTIMAL,23,0,0,1,0
8,16,7433.0,2.157136997788331,2.1846094438653862,OPTIMAL,28,0,0,2,0
8,16,7466.0,2.1735338864387206,2.1846094438653862,OPTIMAL,36,0,0,1,0
