seed,dimension,time_boscia,time_scip
1,15,48.67,0.474066
1,15,31.787,0.474066
1,30,985.826,0.134099
1,30,538.857,0.134099
1,5,5.187,0.16644199999999998
1,30,976.155,0.131137
2,30,514.589,-Inf
5,5,6.073,0.18681699999999998
5,5,0.691,0.18681699999999998
5,5,6.651,0.189113
5,5,0.779,0.189113
1,5,5.134,0.15211
1,5,0.169,0.15211
1,5,0.196,0.15211
1,5,0.27,0.017306
1,5,5.105,0.163433
1,5,0.174,0.163433
1,5,0.195,0.163433
