seed,dimension,time,solution,dual_gap,rel_dual_gap,termination,ncalls
7,45,1800.009,-0.5399877770592774,0.0773754341050159,0.14329108433971458,Time limit reached,505906
