seed,dimension,p,k,time,solution,dual_gap,rel_dual_gap,termination,ncalls
2,26,130,6.0,1800.091,1.731060740623391,0.05862846914638542,0.03505581071729009,Time limit reached,366739
