seed,dimension,p,k,time,solution,dual_gap,rel_dual_gap,termination,ncalls
6,19,95,4.0,0.405,3.882930310924795,0.037484392269190536,0.009747736169514342,OPTIMAL,103
