seed,dimension,p,k,time,solution,dual_gap,rel_dual_gap,termination,ncalls
3,30,150,6.0,1800.029,4.319300767044491,0.09542179536346129,0.022591034450375146,Time limit reached,324028
