seed,dimension,time,lowerBound,upperBound,termination,LMOcalls,localTighteings,globalTightenings,list_active_set_size_cb,list_discarded_set_size_cb
6,15,6374.0,3.3838616490923297,3.4208886298393053,OPTIMAL,14,68,68,5,1
6,15,7462.0,3.3838616490923297,3.4208886298393053,OPTIMAL,19,0,0,5,1
6,15,7486.0,3.3852626189602213,3.4208886298393053,OPTIMAL,27,4,0,3,1
6,15,7516.0,3.3852626189602213,3.4208886298393053,OPTIMAL,31,0,0,4,1
6,15,7534.0,3.3852626189602213,3.4208886298393053,OPTIMAL,37,4,0,2,1
6,15,7547.0,3.3852626189602213,3.4208886298393053,OPTIMAL,41,0,0,2,1
6,15,7597.0,3.386515296635107,3.4208886298393053,OPTIMAL,48,3,0,1,2
6,15,7616.0,3.386515296635107,3.4208886298393053,OPTIMAL,55,0,0,1,1
6,15,7637.0,3.3991808920019273,3.4208886298393053,OPTIMAL,62,1,0,1,0
