seed,dimension,time,lowerBound,upperBound,termination,LMOcalls,localTighteings,globalTightenings,list_active_set_size_cb,list_discarded_set_size_cb
10,23,1750.0,2.971956338591941,3.034468529743283,OPTIMAL,21,103,0,6,1
10,23,2951.0,2.971956338591941,3.034468529743283,OPTIMAL,27,0,0,3,2
10,23,3025.0,2.98780236429475,3.034468529743283,OPTIMAL,40,1,0,6,0
10,23,3098.0,2.98780236429475,3.034468529743283,OPTIMAL,49,1,0,4,2
10,23,3155.0,2.9906590177402324,3.034468529743283,OPTIMAL,59,3,0,2,0
10,23,3201.0,2.9906590177402324,3.034468529743283,OPTIMAL,67,0,0,3,2
10,23,3242.0,3.0001366951495028,3.034468529743283,OPTIMAL,74,2,0,2,0
10,23,3288.0,3.0001366951495028,3.034468529743283,OPTIMAL,82,0,0,2,1
10,23,3334.0,3.0044894388290944,3.034468529743283,OPTIMAL,90,0,0,4,0
