seed,dimension,time,solution,dual_gap,rel_dual_gap,termination,ncalls
5,95,1800.024,6.790135936528818,1.8612931758656535,0.37763289807508904,Time limit reached,196518
