seed,dimension,time,solution,dual_gap,rel_dual_gap,termination,ncalls
4,65,89.687,15.88525578180656,0.14757883207163403,0.009377421619657768,OPTIMAL,16483
