seed,dimension,time,solution,dual_gap,rel_dual_gap,termination,ncalls
5,20,0.35,-10.31894143962969,0.013364987842457765,0.0012951898138630572,OPTIMAL,243
