seed,dimension,time,lowerBound,upperBound,termination,LMOcalls,localTighteings,globalTightenings,list_active_set_size_cb,list_discarded_set_size_cb
10,17,6423.0,3.2185625973802976,3.263724871380578,OPTIMAL,18,75,75,6,1
10,17,7543.0,3.2185625973802976,3.263724871380578,OPTIMAL,23,0,0,7,1
10,17,7571.0,3.2222640225879546,3.263724871380578,OPTIMAL,30,3,0,5,0
10,17,7638.0,3.2222640225879546,3.263724871380578,OPTIMAL,33,0,0,4,1
10,17,7695.0,3.2222640225879546,3.263724871380578,OPTIMAL,42,2,0,4,0
10,17,7740.0,3.2222640225879546,3.263724871380578,OPTIMAL,46,0,0,1,1
10,17,7800.0,3.228313447741659,3.263724871380578,OPTIMAL,55,1,0,4,0
10,17,7843.0,3.228313447741659,3.263724871380578,OPTIMAL,61,0,0,1,1
10,17,7887.0,3.2460138311232374,3.263724871380578,OPTIMAL,67,0,0,3,0
