seed,n0,m0,M,time,solution,dual_gap,rel_dual_gap,termination,ncalls
1,1,10,20.0,0.036,2.5931633756233925,8.069115287057116e-8,3.1116880694811645e-8,OPTIMAL,25
