seed,dimension,var_A,p,k,M,time,solution,dual_gap,rel_dual_gap,termination,ncalls
1,20,1,100,20.0,0.1,1800.113,0.5596507470165679,0.021968780714158198,0.040858317910930725,Time limit reached,409089
