seed,dimension,time,solution,dual_gap,rel_dual_gap,termination,ncalls
6,115,1800.214,-10.19640951109373,3.8893576439267576,0.3814438444920364,Time limit reached,375358
