seed,dimension,p,k,time,solution,dual_gap,rel_dual_gap,termination,ncalls
3,24,120,5.0,1755.914,4.032486027759986,0.039919058420223585,0.00999834410462622,OPTIMAL,469737
