seed,dimension,time,lowerBound,upperBound,termination,LMOcalls,localTighteings,globalTightenings,list_active_set_size_cb,list_discarded_set_size_cb
6,15,1596.0,3.3838616490923297,3.4208886298393053,OPTIMAL,14,0,0,3,1
6,15,2777.0,3.3838616490923297,3.4208886298393053,OPTIMAL,22,0,0,3,1
6,15,2833.0,3.386953993230633,3.4208886298393053,OPTIMAL,29,0,0,1,0
6,15,2873.0,3.386953993230633,3.4208886298393053,OPTIMAL,37,0,0,3,1
6,15,2913.0,3.389413670795794,3.4208886298393053,OPTIMAL,45,0,0,3,2
