seed,dimension,time,solution,dual_gap,rel_dual_gap,termination,ncalls
2,70,455.436,-1.272928731524697,0.010512716551820844,0.008258684317093583,OPTIMAL,123794
