seed,dimension,time,lowerBound,upperBound,termination,LMOcalls,localTighteings,globalTightenings,list_active_set_size_cb,list_discarded_set_size_cb
9,29,1767.0,3.2916385023190102,3.3511659321044376,OPTIMAL,22,0,136,4,4
9,29,3011.0,3.2916385023190102,3.3511659321044376,OPTIMAL,34,0,0,4,5
9,29,3101.0,3.310278317179771,3.3511659321044376,OPTIMAL,47,0,0,4,3
9,29,3173.0,3.310278317179771,3.3511659321044376,OPTIMAL,57,0,0,3,4
9,29,3240.0,3.312542145964402,3.3511659321044376,OPTIMAL,67,0,0,3,3
9,29,3326.0,3.312542145964402,3.3511659321044376,OPTIMAL,76,0,0,5,4
9,29,3399.0,3.3233984262732137,3.3511659321044376,OPTIMAL,87,0,0,4,1
