seed,dimension,var_A,p,k,M,time,solution,dual_gap,rel_dual_gap,termination,ncalls
2,10,5,50,10.0,1.0,1800.095,0.32377626233307705,0.05535121834966594,0.2062073550524842,Time limit reached,525442
