seed,dimension,time,lowerBound,upperBound,termination,LMOcalls,localTighteings,globalTightenings,list_active_set_size_cb,list_discarded_set_size_cb
6,15,6369.0,3.3838616490923297,3.4208886298393053,OPTIMAL,14,68,68,5,1
6,15,7480.0,3.3838616490923297,3.4208886298393053,OPTIMAL,19,0,0,5,1
6,15,7507.0,3.3852626189602213,3.4208886298393053,OPTIMAL,27,4,0,3,1
6,15,7541.0,3.3852626189602213,3.4208886298393053,OPTIMAL,31,0,0,4,1
6,15,7563.0,3.3852626189602213,3.4208886298393053,OPTIMAL,37,4,0,2,1
6,15,7613.0,3.3852626189602213,3.4208886298393053,OPTIMAL,41,0,0,2,1
6,15,7646.0,3.386515296635107,3.4208886298393053,OPTIMAL,48,3,0,1,2
6,15,7677.0,3.386515296635107,3.4208886298393053,OPTIMAL,54,0,0,1,1
6,15,7701.0,3.389668472238493,3.4208886298393053,OPTIMAL,61,2,0,2,2
