seed,dimension,var_A,p,k,M,time,solution,dual_gap,rel_dual_gap,termination,ncalls
6,10,5,50,10.0,1.0,1800.081,0.33627476494094505,0.0650799239812842,0.2399747862127089,Time limit reached,501468
