seed,dimension,time,solution,dual_gap,rel_dual_gap,termination,ncalls
5,70,5.344,-0.2649770136533422,0.0006976681814596097,0.002632938502251891,OPTIMAL,1754
