seed,dimension,time,solution,dual_gap,rel_dual_gap,termination,ncalls
4,25,4.339,3.9673796980592613,0.024549159929929676,0.006226278226397469,OPTIMAL,2005
