seed,dimension,p,k,time,solution,dual_gap,rel_dual_gap,termination,ncalls
10,23,115,5.0,0.355,3.034468529743283,0.0299790909141886,0.009978098284103808,OPTIMAL,90
