seed,dimension,time,lowerBound,upperBound,termination,LMOcalls,localTighteings,globalTightenings,list_active_set_size_cb,list_discarded_set_size_cb
9,16,1991.0,1.5996012241761506,1.6367785124373262,OPTIMAL,13,73,73,3,1
9,16,3363.0,1.5996012241761506,1.6367785124373262,OPTIMAL,18,0,0,2,1
9,16,3382.0,1.609268359298889,1.6367785124373262,OPTIMAL,22,1,0,2,0
9,16,3411.0,1.609268359298889,1.6367785124373262,OPTIMAL,30,0,0,2,1
9,16,3454.0,1.6150717486606758,1.6367785124373262,OPTIMAL,41,0,0,1,2
9,16,3472.0,1.6150717486606758,1.6367785124373262,OPTIMAL,45,0,0,1,1
9,16,3500.0,1.6196851863218857,1.6367785124373262,OPTIMAL,53,0,0,2,1
9,16,3518.0,1.6196851863218857,1.6367785124373262,OPTIMAL,58,0,0,2,1
9,16,3557.0,1.6230367502656575,1.6367785124373262,OPTIMAL,70,0,0,4,2
