seed,dimension,var_A,p,k,M,time,solution,dual_gap,rel_dual_gap,termination,ncalls
5,20,1,100,20.0,1.0,1800.014,0.6931471805599454,0.31990064798107554,0.8570760075674061,Time limit reached,291688
