seed,n0,m0,M,time,solution,dual_gap,rel_dual_gap,termination,ncalls
2,1,10,20.0,0.013,0.7003792786690619,3.259934122645802e-8,4.654527016526251e-8,OPTIMAL,11
