seed,dimension,time,solution,dual_gap,rel_dual_gap,termination,ncalls
8,70,74.197,18.48440502362272,0.17964117367555943,0.009813902825961777,OPTIMAL,17899
