seed,dimension,time,solution,dual_gap,rel_dual_gap,termination,ncalls
8,45,11.034,-16.008025763830126,0.05774380331375539,0.00360717830953437,OPTIMAL,4700
