seed,dimension,time,solution,dual_gap,rel_dual_gap,termination,ncalls
7,90,571.223,-0.7221968215965512,0.006957593414354979,0.009633929707657696,OPTIMAL,149596
