seed,dimension,time,solution,dual_gap,rel_dual_gap,termination,ncalls
6,105,20.571,-0.4402559398715045,0.003832581703106519,0.008705349220785339,OPTIMAL,3519
