seed,dimension,p,k,time,solution,dual_gap,rel_dual_gap,termination,ncalls
3,23,115,5.0,807.786,4.014525717592983,0.03973390490013351,0.009996474475279375,OPTIMAL,150109
