seed,dimension,p,k,time,solution,dual_gap,rel_dual_gap,termination,ncalls
4,23,115,5.0,2.422,5.266123075399722,0.04894303153976498,0.009381127568592443,OPTIMAL,676
