seed,dimension,var_A,p,k,M,time,solution,dual_gap,rel_dual_gap,termination,ncalls
7,5,5,25,5.0,1.0,100.536,0.27290913148978924,0.002697028954253,0.009981155281149214,OPTIMAL,57436
