seed,dimension,time,solution,dual_gap,rel_dual_gap,termination,ncalls
2,20,0.656,-10.168236258034533,0.06135113245321655,0.006033606113817364,OPTIMAL,435
