seed,dimension,var_A,p,k,M,time,solution,dual_gap,rel_dual_gap,termination,ncalls
3,15,1,75,15.0,0.1,1800.101,0.616218501365392,0.019436127428993033,0.032568199527730025,Time limit reached,496513
