seed,dimension,time,lowerBound,upperBound,termination,LMOcalls,localTighteings,globalTightenings,list_active_set_size_cb,list_discarded_set_size_cb
10,18,1679.0,3.0402816669645913,3.0832607412508426,OPTIMAL,17,79,0,3,1
10,18,2883.0,3.0402816669645913,3.0832607412508426,OPTIMAL,25,0,0,3,1
10,18,2928.0,3.052696072950048,3.0832607412508426,OPTIMAL,33,0,0,6,0
10,18,2965.0,3.052696072950048,3.0832607412508426,OPTIMAL,39,0,0,5,1
10,18,2998.0,3.059208587099296,3.0832607412508426,OPTIMAL,45,5,0,2,0
