seed,dimension,time,lowerBound,upperBound,termination,LMOcalls,localTighteings,globalTightenings,list_active_set_size_cb,list_discarded_set_size_cb
6,30,1740.0,5.061404378370398,5.145675817110071,OPTIMAL,18,138,0,5,0
6,30,2954.0,5.061404378370398,5.145675817110071,OPTIMAL,28,1,0,3,1
6,30,3034.0,5.087647475068614,5.145675817110071,OPTIMAL,41,0,0,4,0
6,30,3149.0,5.087647475068614,5.145675817110071,OPTIMAL,56,0,0,4,1
6,30,3228.0,5.088305538029075,5.145675817110071,OPTIMAL,70,0,0,4,3
6,30,3301.0,5.088305538029075,5.145675817110071,OPTIMAL,83,1,0,3,0
6,30,3385.0,5.092591541911878,5.145675817110071,OPTIMAL,99,4,0,4,1
6,30,3483.0,5.092591541911878,5.145675817110071,OPTIMAL,115,0,0,2,0
6,30,3554.0,5.104976340813771,5.145675817110071,OPTIMAL,129,3,0,4,1
