seed,dimension,time,lowerBound,upperBound,termination,LMOcalls,localTighteings,globalTightenings,list_active_set_size_cb,list_discarded_set_size_cb
9,29,1787.0,3.2916385023190102,3.3511659321044376,OPTIMAL,22,136,0,4,1
9,29,2982.0,3.2916385023190102,3.3511659321044376,OPTIMAL,31,0,0,1,2
9,29,3063.0,3.3069327752352287,3.3511659321044376,OPTIMAL,44,0,0,6,2
9,29,3122.0,3.3069327752352287,3.3511659321044376,OPTIMAL,54,0,0,4,2
9,29,3171.0,3.3129761821872017,3.3511659321044376,OPTIMAL,62,1,0,3,0
9,29,3209.0,3.3129761821872017,3.3511659321044376,OPTIMAL,68,0,0,5,3
9,29,3301.0,3.322084156280848,3.3511659321044376,OPTIMAL,80,0,0,4,0
