seed,dimension,time,lowerBound,upperBound,termination,LMOcalls,localTighteings,globalTightenings,list_active_set_size_cb,list_discarded_set_size_cb
6,15,1690.0,3.3838616490923297,3.4208886298393053,OPTIMAL,14,68,0,3,1
6,15,2832.0,3.3838616490923297,3.4208886298393053,OPTIMAL,21,0,0,2,1
6,15,2898.0,3.3859749303081093,3.4208886298393053,OPTIMAL,28,4,0,1,0
6,15,2938.0,3.3859749303081093,3.4208886298393053,OPTIMAL,37,0,0,2,1
6,15,2968.0,3.3911462088762865,3.4208886298393053,OPTIMAL,44,3,0,3,1
