seed,dimension,time,lowerBound,upperBound,termination,LMOcalls,localTighteings,globalTightenings,list_active_set_size_cb,list_discarded_set_size_cb
10,16,1563.0,1.9364753203394718,1.9633169211714592,OPTIMAL,16,0,71,5,1
10,16,2660.0,1.9364753203394718,1.9633169211714592,OPTIMAL,22,0,0,4,1
10,16,2690.0,1.9498067643362076,1.9633169211714592,OPTIMAL,27,0,0,1,0
