seed,dimension,time,lowerBound,upperBound,termination,LMOcalls,localTighteings,globalTightenings,list_active_set_size_cb,list_discarded_set_size_cb
6,18,1688.0,3.4979555476876585,3.555907125819637,OPTIMAL,15,85,0,3,0
6,18,2912.0,3.4979555476876585,3.555907125819637,OPTIMAL,26,0,0,3,0
6,18,2972.0,3.5168597137941777,3.555907125819637,OPTIMAL,38,0,0,4,0
6,18,2990.0,3.5168597137941777,3.555907125819637,OPTIMAL,41,0,0,2,0
6,18,3024.0,3.5210457085724074,3.555907125819637,OPTIMAL,49,0,0,4,0
