seed,dimension,p,k,time,solution,dual_gap,rel_dual_gap,termination,ncalls
6,15,75,3.0,0.17,3.4208886298393053,0.02974242096301971,0.008770610033023428,OPTIMAL,44
