seed,dimension,time,solution,dual_gap,rel_dual_gap,termination,ncalls
6,105,814.118,11.262277227684383,0.10234413633846984,0.00917067651757103,OPTIMAL,109405
