seed,dimension,var_A,p,k,M,time,solution,dual_gap,rel_dual_gap,termination,ncalls
2,5,1,25,5.0,1.0,16.013,0.5304053488365846,0.005216047258271073,0.009931746976938908,OPTIMAL,8998
