seed,dimension,p,k,Ns,time,solution,dual_gap,rel_dual_gap,termination,ncalls
5,70,70,35.0,10.0,5.786,-13210.445066072785,2.999695425387472e-8,2.2706997458331846e-12,OPTIMAL,55
