seed,dimension,p,k,time,solution,dual_gap,rel_dual_gap,termination,ncalls
10,30,150,6.0,1.043,3.198611710346478,0.030478329846314267,0.009620279889069112,OPTIMAL,234
