seed,dimension,time,lowerBound,upperBound,termination,LMOcalls,localTighteings,globalTightenings,list_active_set_size_cb,list_discarded_set_size_cb
8,19,2154.0,3.279766772659455,3.3212935734001694,OPTIMAL,15,86,86,2,1
8,19,3571.0,3.279766772659455,3.3212935734001694,OPTIMAL,24,0,0,2,1
8,19,3608.0,3.2878811409431443,3.3212935734001694,OPTIMAL,33,0,0,5,0
8,19,3625.0,3.2878811409431443,3.3212935734001694,OPTIMAL,36,0,0,4,0
8,19,3643.0,3.29219919850946,3.3212935734001694,OPTIMAL,40,4,0,1,0
