seed,dimension,time,solution,dual_gap,rel_dual_gap,termination,ncalls
9,70,223.189,19.48677768909249,0.18716828693795406,0.009698034972513966,OPTIMAL,37924
