seed,dimension,time,solution,dual_gap,rel_dual_gap,termination,ncalls
1,45,120.026,5.539145438148692,0.05265567454445552,0.0095973339627384,OPTIMAL,34245
