seed,dimension,time,lowerBound,upperBound,termination,LMOcalls,localTighteings,globalTightenings,list_active_set_size_cb,list_discarded_set_size_cb
8,22,6565.0,3.3721198614128793,3.4205385181369294,OPTIMAL,19,97,97,8,1
8,22,7718.0,3.3721198614128793,3.4205385181369294,OPTIMAL,26,1,0,4,2
8,22,7840.0,3.373869497432654,3.4205385181369294,OPTIMAL,38,2,0,6,0
8,22,7963.0,3.373869497432654,3.4205385181369294,OPTIMAL,48,0,0,8,1
8,22,8077.0,3.380191387982511,3.4205385181369294,OPTIMAL,60,1,0,4,1
8,22,8153.0,3.380191387982511,3.4205385181369294,OPTIMAL,64,1,0,3,1
8,22,8202.0,3.380633679452702,3.4205385181369294,OPTIMAL,76,0,0,7,1
8,22,8269.0,3.380633679452702,3.4205385181369294,OPTIMAL,83,0,0,1,1
8,22,8344.0,3.391192932816262,3.4205385181369294,OPTIMAL,89,0,0,2,0
