seed,dimension,p,k,time,solution,dual_gap,rel_dual_gap,termination,ncalls
9,28,140,6.0,6.231,2.6332114394326687,0.025243264906829044,0.009679284108372441,OPTIMAL,1329
