seed,dimension,time,lowerBound,upperBound,termination,LMOcalls,localTighteings,globalTightenings,list_active_set_size_cb,list_discarded_set_size_cb
10,18,1424.0,3.0402816669645913,3.0832607412508426,OPTIMAL,17,0,0,3,2
10,18,2463.0,3.0402816669645913,3.0832607412508426,OPTIMAL,25,0,0,3,2
10,18,2504.0,3.052463216268368,3.0832607412508426,OPTIMAL,35,0,0,8,0
10,18,2533.0,3.052463216268368,3.0832607412508426,OPTIMAL,41,0,0,6,1
10,18,2565.0,3.0585978237404436,3.0832607412508426,OPTIMAL,49,0,0,3,2
