seed,dimension,time,solution,dual_gap,rel_dual_gap,termination,ncalls
7,65,5.009,0.18762702051223262,0.0007592389717334114,0.00406297418139394,OPTIMAL,1680
