seed,dimension,time,solution,dual_gap,rel_dual_gap,termination,ncalls
2,20,49.974,-9.114481093385423,0.08778254940881247,0.009631107740463489,OPTIMAL,3405
