seed,dimension,time,lowerBound,upperBound,termination,LMOcalls,localTighteings,globalTightenings,list_active_set_size_cb,list_discarded_set_size_cb
9,16,6353.0,1.5996012241761508,1.6367785124373262,OPTIMAL,13,73,73,3,1
9,16,7475.0,1.5996012241761508,1.6367785124373262,OPTIMAL,18,0,0,2,1
9,16,7520.0,1.6092683592988888,1.6367785124373262,OPTIMAL,22,1,0,2,0
9,16,7578.0,1.6092683592988888,1.6367785124373262,OPTIMAL,31,0,0,2,1
9,16,7630.0,1.6170346285739523,1.6367785124373262,OPTIMAL,40,1,0,3,1
9,16,7663.0,1.6170346285739523,1.6367785124373262,OPTIMAL,44,0,0,1,1
9,16,7696.0,1.6198977234229572,1.6367785124373262,OPTIMAL,53,0,0,4,2
9,16,7719.0,1.6198977234229572,1.6362039720756816,OPTIMAL,58,0,0,1,1
9,16,7757.0,1.6272719337426214,1.6362039720756816,OPTIMAL,69,0,0,3,2
