seed,dimension,time,lowerBound,upperBound,termination,LMOcalls,localTighteings,globalTightenings,list_active_set_size_cb,list_discarded_set_size_cb
6,15,1924.0,3.38386164909233,3.4208886298393053,OPTIMAL,14,68,68,3,1
6,15,3281.0,3.38386164909233,3.4208886298393053,OPTIMAL,21,0,0,2,1
6,15,3325.0,3.3859749303081097,3.4208886298393053,OPTIMAL,28,4,0,1,0
6,15,3354.0,3.3859749303081097,3.4208886298393053,OPTIMAL,37,0,0,2,1
6,15,3376.0,3.3911462088762856,3.4208886298393053,OPTIMAL,44,3,0,3,1
