seed,dimension,time,lowerBound,upperBound,termination,LMOcalls,localTighteings,globalTightenings,list_active_set_size_cb,list_discarded_set_size_cb
8,22,2461.0,3.3721198614128802,3.4205385181369294,OPTIMAL,19,97,97,5,1
8,22,4475.0,3.3721198614128802,3.4205385181369294,OPTIMAL,28,1,0,4,1
8,22,4523.0,3.384340034773675,3.4205385181369294,OPTIMAL,35,3,0,3,0
8,22,4580.0,3.384340034773675,3.4205385181369294,OPTIMAL,44,0,0,4,1
8,22,4637.0,3.385061948805415,3.4205385181369294,OPTIMAL,53,0,0,6,0
8,22,4711.0,3.385061948805415,3.4205385181369294,OPTIMAL,65,0,0,3,1
8,22,4803.0,3.3944779336161073,3.4205385181369294,OPTIMAL,75,0,0,3,0
