seed,dimension,p,k,time,solution,dual_gap,rel_dual_gap,termination,ncalls
5,29,145,6.0,29.425,6.393902999859767,0.06299071899626263,0.009949706488062572,OPTIMAL,6813
