seed,dimension,time,solution,dual_gap,rel_dual_gap,termination,ncalls
10,120,1397.217,25.631066423562554,0.23263536741401225,0.009159438506249585,OPTIMAL,154602
