seed,dimension,var_A,p,k,M,time,solution,dual_gap,rel_dual_gap,termination,ncalls
9,20,1,100,20.0,1.0,1800.013,0.6931471805599454,0.22602403788312397,0.4838639263041147,Time limit reached,313072
