seed,dimension,time,solution,dual_gap,rel_dual_gap,termination,ncalls
9,90,1254.941,-1.8365313476435556,0.01804323426315335,0.009824626345912656,OPTIMAL,370546
