seed,dimension,time,lowerBound,upperBound,termination,LMOcalls,localTighteings,globalTightenings,list_active_set_size_cb,list_discarded_set_size_cb
10,23,2534.0,2.97195633859194,3.034468529743283,OPTIMAL,21,103,103,6,1
10,23,4523.0,2.97195633859194,3.034468529743283,OPTIMAL,27,0,0,3,2
10,23,4607.0,2.98780236429475,3.034468529743283,OPTIMAL,40,1,0,6,0
10,23,4691.0,2.98780236429475,3.034468529743283,OPTIMAL,49,1,0,4,2
10,23,4762.0,2.990659017740234,3.034468529743283,OPTIMAL,59,3,0,2,0
10,23,4825.0,2.990659017740234,3.034468529743283,OPTIMAL,67,0,0,3,2
10,23,4880.0,3.000136695149502,3.034468529743283,OPTIMAL,74,2,0,2,0
10,23,4942.0,3.000136695149502,3.034468529743283,OPTIMAL,82,0,0,2,1
10,23,5007.0,3.0044894388290935,3.034468529743283,OPTIMAL,90,0,0,4,0
