seed,dimension,time,solution,dual_gap,rel_dual_gap,termination,ncalls
6,55,262.298,3.8232969275369757,0.032446938147391524,0.008559277797382914,OPTIMAL,62491
