seed,dimension,time,lowerBound,upperBound,termination,LMOcalls,localTighteings,globalTightenings,list_active_set_size_cb,list_discarded_set_size_cb
8,25,1750.0,3.325654960300617,3.370075088994695,OPTIMAL,23,0,112,7,2
8,25,2990.0,3.325654960300617,3.370075088994695,OPTIMAL,32,0,0,7,1
8,25,3032.0,3.3379407420076905,3.370075088994695,OPTIMAL,38,0,0,1,1
