seed,dimension,time,lowerBound,upperBound,termination,LMOcalls,localTighteings,globalTightenings,list_active_set_size_cb,list_discarded_set_size_cb
9,16,1561.0,1.5996012241761508,1.6367785124373262,OPTIMAL,13,0,73,3,1
9,16,2677.0,1.5996012241761508,1.6367785124373262,OPTIMAL,20,0,0,3,1
9,16,2700.0,1.6113193991774322,1.6367785124373262,OPTIMAL,24,0,0,2,0
9,16,2743.0,1.6113193991774322,1.6367785124373262,OPTIMAL,32,0,0,2,1
9,16,2806.0,1.6163895316525545,1.6367785124373262,OPTIMAL,46,0,0,2,2
9,16,2848.0,1.6163895316525545,1.6367785124373262,OPTIMAL,55,0,0,3,1
9,16,2877.0,1.6203435824221462,1.6367785124373262,OPTIMAL,61,0,0,2,2
9,16,2919.0,1.6203435824221462,1.6367785124373262,OPTIMAL,70,0,0,2,1
9,16,2962.0,1.6222460040035924,1.6367785124373262,OPTIMAL,80,0,0,3,3
