seed,dimension,time,lowerBound,upperBound,termination,LMOcalls,localTighteings,globalTightenings,list_active_set_size_cb,list_discarded_set_size_cb
10,22,2335.0,2.9512866804124718,3.009951121912594,OPTIMAL,17,0,0,5,1
10,22,4054.0,2.9512866804124718,3.009951121912594,OPTIMAL,28,0,0,3,2
10,22,4138.0,2.965354046326199,3.009951121912594,OPTIMAL,39,0,0,4,1
10,22,4210.0,2.965354046326199,3.009951121912594,OPTIMAL,48,0,0,3,1
10,22,4278.0,2.9694890172513686,3.009951121912594,OPTIMAL,56,0,0,4,1
10,22,4374.0,2.9694890172513686,3.009951121912594,OPTIMAL,67,0,0,3,3
10,22,4494.0,2.9769021360536776,3.009951121912594,OPTIMAL,77,0,0,3,4
10,22,4593.0,2.9769021360536776,3.009951121912594,OPTIMAL,90,0,0,5,0
10,22,4654.0,2.982609944704354,3.009951121912594,OPTIMAL,98,0,0,5,1
