seed,dimension,time,lowerBound,upperBound,termination,LMOcalls,localTighteings,globalTightenings,list_active_set_size_cb,list_discarded_set_size_cb
10,16,2132.0,1.936475320339472,1.9633169211714592,OPTIMAL,16,71,71,5,1
10,16,3454.0,1.936475320339472,1.9633169211714592,OPTIMAL,22,0,0,4,1
10,16,3467.0,1.9448153782400825,1.9633169211714592,OPTIMAL,25,3,0,1,0
