seed,dimension,time,solution,dual_gap,rel_dual_gap,termination,ncalls
4,55,82.995,9.11070901180248,0.08952051147109685,0.009923361147792046,OPTIMAL,16761
