seed,dimension,time,lowerBound,upperBound,termination,LMOcalls,localTighteings,globalTightenings,list_active_set_size_cb,list_discarded_set_size_cb
10,22,1701.0,2.9512866804124727,3.009951121912594,OPTIMAL,17,0,98,5,1
10,22,2919.0,2.9512866804124727,3.009951121912594,OPTIMAL,28,0,0,3,2
10,22,2989.0,2.9653540463261985,3.009951121912594,OPTIMAL,39,0,0,4,1
10,22,3050.0,2.9653540463261985,3.009951121912594,OPTIMAL,48,0,0,3,1
10,22,3104.0,2.96948901725137,3.009951121912594,OPTIMAL,56,0,0,4,1
10,22,3177.0,2.96948901725137,3.009951121912594,OPTIMAL,67,0,0,3,3
10,22,3278.0,2.9769021360536776,3.009951121912594,OPTIMAL,77,0,0,3,4
10,22,3360.0,2.9769021360536776,3.009951121912594,OPTIMAL,90,0,0,5,0
10,22,3411.0,2.982609944704355,3.009951121912594,OPTIMAL,98,0,0,5,1
