seed,dimension,p,k,time,solution,dual_gap,rel_dual_gap,termination,ncalls
7,16,80,4.0,18.0,3.2775182354340826,0.03244876767152416,0.009999406174160346,OPTIMAL,5533
