dimension,time_boscia_mean,termination_boscia_sum,time_scip_mean,termination_scip_sum,time_no_ws_mean,termination_no_ws_sum,time_no_as_mean,termination_no_as_sum,time_no_ss_mean,termination_no_ss_sum,time_afw_mean,termination_afw_sum
20,33.04314285714286,7,17.101010285714285,7,49.21771428571429,7,49.189428571428586,7,47.62985714285714,7,136.22299999999998,7
25,66.57742857142857,7,154.30953571428572,7,81.19114285714285,7,82.02557142857141,7,83.66257142857144,7,165.75471428571427,7
30,311.93757142857146,6,504.9460695714285,6,286.99228571428574,7,286.39685714285713,7,304.5812857142857,6,322.37742857142854,7
35,279.08214285714286,7,1586.7772115714288,1,296.6677142857143,7,299.21985714285717,7,313.9152857142857,7,383.6477142857143,7
40,381.1091428571429,6,1717.4226724285713,1,361.0738571428571,6,364.6271428571429,6,377.64628571428574,6,513.2834285714285,6
45,1085.3882857142855,3,1800.016982857143,0,1082.3585714285714,3,1067.8227142857143,4,1074.3465714285715,4,1088.6787142857142,4
50,819.9124285714286,5,1800.0140174285714,0,780.3995714285713,5,789.8544285714286,5,809.4477142857143,5,925.6474285714286,5
