seed,dimension,time,num_nodes,solution,termination
1,20,0.0,53,-2.5940747428321194,Optimal
2,20,0.0,61,-10.16823635667852,Optimal
3,20,0.0,37,0.22284190055289496,Optimal
4,20,0.0,161,-1.3786927753855736,Optimal
5,20,0.0,37,-10.318941606217939,Optimal
6,20,0.0,33,0.3585116019826818,Optimal
7,20,0.0,53,-0.3379703562549694,Optimal
8,20,0.0,49,-4.353810838590081,Optimal
9,20,0.0,37,-0.13869988503653483,Optimal
10,20,0.0,37,-0.1472874641042129,Optimal
