time_boscia,seed,num_v,termination_boscia,solution_boscia,lb_boscia,rel_gap_boscia,termination_afw,time_afw,afw_solution,rel_gap_afw,termination_no_ws,time_no_ws,solution_no_ws,rel_gap_no_ws,termination_no_as,time_no_as,solution_no_as,rel_gap_no_as,termination_no_ss,time_no_ss,solution_no_ss,rel_gap_no_ss,termination_ipopt,time_ipopt,rel_gap_ipopt,solution_ipopt,termination_pavito,time_pavito,solution_pavito,solution_scip,termination_scip,time_scip,rel_gap_scip,time,solution,dual_gap,rel_dual_gap,number_nodes,termination,ncalls,time_sc,solution_sc,termination_sc,lb_sc,rel_gap_sc,rel_gap_boscia_sc,optimal_scip,optimal_ipopt,optimal_boscia,optimal_pavito,rel_gap_pavito
10.27,1,7,1,-8.400099626621149,-8.482406861613867,0.00979836414461979,1,7.784,-8.400099626621149,0.009802645421977058,1,13.064,-8.400099626621149,0.00973975321850946,1,13.064,-8.400099626621149,0.00973975321850946,1,13.064,-8.400099626621149,0.00973975321850946,1,5.724,0.01,-8.400099809964301,0,9.557638168334961,23.332124665390708,-8.400099253829357,1,216.99702,0.01,0.421,-8.400099626621149,0.004507733524823365,0.0005366285788489574,2,Optimal (tolerance reached),39,0.421,-8.400099626621149,1,-8.404607360145972,0.00979836414461979,0.0005366285788489574,1,1,1,0,Inf
1800.409,1,8,0,-2.73729785999211,-2.9285917353478985,0.06988420155208834,0,1800.469,-2.737297859992125,0.051110485589673335,0,1800.407,-2.73729785999211,0.08720362444107561,0,1800.407,-2.73729785999211,0.08720362444107561,0,1800.407,-2.73729785999211,0.08720362444107561,1,944.659,0.07,-2.737297978007971,0,9.159800052642822,20.97392421322317,-2.3558106250173094,0,1800.002404,0.243,0.495,-2.73729785999211,0.003472967096485924,0.0012687574659836012,2,Optimal (tolerance reached),45,0.495,-2.73729785999211,1,-2.7407708270885958,0.06988420155208834,0.0012687574659836012,0,0,1,0,Inf
43.201,2,8,1,-7.221043200656398,-7.293147208827663,0.00998526198606742,1,55.64,-7.22104320065639,0.009931242014768093,1,50.948,-7.221043200656398,0.009981616237876833,1,50.948,-7.221043200656398,0.009981616237876833,1,50.948,-7.221043200656398,0.009981616237876833,1,16.36,0.01,-7.22104327477013,0,9.766764163970947,17.719861003821524,-6.580245296516263,0,1800.000286,0.108,0.409,-7.221043200656398,0.0056971971391597265,0.0007889714797221885,3,Optimal (tolerance reached),27,0.409,-7.221043200656398,1,-7.226740397795558,0.00998526198606742,0.0007889714797221885,0,1,1,0,Inf
