seed,num_v,time,solution,termination
1,8,98.80721998214722,360.5652008652902,ALMOST_LOCALLY_SOLVED
1,8,101.05491089820862,360.5652008652902,ALMOST_LOCALLY_SOLVED
