seed,dimension,p,k,time,solution,termination
3,5,25,1.0,0.011048078536987305,1.1638839324069836,LOCALLY_SOLVED
2,5,25,1.0,0.033428192138671875,0.7254145421284199,LOCALLY_SOLVED
1,5,25,1.0,0.03257107734680176,1.9268642377196414,LOCALLY_SOLVED
1,1,5,1.0,0.013000965118408203,0.5344074077449993,LOCALLY_SOLVED
2,1,5,1.0,0.014718055725097656,0.14907431860657586,LOCALLY_SOLVED
1,2,10,1.0,0.015852928161621094,0.8459773636343938,LOCALLY_SOLVED
2,2,10,1.0,0.019381999969482422,0.02084473672055371,LOCALLY_SOLVED
