seed,dimension,p,k,Ns,solution,termination,time
1,50,50,25.0,0.1,-222.7156264207182,LOCALLY_SOLVED,13.752091884613037
1,50,50,25.0,0.1,-222.7156264207182,LOCALLY_SOLVED,13.752091884613037
1,50,50,25.0,1.0,NaN,TIME_LIMIT,1800.0
1,50,50,25.0,5.0,NaN,TIME_LIMIT,1800.0
1,50,50,25.0,10.0,NaN,TIME_LIMIT,1800.0
