seed,num_v,time,solution,termination
2,8,52.81219816207886,400.7244889881385,ALMOST_LOCALLY_SOLVED
2,8,1642.8185708522797,361.220873579341,ALMOST_LOCALLY_SOLVED
