seed,num_v,time,solution,termination
1,8,7.793339967727661,-10732.683972244127,LOCALLY_SOLVED
1,8,7.8601460456848145,-10732.683972244127,LOCALLY_SOLVED
