seed,num_v,time,solution,termination
1,7,7.736591815948486,-18508.73092403103,LOCALLY_SOLVED
1,7,7.67680287361145,-18508.73092403103,LOCALLY_SOLVED
