seed,num_v,time,solution,termination
2,6,15.268171072006226,-21659.4827633308,LOCALLY_SOLVED
2,6,8.705368041992188,-21659.4827633308,LOCALLY_SOLVED
