seed,dimension,time,solution,termination
2,63,2.913311004638672,20.302170093410076,ALMOST_LOCALLY_SOLVED
1,63,2.8240561485290527,10.460373745759995,ALMOST_LOCALLY_SOLVED
2,63,2.8558759689331055,14.501494555685467,ALMOST_LOCALLY_SOLVED
3,63,2.8151659965515137,20.726278934092452,ALMOST_LOCALLY_SOLVED
2,63,2.7823750972747803,14.501494555685467,ALMOST_LOCALLY_SOLVED
3,63,2.75628399848938,20.726278934092452,ALMOST_LOCALLY_SOLVED
1,63,2.7974321842193604,10.460373745759995,ALMOST_LOCALLY_SOLVED
2,63,2.9589788913726807,20.302170093410076,ALMOST_LOCALLY_SOLVED
