seed,dimension,time,solution,termination
10,25,4.242178201675415,-5.913370466038436,LOCALLY_SOLVED
10,25,11.565738916397095,19.204680108225716,LOCALLY_SOLVED
10,25,12.419032096862793,19.204680108225716,LOCALLY_SOLVED
10,25,12.625935077667236,19.204680108225716,LOCALLY_SOLVED
10,25,12.290075063705444,19.204680108225716,LOCALLY_SOLVED
10,25,1.9603710174560547,-5.913370466038433,LOCALLY_SOLVED
10,25,1.8648040294647217,-5.913370466038433,LOCALLY_SOLVED
10,25,1.8877489566802979,-5.913370466038433,LOCALLY_SOLVED
