seed,num_v,time,solution,termination
2,7,8.69574499130249,-5113.939492546944,LOCALLY_SOLVED
2,7,8.689559936523438,-5113.939492546944,LOCALLY_SOLVED
