seed,num_v,time,solution,termination
3,4,8.478377103805542,2.9779410619826336,LOCALLY_SOLVED
3,4,8.459553003311157,2.9779410619826336,LOCALLY_SOLVED
