seed,num_v,time,solution,termination
1,4,7.7890119552612305,-8715.871464966445,LOCALLY_SOLVED
1,4,7.670938014984131,-8715.871464966445,LOCALLY_SOLVED
