seed,num_v,time,solution,termination
2,5,8.285956859588623,12423.259976442772,LOCALLY_SOLVED
2,5,8.222046852111816,12423.259976442772,LOCALLY_SOLVED
