seed,num_v,time,solution,termination
1,6,8.00393295288086,-19051.995160703907,LOCALLY_SOLVED
1,6,7.905387878417969,-19051.995160703907,LOCALLY_SOLVED
