seed,dimension,time,solution,termination,calls
7,25,7.9945699999999995,-0.24333764010160147,OPTIMAL,2610
