seed,n0,m0,M,time,solution,termination,calls
8,3,30,20.0,0.37827099999999997,1.8412131359783854,OPTIMAL,53
