seed,dimension,var_A,p,k,M,time,x,solution,termination,calls
3,5,1,25,5.0,1.0,0.900428,"[0.0109529286983161, -0.04258733843463452, -0.0012195776647393047, -0.04963191845715089, 0.021368880600104726, 0.0, 0.0, 0.0, 0.0, 0.0, 0.0, 0.0, 0.0, 0.0, 0.0, 0.0, 0.0, 0.0, 0.0, 0.0, 0.0, 0.0, 0.0, 0.0, 0.0, 1.0, 1.0, 1.0, 1.0, 1.0, 0.0, 0.0, 0.0, 0.0, 0.0, 0.0, 0.0, 0.0, 0.0, 0.0, 0.0, 0.0, 0.0, 0.0, 0.0, 0.0, 0.0, 0.0, 0.0, 0.0]",0.6749461676391884,OPTIMAL,124
