seed,n0,m0,M,time,solution,termination,calls
8,2,18,20.0,0.36567299999999997,1.7918322991923867,OPTIMAL,41
