seed,dimension,time,solution,termination,calls
6,30,60.560022000000004,-0.16316092164232843,OPTIMAL,4611
