seed,n0,m0,M,time,solution,termination,calls
9,2,25,20.0,0.7547769999999999,2.6947219876975437,OPTIMAL,38
