seed,n0,m0,M,time,solution,termination,calls
1,3,30,20.0,0.34046299999999996,4.021995108745862,OPTIMAL,55
