seed,num_v,time,solution,termination,calls
1,3,1.194415,58212.990421959934,OPTIMAL,2
1,4,1.978567,-27719.08006761879,OPTIMAL,4
2,4,1.075574,-21806.95978267962,OPTIMAL,3
3,4,1.7143419999999998,-30524.560214135006,OPTIMAL,4
1,5,0.863514,21621.882150493726,OPTIMAL,2
2,5,0.629186,16463.960978327195,OPTIMAL,2
3,5,1.102995,-3687.8041473690596,OPTIMAL,2
1,6,0.883745,39996.88473133878,OPTIMAL,3
2,6,1.511711,11.775436260639696,OPTIMAL,2
3,6,1.004431,-1955.4886558304197,OPTIMAL,4
