seed,n0,m0,M,time,solution,termination,calls
5,3,29,20.0,0.38260099999999997,0.9038411772515733,OPTIMAL,64
