seed,dimension,var_A,p,k,M,time,x,solution,termination,calls
1,5,1,25,5.0,1.0,0.9003089999999999,"[0.012388440655281358, -0.06861534049241413, 0.012515110721070703, -0.06316331496043646, -0.03905305786041151, 0.0, 0.0, 0.0, 0.0, 0.0, 0.0, 0.0, 0.0, 0.0, 0.0, 0.0, 0.0, 0.0, 0.0, 0.0, 0.0, 0.0, 0.0, 0.0, 0.0, 1.0, 1.0, 1.0, 1.0, 1.0, 0.0, 0.0, 0.0, 0.0, 0.0, 0.0, 0.0, 0.0, 0.0, 0.0, 0.0, 0.0, 0.0, 0.0, 0.0, 0.0, 0.0, 0.0, 0.0, 0.0]",0.6538393811748692,OPTIMAL,98
