seed,dimension,var_A,p,k,M,time,x,solution,termination,calls
2,5,5,25,5.0,1.0,0.945311,"[-0.2066783507779487, -0.1203865463156717, -0.18051125800453746, -0.22969125449184488, 0.04038042837312686, 0.0, 0.0, 0.0, 0.0, 0.0, 0.0, 0.0, 0.0, 0.0, 0.0, 0.0, 0.0, 0.0, 0.0, 0.0, 0.0, 0.0, 0.0, 0.0, 0.0, 1.0, 1.0, 1.0, 1.0, 1.0, 0.0, 0.0, 0.0, 0.0, 0.0, 0.0, 0.0, 0.0, 0.0, 0.0, 0.0, 0.0, 0.0, 0.0, 0.0, 0.0, 0.0, 0.0, 0.0, 0.0]",0.21604874977477995,OPTIMAL,172
