seed,n0,m0,M,time,solution,termination,calls
4,2,25,20.0,0.6134499999999999,1.2083686646796141,OPTIMAL,34
