seed,n0,m0,M,time,solution,termination,calls
8,2,20,20.0,0.37185199999999996,0.7424442384269565,OPTIMAL,36
