seed,dimension,p,k,time,solution,termination,calls
1,21,105,5.0,0.42095699999999997,2.9738634102486143,OPTIMAL,12
