seed,dimension,var_A,p,k,M,time,x,solution,termination,calls
2,5,1,25,5.0,1.0,0.8958499999999999,"[-0.14959149799983606, -0.07741087406841404, -0.18555581469857488, -0.22737456201190487, -0.03560714421987621, 0.0, 0.0, 0.0, 0.0, 0.0, 0.0, 0.0, 0.0, 0.0, 0.0, 0.0, 0.0, 0.0, 0.0, 0.0, 0.0, 0.0, 0.0, 0.0, 0.0, 1.0, 1.0, 1.0, 1.0, 1.0, 0.0, 0.0, 0.0, 0.0, 0.0, 0.0, 0.0, 0.0, 0.0, 0.0, 0.0, 0.0, 0.0, 0.0, 0.0, 0.0, 0.0, 0.0, 0.0, 0.0]",0.5823943996073447,OPTIMAL,123
