seed,n0,m0,M,time,solution,termination,calls
6,3,29,20.0,0.38087499999999996,0.5551417451312286,OPTIMAL,42
