seed,n0,m0,M,time,solution,termination,calls
8,2,16,20.0,0.41063099999999997,0.696581355513931,OPTIMAL,34
