seed,n0,m0,M,time,solution,termination,calls
5,3,28,20.0,0.36058199999999996,1.0012177658325758,OPTIMAL,55
