seed,n0,m0,M,time,solution,termination,calls
5,2,20,20.0,0.38659899999999997,1.9437674179824307,OPTIMAL,38
