seed,dimension,var_A,p,k,M,time,x,solution,termination,calls
4,5,5,25,5.0,0.1,1.25688,"[-0.042477671052736414, 0.0904639527038853, -0.002913887562938422, 0.09749504518101804, -0.06894714033611221, 0.0, 0.0, 0.0, 0.0, 0.0, 0.0, 0.0, 0.0, 0.0, 0.0, 0.0, 0.0, 0.0, 0.0, 0.0, 0.0, 0.0, 0.0, 0.0, 0.0, 1.0, 1.0, 1.0, 1.0, 1.0, 0.0, 0.0, 0.0, 0.0, 0.0, 0.0, 0.0, 0.0, 0.0, 0.0, 0.0, 0.0, 0.0, 0.0, 0.0, 0.0, 0.0, 0.0, 0.0, 0.0]",0.5617577201043015,OPTIMAL,71
