seed,n0,m0,M,time,solution,termination,calls
1,1,10,20.0,0.0069619999999999994,2.593163671610778,OPTIMAL,16
