seed,n0,m0,M,time,solution,termination,calls
10,2,20,20.0,0.37363999999999997,1.4400681386012248,OPTIMAL,22
