seed,dimension,var_A,p,k,M,time,x,solution,termination,calls
2,5,5,25,5.0,0.1,0.8747959999999999,"[-0.1, -0.09788745841361082, -0.1, -0.1, -0.021379638783685095, 0.0, 0.0, 0.0, 0.0, 0.0, 0.0, 0.0, 0.0, 0.0, 0.0, 0.0, 0.0, 0.0, 0.0, 0.0, 0.0, 0.0, 0.0, 0.0, 0.0, 1.0, 1.0, 1.0, 1.0, 1.0, 0.0, 0.0, 0.0, 0.0, 0.0, 0.0, 0.0, 0.0, 0.0, 0.0, 0.0, 0.0, 0.0, 0.0, 0.0, 0.0, 0.0, 0.0, 0.0, 0.0]",0.3094217684103034,OPTIMAL,26
