seed,dimension,p,k,Ns,solution,termination,time
1,50,50,25.0,0.1,-222.71560550387514,LOCALLY_SOLVED,1.4055628776550293
1,50,50,25.0,1.0,-833.8984312677679,LOCALLY_SOLVED,663.4426698684692
1,70,70,35.0,0.1,-2797.8213811187265,LOCALLY_SOLVED,1.7753701210021973
1,70,70,35.0,1.0,-7248.664069866579,LOCALLY_SOLVED,1821.3131041526794
1,90,90,45.0,0.1,-18670.312279986265,LOCALLY_SOLVED,2.4822919368743896
