seed,dimension,p,k,Ns,time,solution,termination
1,90,90,45.0,0.1,2.4822919368743896,-18670.312279986265,LOCALLY_SOLVED
1,90,90,45.0,0.1,4.047666072845459,-18670.312279986258,LOCALLY_SOLVED
