seed,dimension,p,k,Ns,time,solution,termination
1,70,70,35.0,1.0,1821.3131041526794,-7248.664069866579,LOCALLY_SOLVED
1,70,70,35.0,1.0,1820.110589981079,-7248.664069866579,LOCALLY_SOLVED
