seed,dimension,time,solution,termination
10,50,1800.9916441440582,0.015630902476913955,LOCALLY_SOLVED
