seed,dimension,time,solution,termination
10,105,1802.8440170288086,0.10705703815604584,LOCALLY_SOLVED
