seed,dimension,p,k,Ns,time,solution,termination
1,90,90,45.0,1.0,1801.3413219451904,-53741.072596002865,LOCALLY_SOLVED
1,90,90,45.0,1.0,1801.9010100364685,-53741.05261860477,LOCALLY_SOLVED
