seed,dimension,time,solution,dual_gap,rel_dual_gap,termination,ncalls
6,50,8.514,-0.24250128137132765,0.00026230718829284294,0.0010816734114125677,OPTIMAL,1791
