seed,dimension,p,k,Ns,time,solution,dual_gap,rel_dual_gap,termination,ncalls
2,90,90,45.0,1.0,1801.907,-0.08185655509841146,0.0630089568209077,0.7697484550278915,Time limit reached,22026
