seed,dimension,p,k,Ns,time,solution,dual_gap,rel_dual_gap,termination,ncalls
8,70,70,35.0,5.0,1801.929,0.8410960485290357,0.03271051352653853,0.04046400153169179,Time limit reached,32016
