seed,dimension,p,k,Ns,time,solution,dual_gap,rel_dual_gap,termination,ncalls
2,50,50,25.0,0.1,1803.362,0.8108838922071157,0.0019420420802800376,0.0024007190133327146,Time limit reached,49224
