seed,dimension,p,k,Ns,time,solution,dual_gap,rel_dual_gap,termination,ncalls
2,90,90,45.0,1.0,1801.998,-0.08185655509841146,0.06301136195854244,0.7697778373740195,Time limit reached,21605
