seed,dimension,var_A,p,k,M,time,solution,dual_gap,rel_dual_gap,termination,ncalls
7,20,1,100,20.0,1.0,1801.901,0.6380706016868677,0.028076849605381704,0.04602809374616522,Time limit reached,175611
