seed,dimension,time,solution,dual_gap,rel_dual_gap,termination,ncalls
8,50,6.076,-0.23031351572114456,0.0007632519382453906,0.0033139693771576523,OPTIMAL,965
