seed,dimension,p,k,Ns,time,solution,dual_gap,rel_dual_gap,termination,ncalls
8,50,50,25.0,0.1,1803.185,0.7122996556451228,0.012217959009575341,0.01745219032049032,Time limit reached,37675
