seed,n0,m0,M,time,solution,dual_gap,rel_dual_gap,termination,ncalls
9,2,17,20.0,4.814,0.6231478446384664,6.94190745997858e-8,1.1140066186603235e-7,OPTIMAL,16
