seed,dimension,p,k,time,solution,dual_gap,rel_dual_gap,termination,ncalls
8,22,110,5.0,4.244,3.4205385181369294,0.02620762564403112,0.007720999064055141,OPTIMAL,81
