seed,dimension,time,solution,dual_gap,rel_dual_gap,termination,ncalls
5,65,6.976,-0.41445793519876445,0.003485790136547151,0.008410479907630304,OPTIMAL,1313
