seed,dimension,p,k,Ns,time,solution,dual_gap,rel_dual_gap,termination,ncalls
10,50,50,25.0,10.0,1804.8,0.4998564176414151,0.029659743536568806,0.06307944137000672,Time limit reached,46936
