seed,dimension,p,k,Ns,time,solution,dual_gap,rel_dual_gap,termination,ncalls
1,50,50,25.0,0.1,1802.908,0.8399762136523655,0.0037285076190370914,0.004458616259437001,Time limit reached,33016
