seed,dimension,time,solution,dual_gap,rel_dual_gap,termination,ncalls
5,35,6.342,-0.36945523212413756,6.150409853633576e-8,1.6647239824626514e-7,OPTIMAL,701
