seed,dimension,p,k,time,solution,dual_gap,rel_dual_gap,termination,ncalls
9,26,130,6.0,5.231,2.6980738735276644,0.018965567385986315,0.0070790596044620555,OPTIMAL,164
