seed,dimension,time,solution,dual_gap,rel_dual_gap,termination,ncalls
5,95,24.565,-0.8145578378899218,0.007460288772492496,0.009158697425118472,OPTIMAL,3828
