seed,dimension,p,k,time,solution,dual_gap,rel_dual_gap,termination,ncalls
4,24,120,5.0,20.563,5.14765880456751,0.050571428283135766,0.00992163260108773,OPTIMAL,2064
