seed,dimension,time,solution,dual_gap,rel_dual_gap,termination,ncalls
8,20,3.212,-4.3463873581422074,0.024066511824917036,0.005537129998280659,OPTIMAL,293
