seed,dimension,p,k,time,solution,dual_gap,rel_dual_gap,termination,ncalls
4,16,80,4.0,13.19,4.873912590274357,0.04640580072829881,0.009612788288312786,OPTIMAL,1484
