seed,dimension,p,k,time,solution,dual_gap,rel_dual_gap,termination,ncalls
2,18,90,4.0,132.541,1.908612111621514,0.018881980311430402,0.00999189249225771,OPTIMAL,21465
