seed,dimension,time,solution,dual_gap,rel_dual_gap,termination,ncalls
2,30,6.901,-5.956131393249352,0.057526074460232834,0.009658295068075997,OPTIMAL,1947
