seed,dimension,time,solution,dual_gap,rel_dual_gap,termination,ncalls
5,95,1103.086,6.790135936528818,0.06695308046930748,0.009958539266705145,OPTIMAL,169053
