seed,dimension,p,k,time,solution,dual_gap,rel_dual_gap,termination,ncalls
3,28,140,6.0,1801.614,4.363373393383866,0.05387800762940387,0.01250216157731689,Time limit reached,317692
