seed,dimension,p,k,time,solution,dual_gap,rel_dual_gap,termination,ncalls
6,20,100,4.0,4.602,4.988954673698697,0.0410881173864599,0.008304208878479505,OPTIMAL,36
