seed,dimension,p,k,time,solution,dual_gap,rel_dual_gap,termination,ncalls
5,15,75,3.0,5.104,3.5392833726599346,0.032782410656627015,0.0093490379759936,OPTIMAL,124
