seed,dimension,p,k,Ns,time,solution,dual_gap,rel_dual_gap,termination,ncalls
2,70,70,35.0,1.0,1803.443,-2864.369933609863,22.919685658454455,0.008001649992733164,Time limit reached,36828
