seed,dimension,time,solution,dual_gap,rel_dual_gap,termination,ncalls
4,120,1801.758,-0.1885787095444419,16.606770709653407,88.0628080962646,Time limit reached,414152
