seed,dimension,p,k,Ns,time,solution,dual_gap,rel_dual_gap,termination,ncalls
2,50,50,25.0,1.0,1801.728,0.29674654871157585,0.03127659586500153,0.11781595442207174,Time limit reached,47197
