seed,dimension,p,k,Ns,time,solution,dual_gap,rel_dual_gap,termination,ncalls
5,50,50,25.0,1.0,1804.787,0.4613773066411926,0.013551087414731489,0.030259700823543883,Time limit reached,31673
