seed,dimension,time,solution,dual_gap,rel_dual_gap,termination,ncalls
6,95,73.869,-0.7492185743596956,0.005556590530324423,0.0074165146467080716,OPTIMAL,12507
