seed,dimension,p,k,time,solution,dual_gap,rel_dual_gap,termination,ncalls
3,19,95,4.0,409.454,3.632958060800821,0.03596347909666919,0.009998202187902863,OPTIMAL,70588
