seed,dimension,p,k,time,solution,dual_gap,rel_dual_gap,termination,ncalls
5,23,115,5.0,25.095,5.519353385927931,0.0542225039922446,0.009921538049796825,OPTIMAL,2804
