seed,dimension,time,solution,dual_gap,rel_dual_gap,termination,ncalls
1,100,43.943,-0.8231735015894375,0.008215185978512785,0.009979896051865571,OPTIMAL,11793
