seed,dimension,time,solution,dual_gap,rel_dual_gap,termination,ncalls
3,110,1800.014,-11.503336223056046,2.7954396308421927,0.24301120793455686,Time limit reached,406408
