seed,dimension,p,k,Ns,time,solution,dual_gap,rel_dual_gap,termination,ncalls
1,90,90,45.0,0.1,1801.916,0.836027139905809,0.07601868686054147,0.10002347547049409,Time limit reached,25631
