seed,dimension,p,k,Ns,time,solution,dual_gap,rel_dual_gap,termination,ncalls
9,70,70,35.0,0.1,1805.001,0.22895179621613856,0.021304376373116968,0.10259880132015492,Time limit reached,27959
