seed,dimension,time,solution,dual_gap,rel_dual_gap,termination,ncalls
1,90,753.399,9.436663323353024,0.08876123546756709,0.009495310780222917,OPTIMAL,109437
