seed,dimension,p,k,time,solution,dual_gap,rel_dual_gap,termination,ncalls
10,15,75,3.0,4.352,3.146177773204278,0.02090453417297944,0.006688866084380818,OPTIMAL,14
