seed,dimension,time,solution,dual_gap,rel_dual_gap,termination,ncalls
1,20,12.689,-1.5315296315467162,0.01404683905769799,0.009171770998326598,OPTIMAL,3382
