seed,dimension,p,k,time,solution,dual_gap,rel_dual_gap,termination,ncalls
3,27,135,6.0,1800.002,4.457530395820922,0.06831968478080341,0.015565369101319263,Time limit reached,218723
