seed,dimension,p,k,time,solution,dual_gap,rel_dual_gap,termination,ncalls
5,22,110,5.0,15.732,5.183929732888858,0.050683944145743176,0.009873663999664672,OPTIMAL,1353
