seed,dimension,time,solution,dual_gap,rel_dual_gap,termination,ncalls
7,45,29.674,-2.0851632368531963,0.014388589648951289,0.0069004619852523815,OPTIMAL,12209
