seed,dimension,p,k,Ns,time,solution,dual_gap,rel_dual_gap,termination,ncalls
7,50,50,25.0,0.1,1803.613,0.7742116418497522,0.005924160198289785,0.007710863888548051,Time limit reached,24498
