seed,dimension,var_A,p,k,M,time,solution,dual_gap,rel_dual_gap,termination,ncalls
2,10,5,50,10.0,1.0,1801.563,0.3342053208652731,0.06753237294378667,0.2532404335353486,Time limit reached,282078
