seed,dimension,p,k,time,solution,dual_gap,rel_dual_gap,termination,ncalls
10,23,115,5.0,4.875,3.034468529743283,0.02787144638745298,0.00927009692843316,OPTIMAL,97
