seed,dimension,var_A,p,k,M,time,solution,dual_gap,rel_dual_gap,termination,ncalls
3,15,5,75,15.0,0.1,1801.973,0.24562640247334688,0.028014966502643734,0.12873848461904994,Time limit reached,260137
