seed,dimension,time,solution,dual_gap,rel_dual_gap,termination,ncalls
2,80,9.294,-0.2762791437810102,0.0017755922016431391,0.006426805068755185,OPTIMAL,1931
