seed,dimension,var_A,p,k,M,time,solution,dual_gap,rel_dual_gap,termination,ncalls
5,20,1,100,20.0,1.0,1801.657,0.6931471805599454,0.3202943287350781,0.8590368215435391,Time limit reached,184900
