seed,dimension,time,solution,dual_gap,rel_dual_gap,termination,ncalls
7,50,62.627,-0.622202907495688,0.004746186609076775,0.00762803669333491,OPTIMAL,19802
