seed,n0,m0,M,time,solution,dual_gap,rel_dual_gap,termination,ncalls
1,3,26,20.0,4.558,3.352452770160834,5.140052650176585e-8,1.5332215191023807e-8,OPTIMAL,102
