seed,dimension,time,solution,dual_gap,rel_dual_gap,termination,ncalls
9,65,5.908,-0.13303934746712293,0.0011733413008876425,0.008819505832119344,OPTIMAL,1335
