seed,dimension,time,solution,dual_gap,rel_dual_gap,termination,ncalls
6,20,5.149,1.6345951570202115,0.009878438097671083,0.0060800987535981925,OPTIMAL,662
