seed,dimension,time,solution,dual_gap,rel_dual_gap,termination,ncalls
6,55,241.76,3.8232969275369757,0.037341045462610634,0.009863042947597975,OPTIMAL,38106
