seed,dimension,var_A,p,k,M,time,solution,dual_gap,rel_dual_gap,termination,ncalls
2,10,5,50,10.0,0.1,1801.897,0.3194128293759913,0.005989518349800604,0.019109996414083254,Time limit reached,304077
