seed,dimension,time,solution,dual_gap,rel_dual_gap,termination,ncalls
6,55,10.61,-0.4235211986817024,0.0034321767531359515,0.00810390781811941,OPTIMAL,2576
