seed,dimension,p,k,Ns,time,solution,dual_gap,rel_dual_gap,termination,ncalls
3,90,90,45.0,5.0,8.32,-1.7500615673582744e7,1.3772510484236497e7,0.7869729123316594,OPTIMAL,18
