seed,dimension,time,solution,dual_gap,rel_dual_gap,termination,ncalls
1,45,5.722,-0.449027393477717,0.0016851180422364775,0.003752817905351473,OPTIMAL,1028
