seed,dimension,p,k,Ns,time,solution,dual_gap,rel_dual_gap,termination,ncalls
2,70,70,35.0,1.0,1801.984,0.2843021667961945,0.03603544966435768,0.14514812972381555,Time limit reached,23360
