seed,dimension,p,k,Ns,time,solution,dual_gap,rel_dual_gap,termination,ncalls
4,70,70,35.0,5.0,1801.835,0.5294348237488671,0.055945028950689535,0.11815466682768908,Time limit reached,33691
