seed,dimension,p,k,time,solution,dual_gap,rel_dual_gap,termination,ncalls
1,30,150,6.0,260.965,2.0182485579414875,0.019883643357717196,0.00994995619299024,OPTIMAL,27676
