seed,dimension,p,k,Ns,time,solution,dual_gap,rel_dual_gap,termination,ncalls
5,90,90,45.0,0.1,1801.782,0.8692761132992008,0.08941016650573475,0.1146481223771314,Time limit reached,22341
