seed,dimension,time,solution,dual_gap,rel_dual_gap,termination,ncalls
2,80,14.149,-0.27665106655398336,0.0014036694286699847,0.005073790049517428,OPTIMAL,1931
