seed,dimension,p,k,Ns,time,solution,dual_gap,rel_dual_gap,termination,ncalls
9,90,90,45.0,5.0,1801.928,-1.0019026852592214,0.2048404576637115,0.20445145090185413,Time limit reached,20887
