seed,dimension,p,k,Ns,time,solution,dual_gap,rel_dual_gap,termination,ncalls
7,90,90,45.0,5.0,1801.908,0.11320064390932157,0.04958633435933858,0.779483966895493,Time limit reached,19666
