seed,dimension,p,k,Ns,time,solution,dual_gap,rel_dual_gap,termination,ncalls
7,90,90,45.0,10.0,1801.948,0.11555898297890953,0.052309042447941975,0.8270212115429761,Time limit reached,17607
