seed,dimension,time,solution,dual_gap,rel_dual_gap,termination,ncalls
5,55,8.134,-0.5622947946280218,0.0036765214766650844,0.006538423460059301,OPTIMAL,916
