seed,dimension,p,k,time,solution,dual_gap,rel_dual_gap,termination,ncalls
9,28,140,6.0,16.94,2.6332114394326687,0.0260617544743611,0.009996263208331234,OPTIMAL,2596
