seed,dimension,time,solution,dual_gap,rel_dual_gap,termination,ncalls
9,70,11.091,-0.2041692591922753,0.0017813861839020007,0.008725046027739122,OPTIMAL,1740
