seed,dimension,time,solution,dual_gap,rel_dual_gap,termination,ncalls
6,45,8.076,-0.39650668528859595,0.000656006228833661,0.001654464484895606,OPTIMAL,1768
