seed,dimension,p,k,time,solution,dual_gap,rel_dual_gap,termination,ncalls
10,30,150,6.0,6.4,3.198611710346478,0.03070798465336333,0.009693471554803844,OPTIMAL,251
