seed,dimension,p,k,time,solution,dual_gap,rel_dual_gap,termination,ncalls
1,24,120,5.0,39.418,2.0309586934341795,0.020086888360369315,0.009989144166070803,OPTIMAL,5014
