seed,dimension,p,k,Ns,time,solution,dual_gap,rel_dual_gap,termination,ncalls
6,50,50,25.0,10.0,1801.839,0.6408045808419942,0.02538073095710791,0.041241058437782877,Time limit reached,63121
