seed,dimension,time,solution,dual_gap,rel_dual_gap,termination,ncalls
3,55,6.138,-1.1686340529056258,0.011325884555568155,0.009691557872550534,OPTIMAL,866
