seed,dimension,time,solution,dual_gap,rel_dual_gap,termination,ncalls
5,90,121.918,-0.7570981581607453,0.0070289331229824725,0.009284044674019807,OPTIMAL,24747
