seed,dimension,p,k,time,solution,dual_gap,rel_dual_gap,termination,ncalls
10,28,140,6.0,16.987,2.982443494398932,0.029488470082236873,0.00998608845695522,OPTIMAL,1507
