seed,dimension,p,k,Ns,time,solution,dual_gap,rel_dual_gap,termination,ncalls
7,70,70,35.0,5.0,1801.808,0.5412762140641039,0.04600217836277193,0.0928822733411224,Time limit reached,34099
