seed,dimension,p,k,Ns,time,solution,dual_gap,rel_dual_gap,termination,ncalls
9,50,50,25.0,5.0,1803.353,0.13737850008402197,0.01752954778426981,0.14626367146228325,Time limit reached,38371
