seed,dimension,time,solution,dual_gap,rel_dual_gap,termination,ncalls
7,85,166.998,-1.2977321741192887,0.011107676472107642,0.008559298053657268,OPTIMAL,44971
