seed,dimension,p,k,Ns,time,solution,dual_gap,rel_dual_gap,termination,ncalls
2,50,50,25.0,10.0,1801.877,0.29412725211384577,0.0286200782405977,0.10779399224165898,Time limit reached,67921
