seed,dimension,time,solution,dual_gap,rel_dual_gap,termination,ncalls
4,35,3.98,0.134659498129596,0.0007761519104666492,0.005797225214227221,OPTIMAL,639
