seed,dimension,time,solution,dual_gap,rel_dual_gap,termination,ncalls
7,95,78.789,-0.8826924527124598,0.004381507134525009,0.004963798116842289,OPTIMAL,15896
