seed,dimension,time,solution,dual_gap,rel_dual_gap,termination,ncalls
9,35,4.215,0.20876408919859724,0.007063072945484694,0.03501753772336633,OPTIMAL,660
