seed,dimension,time,solution,dual_gap,rel_dual_gap,termination,ncalls
8,105,1693.042,-1.647776613394731,0.010694006363172193,0.006489961246106364,OPTIMAL,381571
