seed,dimension,time,solution,dual_gap,rel_dual_gap,termination,ncalls
9,90,604.978,-1.8365313476435592,0.010676891712488867,0.005813618006677813,OPTIMAL,182213
