seed,dimension,p,k,time,solution,dual_gap,rel_dual_gap,termination,ncalls
3,16,80,4.0,195.309,3.048834351864469,0.030054537754426125,0.00995585620850801,OPTIMAL,35564
