seed,dimension,p,k,time,solution,dual_gap,rel_dual_gap,termination,ncalls
2,15,75,3.0,19.069,1.5912331179212327,0.014844560778259464,0.009416815867506397,OPTIMAL,1789
