seed,dimension,time,solution,dual_gap,rel_dual_gap,termination,ncalls
10,50,5.665,0.015598867600912836,0.0009210637938709132,0.06275215324986272,OPTIMAL,977
