seed,dimension,p,k,Ns,time,solution,dual_gap,rel_dual_gap,termination,ncalls
7,50,50,25.0,10.0,1804.188,0.18601565508238233,0.02337074682580287,0.14369184425333803,Time limit reached,29907
