seed,dimension,p,k,Ns,time,solution,dual_gap,rel_dual_gap,termination,ncalls
9,50,50,25.0,10.0,1805.005,0.13217083751741635,0.012248222097054798,0.10213438102664316,Time limit reached,32325
