seed,dimension,time,solution,dual_gap,rel_dual_gap,termination,ncalls
4,95,16.755,-0.14401631978364376,0.00043115550351557896,0.0029937961486816594,OPTIMAL,2700
