seed,dimension,time,solution,dual_gap,rel_dual_gap,termination,ncalls
3,90,11.337,-0.5403610249581415,0.005363441436975092,0.009925663009079096,OPTIMAL,2192
