seed,dimension,time,solution,dual_gap,rel_dual_gap,termination,ncalls
7,30,29.3,6.586997625277683,0.04502196562055971,0.006882013624446807,OPTIMAL,6077
