seed,dimension,p,k,Ns,time,solution,dual_gap,rel_dual_gap,termination,ncalls
4,70,70,35.0,5.0,7.008,-497.65893816227657,2.0390245936141582e-8,4.0972329385738336e-11,OPTIMAL,36
