seed,n0,m0,M,time,solution,dual_gap,rel_dual_gap,termination,ncalls
6,2,22,20.0,4.296,0.6513958580723096,7.921392297660645e-8,1.2160644196287854e-7,OPTIMAL,41
