seed,dimension,p,k,Ns,time,solution,dual_gap,rel_dual_gap,termination,ncalls
4,90,90,45.0,1.0,1802.011,-1.3631633489115382,0.2393416756863147,0.17557813293426996,Time limit reached,15861
