seed,dimension,p,k,Ns,time,solution,dual_gap,rel_dual_gap,termination,ncalls
10,70,70,35.0,10.0,1801.889,0.997507238294562,0.018808581701053484,0.01921794985038527,Time limit reached,21779
