seed,dimension,p,k,time,solution,dual_gap,rel_dual_gap,termination,ncalls
1,30,150,6.0,220.366,2.0182483059101366,0.01988339132636674,0.009949830074207522,OPTIMAL,27676
