seed,dimension,time,solution,dual_gap,rel_dual_gap,termination,ncalls
9,90,644.311,-1.8294300415263365,0.017778197829734665,0.00971788886493954,OPTIMAL,182213
