seed,dimension,p,k,Ns,time,solution,dual_gap,rel_dual_gap,termination,ncalls
7,70,70,35.0,1.0,1801.93,0.5380874348374264,0.042641145967852956,0.08606613254717156,Time limit reached,24858
