seed,dimension,time,solution,dual_gap,rel_dual_gap,termination,ncalls
5,60,84.895,-2.4181623064905846,0.018291160818324492,0.007564074904827201,OPTIMAL,29077
