seed,dimension,time,solution,dual_gap,rel_dual_gap,termination,ncalls
7,90,1800.006,6.634357095521326,3.7957093809790443,1.3371540827464337,Time limit reached,303866
