seed,dimension,p,k,time,solution,dual_gap,rel_dual_gap,termination,ncalls
5,19,95,4.0,10.119,5.052999834779796,0.04766608983295395,0.009523059252757215,OPTIMAL,1193
