seed,dimension,p,k,time,solution,dual_gap,rel_dual_gap,termination,ncalls
5,30,150,6.0,43.693,6.0490185074364735,0.05568519900637359,0.00929119008416367,OPTIMAL,4376
