seed,dimension,p,k,time,solution,dual_gap,rel_dual_gap,termination,ncalls
3,29,145,6.0,1800.008,4.6434855914450495,0.1687438094494329,0.03771028981569024,Time limit reached,209683
