seed,dimension,p,k,time,solution,dual_gap,rel_dual_gap,termination,ncalls
8,29,145,6.0,6.974,3.7775892964014806,0.03696282479891222,0.00988145303454384,OPTIMAL,295
