seed,dimension,time,solution,dual_gap,rel_dual_gap,termination,ncalls
5,90,118.561,-0.7570981581607455,0.007028933122979142,0.009284044674015404,OPTIMAL,24747
