seed,dimension,p,k,time,solution,dual_gap,rel_dual_gap,termination,ncalls
7,20,100,4.0,48.147,3.5343833384124,0.03498491030713602,0.009997406990343329,OPTIMAL,5888
