seed,dimension,p,k,time,solution,dual_gap,rel_dual_gap,termination,ncalls
8,22,110,5.0,4.565,3.4205385181369294,0.02620762564403023,0.007720999064054877,OPTIMAL,81
