seed,dimension,p,k,time,solution,dual_gap,rel_dual_gap,termination,ncalls
7,19,95,4.0,23.933,3.1937334111517086,0.031471052130146226,0.009952068663867506,OPTIMAL,3396
