seed,dimension,p,k,Ns,time,solution,dual_gap,rel_dual_gap,termination,ncalls
3,90,90,45.0,0.1,1809.608,0.4511744564812673,0.03470108620789081,0.08332126057690731,Time limit reached,13311
