seed,dimension,p,k,time,solution,dual_gap,rel_dual_gap,termination,ncalls
4,20,100,4.0,41.761,5.580436166904931,0.05472488212407889,0.009903681047325884,OPTIMAL,5576
