seed,dimension,time,solution,dual_gap,rel_dual_gap,termination,ncalls
3,115,90.847,-0.6480667468561971,0.0059716386671268,0.00921454263175129,OPTIMAL,17618
