seed,dimension,time,solution,dual_gap,rel_dual_gap,termination,ncalls
6,90,13.282,-0.274674186799064,0.000432131350103393,0.001573250676152964,OPTIMAL,2382
