seed,dimension,time,solution,dual_gap,rel_dual_gap,termination,ncalls
5,35,60.597,6.94535893937668,0.06704448417721665,0.009747225808575283,OPTIMAL,11421
