seed,dimension,var_A,p,k,M,time,solution,dual_gap,rel_dual_gap,termination,ncalls
9,15,5,75,15.0,0.1,1801.68,0.2708310708372523,0.03674112273541574,0.15695301328971287,Time limit reached,252582
