seed,dimension,time,solution,dual_gap,rel_dual_gap,termination,ncalls
5,55,5.417,-0.5609877452578045,0.00498357084688239,0.008883564550224118,OPTIMAL,916
