seed,dimension,p,k,Ns,time,solution,dual_gap,rel_dual_gap,termination,ncalls
1,70,70,35.0,10.0,13.237,0.2221550279958566,0.0021844951821662073,0.009930853711285142,OPTIMAL,2121
