seed,dimension,p,k,time,solution,dual_gap,rel_dual_gap,termination,ncalls
5,20,100,4.0,10.529,5.115779849156898,0.048784368216541196,0.009627868901806788,OPTIMAL,853
