seed,dimension,p,k,time,solution,dual_gap,rel_dual_gap,termination,ncalls
9,19,95,4.0,4.557,2.2541731279153843,0.008778041790987512,0.003909352899733388,OPTIMAL,29
