seed,dimension,time,solution,dual_gap,rel_dual_gap,termination,ncalls
2,95,58.095,-1.1102654579321554,0.01027799283945341,0.009257239127835194,OPTIMAL,11979
