seed,dimension,p,k,Ns,time,solution,dual_gap,rel_dual_gap,termination,ncalls
6,50,50,25.0,0.1,1801.738,0.909050701593275,0.026242452370949687,0.02972610688002398,Time limit reached,58351
