seed,dimension,var_A,p,k,M,time,solution,dual_gap,rel_dual_gap,termination,ncalls
2,20,5,100,20.0,0.1,1801.379,0.6931471805599454,0.4008795987932092,1.3716184202501056,Time limit reached,185845
