seed,dimension,time,solution,dual_gap,rel_dual_gap,termination,ncalls
3,50,11.595,-0.5845514150338331,0.004471748360153738,0.007649880310177538,OPTIMAL,3005
