seed,dimension,p,k,time,solution,dual_gap,rel_dual_gap,termination,ncalls
6,27,135,6.0,5.32,4.891073030605398,0.04724866464967015,0.009754413265219121,OPTIMAL,171
