seed,dimension,p,k,Ns,time,solution,dual_gap,rel_dual_gap,termination,ncalls
5,50,50,25.0,5.0,1803.763,0.4658717333701699,0.01803562579827922,0.040272826360665835,Time limit reached,35915
