seed,dimension,p,k,time,solution,dual_gap,rel_dual_gap,termination,ncalls
7,28,140,6.0,912.589,4.096105250978201,0.04048921060105748,0.009983492075668057,OPTIMAL,107333
