seed,dimension,p,k,time,solution,dual_gap,rel_dual_gap,termination,ncalls
8,21,105,5.0,4.434,3.18506704313954,0.027107396780276183,0.008583832542485985,OPTIMAL,16
