seed,dimension,p,k,time,solution,dual_gap,rel_dual_gap,termination,ncalls
3,27,135,6.0,1801.661,4.457526586478268,0.04416082847869607,0.01000615650281219,Time limit reached,281502
