seed,dimension,p,k,time,solution,dual_gap,rel_dual_gap,termination,ncalls
6,29,145,6.0,4.401,5.185528324382068,0.043912768521468415,0.008540655761673012,OPTIMAL,47
