seed,dimension,p,k,time,solution,dual_gap,rel_dual_gap,termination,ncalls
9,20,100,4.0,5.351,2.018599533665041,0.019590837429828367,0.009800276240280657,OPTIMAL,131
