seed,dimension,time,solution,dual_gap,rel_dual_gap,termination,ncalls
9,45,4.47,0.06010751297476208,0.0035341881776846384,0.06247092937106665,OPTIMAL,759
