seed,dimension,p,k,time,solution,dual_gap,rel_dual_gap,termination,ncalls
3,15,75,3.0,63.97,3.3580743194150378,0.03314935270314834,0.009969955122304806,OPTIMAL,10215
