seed,dimension,p,k,time,solution,dual_gap,rel_dual_gap,termination,ncalls
8,16,80,4.0,4.399,2.184609443865386,0.020254817933436975,0.009358363777708312,OPTIMAL,30
