seed,dimension,p,k,time,solution,dual_gap,rel_dual_gap,termination,ncalls
5,24,120,5.0,47.232,5.482109670783845,0.05420845590217027,0.009987001191832115,OPTIMAL,6861
