seed,dimension,var_A,p,k,M,time,solution,dual_gap,rel_dual_gap,termination,ncalls
1,15,1,75,15.0,1.0,1801.616,0.6504583794407992,0.033069696416302086,0.05356382020852482,Time limit reached,208982
