seed,dimension,time,solution,dual_gap,rel_dual_gap,termination,ncalls
7,25,3.478,-0.24333781060407522,0.00712560546997365,0.029282771355115974,OPTIMAL,404
