seed,dimension,time,solution,dual_gap,rel_dual_gap,termination,ncalls
7,105,352.211,23.8377504420782,0.23473677887081834,0.009945203702386888,OPTIMAL,45802
