seed,dimension,p,k,Ns,time,solution,dual_gap,rel_dual_gap,termination,ncalls
5,70,70,35.0,10.0,1801.937,-1.709655278050311,0.16349442852497842,0.0956300551485603,Time limit reached,34176
