seed,dimension,p,k,Ns,time,solution,dual_gap,rel_dual_gap,termination,ncalls
6,50,50,25.0,1.0,1804.809,0.6255786315799641,0.010104686492431902,0.01641773233957909,Time limit reached,40814
