seed,dimension,p,k,Ns,time,solution,dual_gap,rel_dual_gap,termination,ncalls
10,90,90,45.0,10.0,1801.847,0.08090791450766963,0.07427850545821185,11.204393167485591,Time limit reached,17916
