seed,dimension,p,k,time,solution,dual_gap,rel_dual_gap,termination,ncalls
4,29,145,6.0,51.11,5.46811680754889,0.053663269146172254,0.009911114531791347,OPTIMAL,4965
