seed,dimension,p,k,time,solution,dual_gap,rel_dual_gap,termination,ncalls
6,17,85,4.0,4.02,3.43243082356611,0.024086452514132883,0.007066906947169384,OPTIMAL,13
