seed,dimension,p,k,time,solution,dual_gap,rel_dual_gap,termination,ncalls
10,17,85,4.0,4.562,3.263724871380578,0.03035727924799314,0.009388749773412194,OPTIMAL,35
