seed,dimension,time,solution,dual_gap,rel_dual_gap,termination,ncalls
8,105,1568.041,-1.642942762576508,0.015527857181395044,0.00945124658940877,OPTIMAL,381571
