seed,dimension,time,solution,dual_gap,rel_dual_gap,termination,ncalls
3,45,5.658,-0.5450628653715336,0.005032706161082756,0.009233258181425166,OPTIMAL,1061
