seed,dimension,var_A,p,k,M,time,solution,dual_gap,rel_dual_gap,termination,ncalls
5,15,5,75,15.0,0.1,1801.955,0.3455758499713273,0.057531353670113416,0.19973078607255088,Time limit reached,235021
