seed,dimension,p,k,time,solution,dual_gap,rel_dual_gap,termination,ncalls
5,21,105,5.0,48.161,5.48922185529245,0.05368664710457427,0.009876975320425268,OPTIMAL,5419
