seed,dimension,p,k,Ns,time,solution,dual_gap,rel_dual_gap,termination,ncalls
7,90,90,45.0,0.1,1801.842,0.8450846270109141,0.05856508471070043,0.07446106747637073,Time limit reached,32367
