seed,dimension,p,k,time,solution,dual_gap,rel_dual_gap,termination,ncalls
1,26,130,6.0,968.162,1.8799588900749675,0.018612332403986853,0.009999391208091646,OPTIMAL,115967
