seed,dimension,time,solution,dual_gap,rel_dual_gap,termination,ncalls
2,55,102.001,-0.908569308346892,0.0056288741619408,0.00619531620783265,OPTIMAL,26892
