seed,dimension,time,solution,dual_gap,rel_dual_gap,termination,ncalls
6,105,355.534,11.26227722768438,0.10997242130883045,0.009860959076904123,OPTIMAL,48520
