seed,dimension,p,k,Ns,time,solution,dual_gap,rel_dual_gap,termination,ncalls
8,70,70,35.0,1.0,1801.99,0.840623895935512,0.032124766042010644,0.03973382883694908,Time limit reached,29571
