seed,dimension,time,solution,dual_gap,rel_dual_gap,termination,ncalls
1,95,11.622,-0.032575440614084294,0.0006863410042832196,0.021069277693406663,OPTIMAL,2835
