seed,dimension,p,k,time,solution,dual_gap,rel_dual_gap,termination,ncalls
10,24,120,5.0,7.257,2.5919150187022093,0.02478957136640858,0.009656548491674043,OPTIMAL,500
