seed,dimension,time,solution,dual_gap,rel_dual_gap,termination,ncalls
6,20,2.879,0.3585119220547477,0.0033804537117966826,0.009518879663269303,OPTIMAL,261
