seed,dimension,p,k,time,solution,dual_gap,rel_dual_gap,termination,ncalls
9,16,80,4.0,4.744,1.6367785124373262,0.014532508433734437,0.008958264281662093,OPTIMAL,80
