seed,dimension,p,k,time,solution,dual_gap,rel_dual_gap,termination,ncalls
10,20,100,4.0,5.124,2.3902751479788935,0.02160637414211397,0.00912173723095774,OPTIMAL,104
