seed,dimension,p,k,time,solution,dual_gap,rel_dual_gap,termination,ncalls
10,27,135,6.0,6.262,3.2617850351808957,0.03129430085972418,0.009687166264632579,OPTIMAL,250
