seed,dimension,p,k,time,solution,dual_gap,rel_dual_gap,termination,ncalls
3,22,110,5.0,372.899,3.5577863670987497,0.027297942447276125,0.007732058334101733,OPTIMAL,59025
