seed,dimension,p,k,Ns,time,solution,dual_gap,rel_dual_gap,termination,ncalls
5,50,50,25.0,10.0,1804.285,0.4614366516900606,0.013631151563670896,0.030439893122848217,Time limit reached,27439
