seed,dimension,time,solution,dual_gap,rel_dual_gap,termination,ncalls
10,110,541.491,16.021867017006713,0.1433033300877007,0.009024955462801463,OPTIMAL,69491
