seed,dimension,time,solution,dual_gap,rel_dual_gap,termination,ncalls
6,60,6.032,-0.057808404136968305,0.005089157322069049,0.08803490423314675,OPTIMAL,1368
