seed,dimension,time,solution,dual_gap,rel_dual_gap,termination,ncalls
6,70,77.646,19.20500127073272,0.18906028987800738,0.009942200076680594,OPTIMAL,11075
