seed,dimension,p,k,time,solution,dual_gap,rel_dual_gap,termination,ncalls
2,29,145,6.0,1801.818,2.0424263803112144,0.1085978195708226,0.05615690127631815,Time limit reached,242562
