seed,dimension,p,k,Ns,time,solution,dual_gap,rel_dual_gap,termination,ncalls
2,50,50,25.0,5.0,1804.072,0.2752792025462422,0.009655177461835751,0.036349036796530954,Time limit reached,44348
