seed,dimension,p,k,time,solution,dual_gap,rel_dual_gap,termination,ncalls
9,30,150,6.0,16.011,2.6758642589822386,0.026199779080997576,0.00988796101534112,OPTIMAL,1500
