seed,dimension,p,k,Ns,time,solution,dual_gap,rel_dual_gap,termination,ncalls
1,50,50,25.0,5.0,1804.688,0.5068305288629139,0.019350139404434363,0.0396941904184691,Time limit reached,41166
