seed,dimension,time,solution,dual_gap,rel_dual_gap,termination,ncalls
10,20,3.173,-0.1472872866591634,0.007074530208586061,0.0480321850517702,OPTIMAL,249
