seed,dimension,p,k,Ns,time,solution,dual_gap,rel_dual_gap,termination,ncalls
8,70,70,35.0,10.0,1810.598,0.8239742884462351,0.01577689745019273,0.019521094259842747,Time limit reached,27243
