seed,dimension,p,k,time,solution,dual_gap,rel_dual_gap,termination,ncalls
7,24,120,5.0,195.555,3.6739884198705677,0.03635879656303942,0.009995189265580053,OPTIMAL,26378
