seed,dimension,p,k,Ns,time,solution,dual_gap,rel_dual_gap,termination,ncalls
9,50,50,25.0,1.0,1804.366,0.1354884711432665,0.01565622492850137,0.13065118466061337,Time limit reached,38735
