seed,dimension,var_A,p,k,M,time,solution,dual_gap,rel_dual_gap,termination,ncalls
3,15,1,75,15.0,0.1,1801.596,0.616218501365392,0.021115211174204673,0.035481590376388344,Time limit reached,268256
