seed,dimension,p,k,Ns,time,solution,dual_gap,rel_dual_gap,termination,ncalls
7,50,50,25.0,1.0,1804.676,0.18329837823476453,0.020546461740327066,0.1262440540356359,Time limit reached,28266
