seed,dimension,p,k,time,solution,dual_gap,rel_dual_gap,termination,ncalls
5,29,145,6.0,94.371,6.393902999859767,0.06319423096293253,0.009982173129398988,OPTIMAL,12982
