seed,dimension,time,solution,dual_gap,rel_dual_gap,termination,ncalls
1,95,247.039,30.948564636447877,0.2993671924565575,0.009767537730918548,OPTIMAL,30407
