seed,dimension,time,solution,dual_gap,rel_dual_gap,termination,ncalls
7,80,13.841,-0.2620474600160857,0.002567755112027781,0.009798817022955155,OPTIMAL,1715
