seed,dimension,p,k,Ns,time,solution,dual_gap,rel_dual_gap,termination,ncalls
5,90,90,45.0,10.0,1808.309,0.3114607989707457,0.05218637517052638,0.20127853108541838,Time limit reached,17528
