seed,dimension,time,solution,dual_gap,rel_dual_gap,termination,ncalls
9,70,7.576,-0.2041692591724138,0.001781386203763502,0.008725046125867478,OPTIMAL,1740
