seed,dimension,time,solution,dual_gap,rel_dual_gap,termination,ncalls
8,95,21.492,-0.8061433966474023,0.007429969018840854,0.00921668409087104,OPTIMAL,3260
