seed,dimension,p,k,time,solution,dual_gap,rel_dual_gap,termination,ncalls
6,21,105,5.0,4.608,4.15033550991732,0.02448867307620528,0.005935429511715617,OPTIMAL,35
