seed,dimension,var_A,p,k,M,time,solution,dual_gap,rel_dual_gap,termination,ncalls
1,20,5,100,20.0,0.1,1802.058,0.18887405695772497,0.03687175483534241,0.24257366053348078,Time limit reached,212993
