seed,dimension,time,solution,dual_gap,rel_dual_gap,termination,ncalls
3,105,29.173,-0.6683913823079185,0.005446437674446969,0.008148575548117811,OPTIMAL,5777
