seed,dimension,time,solution,dual_gap,rel_dual_gap,termination,ncalls
6,110,605.676,35.09270500791037,0.34398266483727014,0.009899145684872657,OPTIMAL,77389
