seed,dimension,p,k,Ns,time,solution,dual_gap,rel_dual_gap,termination,ncalls
2,90,90,45.0,0.1,1801.884,0.8229861560750843,0.08855762020222513,0.12058030955588551,Time limit reached,21818
