seed,dimension,time,solution,dual_gap,rel_dual_gap,termination,ncalls
4,80,13.27,-0.2675062717205098,0.00020344846607128764,0.0007605371820360547,OPTIMAL,1627
