seed,dimension,time,solution,dual_gap,rel_dual_gap,termination,ncalls
8,75,120.331,10.74842082034713,0.10574350244196928,0.00993579898021217,OPTIMAL,17174
