seed,dimension,time,solution,dual_gap,rel_dual_gap,termination,ncalls
1,65,5.522,-0.17394992624951394,0.0004436280493290701,0.002550320422054848,OPTIMAL,1093
