seed,dimension,time,solution,dual_gap,rel_dual_gap,termination,ncalls
4,55,80.331,9.11070901180248,0.089576669972665,0.009929648139326107,OPTIMAL,11900
