seed,dimension,p,k,time,solution,dual_gap,rel_dual_gap,termination,ncalls
2,22,110,5.0,1801.583,2.069724617321463,0.06335191216296998,0.03157534589664661,Time limit reached,307044
