seed,dimension,p,k,time,solution,dual_gap,rel_dual_gap,termination,ncalls
10,18,90,4.0,4.617,3.0832607412508426,0.024662917510398064,0.00806347186902693,OPTIMAL,49
