seed,dimension,p,k,time,solution,dual_gap,rel_dual_gap,termination,ncalls
4,15,75,3.0,12.463,5.039099478655551,0.0486203301047361,0.00974261762397203,OPTIMAL,969
