seed,dimension,time,solution,dual_gap,rel_dual_gap,termination,ncalls
1,80,8.682,-0.21389664876688513,0.0007191775470345996,0.003362266548731177,OPTIMAL,1913
