seed,dimension,p,k,Ns,time,solution,dual_gap,rel_dual_gap,termination,ncalls
8,50,50,25.0,0.1,1803.131,0.7122996556451228,0.012218890902436219,0.017453544673416716,Time limit reached,37645
