seed,dimension,time,solution,dual_gap,rel_dual_gap,termination,ncalls
5,45,5.09,-0.21299349192335076,0.000666473612772639,0.0031290797045220543,OPTIMAL,840
