seed,dimension,p,k,time,solution,dual_gap,rel_dual_gap,termination,ncalls
9,24,120,5.0,4.632,2.2825016876582915,0.018285321262470955,0.00807578353988207,OPTIMAL,89
