seed,dimension,p,k,time,solution,dual_gap,rel_dual_gap,termination,ncalls
4,25,125,5.0,14.703,4.560058701673463,0.04067820986807913,0.009000837601931844,OPTIMAL,1279
