seed,dimension,p,k,time,solution,dual_gap,rel_dual_gap,termination,ncalls
9,18,90,4.0,4.837,1.835192389005201,0.014373974572135184,0.00789423835907915,OPTIMAL,88
