seed,dimension,p,k,time,solution,dual_gap,rel_dual_gap,termination,ncalls
6,26,130,6.0,7.535,4.700437511796861,0.04454966816924966,0.009568458190036428,OPTIMAL,503
