seed,dimension,p,k,time,solution,dual_gap,rel_dual_gap,termination,ncalls
7,27,135,6.0,1800.028,4.246650239433944,0.15684745516480714,0.03835086028306775,Time limit reached,226156
