seed,dimension,time,solution,dual_gap,rel_dual_gap,termination,ncalls
9,25,20.105,2.502879641257057,0.018945768163778354,0.007627323886921723,OPTIMAL,4227
