seed,dimension,time,solution,dual_gap,rel_dual_gap,termination,ncalls
8,30,3.93,-0.19815611362338292,0.0014260256034003549,0.007196475432045818,OPTIMAL,474
