seed,dimension,p,k,time,solution,dual_gap,rel_dual_gap,termination,ncalls
6,16,80,4.0,4.365,4.270684159307565,0.03009906200454271,0.0070978559123092404,OPTIMAL,14
