seed,dimension,time,solution,dual_gap,rel_dual_gap,termination,ncalls
1,30,5.126,-30.402260755051035,0.0782083899674042,0.002572453101350716,OPTIMAL,288
