seed,dimension,time,solution,dual_gap,rel_dual_gap,termination,ncalls
9,30,12.962,5.928429051887901,0.043692745030360136,0.007424758349740252,OPTIMAL,2247
