seed,dimension,p,k,Ns,time,solution,dual_gap,rel_dual_gap,termination,ncalls
5,90,90,45.0,0.1,1801.901,0.8692761132992008,0.08941216816786779,0.11465098332352103,Time limit reached,21919
