seed,dimension,time,solution,dual_gap,rel_dual_gap,termination,ncalls
8,60,37.271,-2.959108482637294,0.028752150635946272,0.009716490897393876,OPTIMAL,13817
