seed,dimension,time,solution,dual_gap,rel_dual_gap,termination,ncalls
3,20,2.943,0.22284235233361532,0.001128013183055776,0.005087687099433727,OPTIMAL,280
