seed,dimension,p,k,Ns,time,solution,dual_gap,rel_dual_gap,termination,ncalls
5,70,70,35.0,0.1,1805.293,0.4699142745680881,0.02169495942280747,0.04840255359315677,Time limit reached,19887
