seed,dimension,p,k,time,solution,dual_gap,rel_dual_gap,termination,ncalls
1,19,95,4.0,20.06,1.7514415693514003,0.01700529114468252,0.009804506143209117,OPTIMAL,1870
