seed,dimension,p,k,time,solution,dual_gap,rel_dual_gap,termination,ncalls
5,17,85,4.0,9.972,4.758950024734796,0.04657504070643803,0.009883559959530962,OPTIMAL,767
