seed,dimension,time,solution,dual_gap,rel_dual_gap,termination,ncalls
2,95,1800.013,2.847123627488698,0.7585032227843298,0.36315992177223383,Time limit reached,265593
