seed,dimension,p,k,time,solution,dual_gap,rel_dual_gap,termination,ncalls
7,18,90,4.0,58.268,3.491754799253618,0.03446897057075393,0.009969951076878624,OPTIMAL,9419
