seed,dimension,p,k,time,solution,dual_gap,rel_dual_gap,termination,ncalls
7,24,120,5.0,187.925,3.6739884198705677,0.03635879656303853,0.009995189265579806,OPTIMAL,26378
