seed,dimension,p,k,time,solution,dual_gap,rel_dual_gap,termination,ncalls
6,19,95,4.0,5.075,3.882930310924795,0.036852607785653024,0.009581867718266374,OPTIMAL,106
