seed,dimension,p,k,time,solution,dual_gap,rel_dual_gap,termination,ncalls
1,23,115,5.0,24.712,1.8673957031119208,0.018288470103100973,0.009890432407936908,OPTIMAL,3624
