seed,dimension,time,solution,dual_gap,rel_dual_gap,termination,ncalls
6,115,1800.013,-9.767470720872458,4.124959889872946,0.42231607421747075,Time limit reached,423120
