seed,dimension,time,solution,dual_gap,rel_dual_gap,termination,ncalls
9,40,9.019,-1.7151426564149048,0.014355249670633619,0.008369711765340751,OPTIMAL,2736
