seed,dimension,time,solution,dual_gap,rel_dual_gap,termination,ncalls
6,55,13.892,-0.42369280835988904,0.0032605670749493165,0.007695592208824459,OPTIMAL,2576
