seed,dimension,p,k,time,solution,dual_gap,rel_dual_gap,termination,ncalls
2,28,140,6.0,1800.025,1.9495269184815265,0.45156004162456576,0.3014486158545979,Time limit reached,218801
