seed,dimension,p,k,time,solution,dual_gap,rel_dual_gap,termination,ncalls
4,19,95,4.0,16.999,4.659490245415256,0.04607152253307589,0.009986416863608088,OPTIMAL,1705
