seed,dimension,time,solution,dual_gap,rel_dual_gap,termination,ncalls
4,30,3.885,-0.1941857803887148,0.0053385453899473245,0.02749194806777714,OPTIMAL,507
