seed,dimension,time,solution,dual_gap,rel_dual_gap,termination,ncalls
4,95,335.43,18.646584476493437,0.16464259346736654,0.00890829516234846,OPTIMAL,44194
