seed,dimension,p,k,time,solution,dual_gap,rel_dual_gap,termination,ncalls
7,18,90,4.0,69.14,3.491754799253618,0.034468970570755264,0.009969951076879015,OPTIMAL,9419
