seed,dimension,p,k,time,solution,dual_gap,rel_dual_gap,termination,ncalls
6,21,105,5.0,4.718,4.15033550991732,0.024488673076204392,0.005935429511715401,OPTIMAL,35
