seed,dimension,p,k,time,solution,dual_gap,rel_dual_gap,termination,ncalls
7,30,150,6.0,1800.018,4.631057207132473,0.15964954347723204,0.03570453769512112,Time limit reached,223216
