seed,dimension,p,k,time,solution,dual_gap,rel_dual_gap,termination,ncalls
10,16,80,4.0,4.426,1.9633169211714592,0.013510156835251808,0.00692897218450835,OPTIMAL,27
