seed,dimension,p,k,time,solution,dual_gap,rel_dual_gap,termination,ncalls
4,26,130,6.0,71.276,4.860201559916642,0.047923141249592405,0.009958513843192516,OPTIMAL,10110
