seed,dimension,var_A,p,k,M,time,solution,dual_gap,rel_dual_gap,termination,ncalls
9,20,1,100,20.0,1.0,1801.439,0.6931471805599454,0.22629706535531224,0.4847317329162917,Time limit reached,215809
