seed,dimension,time,solution,dual_gap,rel_dual_gap,termination,ncalls
10,80,15.253,-0.207432233114265,0.00013418318083796565,0.0006468771936907715,OPTIMAL,2250
