seed,dimension,p,k,Ns,time,solution,dual_gap,rel_dual_gap,termination,ncalls
6,50,50,25.0,1.0,1804.977,0.6255786315799641,0.010105442938832754,0.016418981566270974,Time limit reached,40443
