seed,dimension,time,solution,dual_gap,rel_dual_gap,termination,ncalls
4,25,10.203,3.9673796980592613,0.02470910653779912,0.006267098902691733,OPTIMAL,1804
