seed,dimension,time,solution,dual_gap,rel_dual_gap,termination,ncalls
10,75,11.615,-0.6024396484642635,0.004950892764065351,0.008218072593140485,OPTIMAL,2609
