seed,dimension,time,solution,dual_gap,rel_dual_gap,termination,ncalls
7,75,13.562,-0.4686725491580138,0.0032839996803589178,0.00700702374452853,OPTIMAL,1976
