seed,dimension,p,k,Ns,time,solution,dual_gap,rel_dual_gap,termination,ncalls
3,70,70,35.0,0.1,1804.682,0.6322465991864024,0.007485806191446898,0.011981875744093533,Time limit reached,22554
