seed,dimension,p,k,Ns,time,solution,dual_gap,rel_dual_gap,termination,ncalls
4,70,70,35.0,5.0,1801.826,0.5294348237488671,0.05594335150052515,0.11815070551298837,Time limit reached,34190
