seed,dimension,time,solution,dual_gap,rel_dual_gap,termination,ncalls
3,95,13.61,-0.5100226615900492,0.004795129949828669,0.009401797823805218,OPTIMAL,2192
