seed,dimension,p,k,time,solution,dual_gap,rel_dual_gap,termination,ncalls
2,25,125,5.0,1800.01,1.831708501396998,0.022516543541114764,0.01244563543594327,Time limit reached,221299
