seed,dimension,p,k,Ns,time,solution,dual_gap,rel_dual_gap,termination,ncalls
5,90,90,45.0,5.0,1800.565,0.33720480256808666,0.07815088082194127,0.30167804561755923,Time limit reached,14193
