seed,dimension,time,solution,dual_gap,rel_dual_gap,termination,ncalls
3,85,16.927,-0.2789093480969117,0.0008496461435533731,0.003046316480070612,OPTIMAL,4016
