seed,dimension,time,solution,dual_gap,rel_dual_gap,termination,ncalls
7,55,23.355,-0.4888052809904961,0.002436855075172162,0.004985328861902255,OPTIMAL,7534
