seed,dimension,time,solution,dual_gap,rel_dual_gap,termination,ncalls
1,60,27.507,-0.5013609924511313,0.004390520166578593,0.008757203357831126,OPTIMAL,11378
