seed,dimension,time,solution,dual_gap,rel_dual_gap,termination,ncalls
4,75,401.369,22.58669276453785,0.21736943216483695,0.009717300292685145,OPTIMAL,46973
