seed,dimension,var_A,p,k,M,time,solution,dual_gap,rel_dual_gap,termination,ncalls
2,10,1,50,10.0,0.1,1800.163,0.6484994987895639,0.007099189133393136,0.011068265834169505,Time limit reached,553546
