seed,dimension,p,k,time,solution,dual_gap,rel_dual_gap,termination,ncalls
1,21,105,5.0,49.145,1.761794051506944,0.01733567031732064,0.009937566011462354,OPTIMAL,10713
