seed,dimension,time,solution,dual_gap,rel_dual_gap,termination,ncalls
2,80,20.054,-0.2766506096833111,0.010348940140958107,0.037407978796087954,OPTIMAL,3465
