seed,dimension,time,solution,dual_gap,rel_dual_gap,termination,ncalls
8,95,40.06,-0.8065590403902498,0.046504839472017556,0.057658320275619755,OPTIMAL,7461
