seed,dimension,time,solution,dual_gap,rel_dual_gap,termination,ncalls
6,105,27.341,-0.439261725466693,0.0592174683633544,0.13481135489425783,OPTIMAL,5818
