seed,dimension,time,solution,dual_gap,rel_dual_gap,termination,ncalls
3,110,1800.223,-11.921190042541806,5.0200862206481816,0.42110613141251557,Time limit reached,474761
