seed,dimension,var_A,p,k,M,time,solution,dual_gap,rel_dual_gap,termination,ncalls
3,5,5,25,5.0,1.0,193.997,0.3872486896147957,0.0037695816195676968,0.00982995302996951,OPTIMAL,81869
