seed,dimension,time,solution,dual_gap,rel_dual_gap,termination,ncalls
9,90,1800.015,-1.786114335429703,0.9226849792325709,0.5165878583078454,Time limit reached,439503
