seed,dimension,p,k,time,solution,dual_gap,rel_dual_gap,termination,ncalls
7,19,95,4.0,24.874,3.1937334111517086,0.030879898000334638,0.009763303255093473,OPTIMAL,4636
