seed,dimension,time,solution,dual_gap,rel_dual_gap,termination,ncalls
1,40,3.781,-0.17714701789650789,0.0004659107228391912,0.002630079401683091,OPTIMAL,1472
