seed,dimension,var_A,p,k,M,time,solution,dual_gap,rel_dual_gap,termination,ncalls
3,15,1,75,15.0,0.1,1800.133,0.6482790019157123,0.05368650758878224,0.0902912635141057,Time limit reached,286977
