seed,dimension,var_A,p,k,M,time,solution,dual_gap,rel_dual_gap,termination,ncalls
3,20,5,100,20.0,0.1,1800.314,0.2750195001810885,0.045917128359234866,0.20042188124939753,Time limit reached,211985
