seed,dimension,time,solution,dual_gap,rel_dual_gap,termination,ncalls
6,20,0.601,0.35851168712290254,0.03161739915775469,0.09672056172827836,OPTIMAL,391
