seed,dimension,p,k,time,solution,dual_gap,rel_dual_gap,termination,ncalls
5,23,115,5.0,14.771,5.519353385927931,0.053646215677481734,0.009815054851360352,OPTIMAL,2575
