seed,dimension,p,k,Ns,time,solution,dual_gap,rel_dual_gap,termination,ncalls
2,50,50,25.0,10.0,1800.263,0.29412725211384577,0.02863232724791659,0.10784510198217713,Time limit reached,52890
