seed,dimension,p,k,time,solution,dual_gap,rel_dual_gap,termination,ncalls
1,28,140,6.0,658.326,2.262452116275548,0.02237968083809605,0.009990605876870066,OPTIMAL,116700
