seed,n0,m0,M,time,solution,dual_gap,rel_dual_gap,termination,ncalls
6,2,16,20.0,0.201,0.29033174532682576,3.673915172086595e-8,1.2654198847099575e-7,OPTIMAL,49
