seed,dimension,time,solution,dual_gap,rel_dual_gap,termination,ncalls
9,100,24.791,0.16081072112712358,0.013037394376055222,0.08822562679405176,OPTIMAL,5839
