seed,dimension,p,k,time,solution,dual_gap,rel_dual_gap,termination,ncalls
7,25,125,5.0,76.097,3.8324391592107374,0.03745106907812801,0.009868560371903392,OPTIMAL,16004
