seed,dimension,var_A,p,k,M,time,solution,dual_gap,rel_dual_gap,termination,ncalls
2,15,1,75,15.0,1.0,1800.225,0.6561448971747863,0.02692650924741047,0.04279358290228212,Time limit reached,196468
