seed,n0,m0,M,time,solution,dual_gap,rel_dual_gap,termination,ncalls
4,3,27,20.0,0.856,0.8664493447295628,8.694857234203823e-8,1.0035044933239003e-7,OPTIMAL,150
