seed,dimension,time,solution,dual_gap,rel_dual_gap,termination,ncalls
10,85,447.444,18.809986325692375,0.16816263323296,0.009020717930133707,OPTIMAL,36153
