seed,dimension,p,k,time,solution,dual_gap,rel_dual_gap,termination,ncalls
4,22,110,5.0,22.556,5.233157398042667,0.05096030161865528,0.009833725091973165,OPTIMAL,4150
