seed,dimension,time,solution,dual_gap,rel_dual_gap,termination,ncalls
7,75,12.682,-0.46839595696798975,0.017854926250141123,0.03811930052880737,OPTIMAL,3488
