seed,dimension,time,solution,dual_gap,rel_dual_gap,termination,ncalls
9,120,1800.021,8.285442736187541,5.387914429075872,1.8594863821871284,Time limit reached,154768
