seed,dimension,time,solution,dual_gap,rel_dual_gap,termination,ncalls
9,45,2.815,0.06010752669894398,0.0035366601607794146,0.06251734111927501,OPTIMAL,1395
