seed,dimension,time,solution,dual_gap,rel_dual_gap,termination,ncalls
1,110,1800.197,-47.72412813481799,3.396688542448345,0.07117340169846352,Time limit reached,401480
