seed,dimension,time,solution,dual_gap,rel_dual_gap,termination,ncalls
7,80,563.987,14.234522631341253,0.1368686419589018,0.009708611238578024,OPTIMAL,48971
