seed,dimension,time,solution,dual_gap,rel_dual_gap,termination,ncalls
1,115,43.081,-0.08414633865235599,0.31926269757025194,3.794136532657241,OPTIMAL,8646
