seed,dimension,time,solution,dual_gap,rel_dual_gap,termination,ncalls
2,40,11.847,-0.45935423928921737,0.000802116736335734,0.0017461833759864517,OPTIMAL,4203
