seed,dimension,p,k,Ns,time,solution,dual_gap,rel_dual_gap,termination,ncalls
10,50,50,25.0,5.0,1802.153,0.4979042533823851,0.02772430544948845,0.05896530800893538,Time limit reached,33493
