seed,dimension,time,solution,dual_gap,rel_dual_gap,termination,ncalls
4,30,2.093,-0.1941857717443356,0.005036725944104314,0.02593766731136024,OPTIMAL,823
