seed,dimension,p,k,time,solution,dual_gap,rel_dual_gap,termination,ncalls
3,29,145,6.0,1800.01,4.6434855914450495,0.15078420694447559,0.033562036298398976,Time limit reached,327288
