seed,dimension,p,k,time,solution,dual_gap,rel_dual_gap,termination,ncalls
10,16,80,4.0,0.213,1.9633169211714592,0.018545491188445506,0.009536077557765999,OPTIMAL,40
