seed,dimension,time,solution,dual_gap,rel_dual_gap,termination,ncalls
9,80,32.05,-0.5740589677752771,0.003086739438036168,0.005377042449138278,OPTIMAL,10127
