seed,dimension,time,solution,dual_gap,rel_dual_gap,termination,ncalls
3,30,692.872,-11.64065520659113,0.11629807949127624,0.009990681574816026,OPTIMAL,23613
