seed,dimension,p,k,time,solution,dual_gap,rel_dual_gap,termination,ncalls
10,18,90,4.0,0.279,3.0832607412508426,0.029401599102627962,0.009627686718368295,OPTIMAL,50
