seed,dimension,time,solution,dual_gap,rel_dual_gap,termination,ncalls
10,75,23.015,-0.6035407820013412,0.015190137720344832,0.0251683700146564,OPTIMAL,6090
