seed,dimension,time,solution,dual_gap,rel_dual_gap,termination,ncalls
4,90,1099.354,24.78573593455474,0.23389433227433898,0.009526549415853784,OPTIMAL,89613
