seed,dimension,time,solution,dual_gap,rel_dual_gap,termination,ncalls
6,95,375.34,-0.7472156030886252,0.00493015357715243,0.006598033494982675,OPTIMAL,90856
