seed,dimension,time,solution,dual_gap,rel_dual_gap,termination,ncalls
5,100,70.634,-1.8775818731857166,0.006720830244899334,0.003579513810226564,OPTIMAL,20378
