seed,dimension,time,solution,dual_gap,rel_dual_gap,termination,ncalls
5,55,270.842,3.41289553661129,0.029264432301260968,0.0086488247090483,OPTIMAL,31441
