seed,dimension,time,solution,dual_gap,rel_dual_gap,termination,ncalls
7,55,21.693,-0.48730668150636736,0.003935454559300888,0.008075929817205812,OPTIMAL,7534
