seed,dimension,time,solution,dual_gap,rel_dual_gap,termination,ncalls
2,120,80.66,-0.12984048985019347,0.10449000916822593,0.8047567387398472,OPTIMAL,17301
