seed,dimension,time,solution,dual_gap,rel_dual_gap,termination,ncalls
2,30,6.157,-5.964209770427987,0.05016787316345628,0.008411487035918971,OPTIMAL,2489
