seed,dimension,p,k,Ns,time,solution,dual_gap,rel_dual_gap,termination,ncalls
4,70,70,35.0,0.1,1800.197,0.8934130266358712,0.06571794574852019,0.07939873905987896,Time limit reached,33126
