seed,dimension,var_A,p,k,M,time,solution,dual_gap,rel_dual_gap,termination,ncalls
1,15,1,75,15.0,0.1,1800.031,0.6931471805599453,0.06935308941963203,0.11117945874231129,Time limit reached,265430
