seed,dimension,p,k,Ns,time,solution,dual_gap,rel_dual_gap,termination,ncalls
8,90,90,45.0,10.0,1800.442,-0.679930540665845,0.10602478114260139,0.1559347239186712,Time limit reached,13707
