seed,dimension,p,k,Ns,time,solution,dual_gap,rel_dual_gap,termination,ncalls
7,50,50,25.0,5.0,1801.763,0.18638156995704702,0.023716969183565417,0.14580289178339703,Time limit reached,32624
