seed,dimension,time,solution,dual_gap,rel_dual_gap,termination,ncalls
9,95,787.361,21.28870112832732,0.20497832258691773,0.009722112383829523,OPTIMAL,63141
