seed,dimension,time,solution,dual_gap,rel_dual_gap,termination,ncalls
6,70,8.952,0.010632242145036552,0.0018271115055477072,0.20750532619624762,OPTIMAL,2761
