seed,dimension,time,solution,dual_gap,rel_dual_gap,termination,ncalls
10,60,94.202,13.090696723173263,0.07037501693139347,0.0054050136793206945,OPTIMAL,11860
