seed,dimension,var_A,p,k,M,time,solution,dual_gap,rel_dual_gap,termination,ncalls
2,20,1,100,20.0,1.0,1800.312,0.6563110974711384,0.026772161851156495,0.04252661803164051,Time limit reached,201642
