seed,dimension,p,k,time,solution,dual_gap,rel_dual_gap,termination,ncalls
2,19,95,4.0,349.393,2.098437741911695,0.02077311280759586,0.009998299300380037,OPTIMAL,87026
