seed,dimension,p,k,time,solution,dual_gap,rel_dual_gap,termination,ncalls
7,30,150,6.0,1800.709,4.603735167703079,0.1267289559159135,0.028306629457484012,Time limit reached,348835
