seed,dimension,time,solution,dual_gap,rel_dual_gap,termination,ncalls
3,80,13.854,-0.1355118818076801,0.0035614133520048274,0.02628118881161449,OPTIMAL,3098
