seed,dimension,p,k,Ns,time,solution,dual_gap,rel_dual_gap,termination,ncalls
8,90,90,45.0,10.0,1800.472,-0.679930540665845,0.10602446687969536,0.15593426172012703,Time limit reached,13927
