seed,dimension,p,k,time,solution,dual_gap,rel_dual_gap,termination,ncalls
3,23,115,5.0,1037.057,4.014525717592983,0.03972788380012826,0.009994944513245568,OPTIMAL,282121
