seed,dimension,p,k,Ns,time,solution,dual_gap,rel_dual_gap,termination,ncalls
2,90,90,45.0,5.0,1800.586,-0.08321929814139101,0.06269050109458119,0.7533168687396156,Time limit reached,14403
