seed,dimension,var_A,p,k,M,time,solution,dual_gap,rel_dual_gap,termination,ncalls
3,5,5,25,5.0,0.1,5.19,0.38760816244687524,0.0038162418469331882,0.009943517937969236,OPTIMAL,2510
