seed,dimension,p,k,time,solution,dual_gap,rel_dual_gap,termination,ncalls
2,17,85,4.0,484.977,1.9730825424630343,0.019534929912161658,0.009999720399265645,OPTIMAL,82607
