seed,n0,m0,M,time,solution,dual_gap,rel_dual_gap,termination,ncalls
1,2,25,20.0,0.273,3.2110174730164687,4.582464629976357e-8,1.4271067454105742e-8,OPTIMAL,77
