seed,dimension,time,solution,dual_gap,rel_dual_gap,termination,ncalls
7,45,1800.007,-0.5399877770592774,0.6613470919557596,1.2247445591405672,Time limit reached,259704
