seed,dimension,time,solution,dual_gap,rel_dual_gap,termination,ncalls
7,45,105.515,-2.0851632261575883,0.015169536770825331,0.007274987675079437,OPTIMAL,30850
