seed,dimension,time,solution,dual_gap,rel_dual_gap,termination,ncalls
7,25,1.466,-0.24333786558971737,0.012167874269769008,0.05000403139182947,OPTIMAL,623
