seed,dimension,p,k,time,solution,dual_gap,rel_dual_gap,termination,ncalls
2,16,80,4.0,189.434,1.5377815557830616,0.015032393700118662,0.009871877834137899,OPTIMAL,28324
