seed,dimension,p,k,time,solution,dual_gap,rel_dual_gap,termination,ncalls
3,21,105,5.0,135.661,3.7183894561199775,0.03658955927717766,0.00993795434362247,OPTIMAL,37734
