seed,dimension,time,solution,dual_gap,rel_dual_gap,termination,ncalls
4,75,442.807,22.58669276453785,0.21924315490347723,0.009801884377959758,OPTIMAL,45156
