seed,dimension,var_A,p,k,M,time,solution,dual_gap,rel_dual_gap,termination,ncalls
6,10,1,50,10.0,0.1,1800.15,0.6458249028420131,0.007283381649492382,0.01140627728622903,Time limit reached,321213
