seed,dimension,p,k,time,solution,dual_gap,rel_dual_gap,termination,ncalls
2,20,100,4.0,138.226,1.7116317565128987,0.016792542367296992,0.009908044507786781,OPTIMAL,29448
