seed,dimension,p,k,Ns,time,solution,dual_gap,rel_dual_gap,termination,ncalls
7,50,50,25.0,10.0,1803.122,0.1752373962137358,0.012615386107393795,0.0775748996039609,Time limit reached,29914
