seed,dimension,time,solution,dual_gap,rel_dual_gap,termination,ncalls
7,105,22.7,-0.1743653760515137,0.000668806303961933,0.0038356600324386874,OPTIMAL,5684
