seed,dimension,time,solution,dual_gap,rel_dual_gap,termination,ncalls
2,65,4.625,-0.036152296576192344,0.0036873389890686448,0.10199459891289167,OPTIMAL,1886
