seed,dimension,p,k,time,solution,dual_gap,rel_dual_gap,termination,ncalls
9,16,80,4.0,0.449,1.6362039720756816,0.01462679581315185,0.00902010464088069,OPTIMAL,87
