seed,dimension,p,k,Ns,time,solution,dual_gap,rel_dual_gap,termination,ncalls
10,90,90,45.0,5.0,1800.584,0.08043750245154792,0.07370930885525441,10.955289529103341,Time limit reached,14678
