seed,dimension,p,k,time,solution,dual_gap,rel_dual_gap,termination,ncalls
2,23,115,5.0,1800.051,2.149508807356191,0.037310887545173976,0.017664484561424176,Time limit reached,431415
