seed,dimension,time,solution,dual_gap,rel_dual_gap,termination,ncalls
8,20,0.593,-4.346377452611874,0.02437389161535286,0.00560786353258524,OPTIMAL,284
