seed,dimension,time,solution,dual_gap,rel_dual_gap,termination,ncalls
10,70,16.422,-0.26578383892865226,0.0004486648627873291,0.0016880818058609272,OPTIMAL,4181
