seed,dimension,time,solution,dual_gap,rel_dual_gap,termination,ncalls
2,120,65.262,-0.1571664328606195,0.6657745433796621,4.236111561875897,OPTIMAL,15283
