seed,dimension,p,k,Ns,time,solution,dual_gap,rel_dual_gap,termination,ncalls
10,70,70,35.0,1.0,1800.493,0.9969404444481795,0.01762456812060731,0.01799681649877802,Time limit reached,30706
