seed,dimension,p,k,Ns,time,solution,dual_gap,rel_dual_gap,termination,ncalls
9,90,90,45.0,10.0,1800.674,-1.0007300572361477,0.2060115047440576,0.20586121427493403,Time limit reached,15777
