seed,dimension,p,k,time,solution,dual_gap,rel_dual_gap,termination,ncalls
9,28,140,6.0,11.092,2.6332114394326687,0.026019948813312155,0.009980068171797743,OPTIMAL,1918
