seed,dimension,p,k,time,solution,dual_gap,rel_dual_gap,termination,ncalls
3,26,130,6.0,1800.059,4.0574474090504005,0.17531641360064665,0.04515983973908532,Time limit reached,364230
