seed,dimension,time,solution,dual_gap,rel_dual_gap,termination,ncalls
10,110,30.102,-0.2320532922747549,0.0003162370319331198,0.0013627776138538468,OPTIMAL,6085
