seed,dimension,var_A,p,k,M,time,solution,dual_gap,rel_dual_gap,termination,ncalls
1,5,5,25,5.0,0.1,3.019,0.28694865548636417,0.0023779279685037236,0.008356193165913309,OPTIMAL,1455
