seed,dimension,time,solution,dual_gap,rel_dual_gap,termination,ncalls
7,95,1800.003,6.084668860881392,5.581501027225283,11.092722256645624,Time limit reached,139090
