seed,dimension,time,solution,dual_gap,rel_dual_gap,termination,ncalls
1,95,24.56,-0.03257544061515527,0.0014009403082824723,0.04300602791020129,OPTIMAL,5124
