seed,dimension,p,k,time,solution,dual_gap,rel_dual_gap,termination,ncalls
5,17,85,4.0,4.955,4.7972456633480265,0.04537681425423479,0.00954925644946796,OPTIMAL,1152
