seed,dimension,time,solution,dual_gap,rel_dual_gap,termination,ncalls
1,65,9.322,-0.17394992509979024,0.0004398626014683882,0.0025286737043206616,OPTIMAL,2338
