seed,dimension,time,solution,dual_gap,rel_dual_gap,termination,ncalls
5,85,803.48,16.990652007565032,0.16484581393303444,0.009797201515100242,OPTIMAL,70666
