seed,dimension,p,k,Ns,time,solution,dual_gap,rel_dual_gap,termination,ncalls
6,70,70,35.0,10.0,1800.351,0.12626904441096468,0.057076833896506834,0.8249025934007488,Time limit reached,23229
