seed,dimension,time,solution,dual_gap,rel_dual_gap,termination,ncalls
1,70,179.719,-27.914182145380167,0.1487287225241012,0.00532807021712137,OPTIMAL,41668
