seed,dimension,time,solution,dual_gap,rel_dual_gap,termination,ncalls
7,20,17.618,1.0308683856149163,0.008449177741758351,0.008263907482073207,OPTIMAL,4426
