seed,dimension,time,solution,dual_gap,rel_dual_gap,termination,ncalls
4,80,14.254,-0.26606692516380875,0.0016604795013544504,0.006240833956840547,OPTIMAL,3206
