seed,dimension,time,solution,dual_gap,rel_dual_gap,termination,ncalls
9,20,1.006,-0.1386998499364307,0.007268899141139373,0.052407404510321214,OPTIMAL,576
