seed,dimension,time,solution,dual_gap,rel_dual_gap,termination,ncalls
8,60,110.628,-2.961752339306436,0.0265436713988203,0.008962150901866469,OPTIMAL,37770
