seed,dimension,p,k,time,solution,dual_gap,rel_dual_gap,termination,ncalls
1,18,90,4.0,15.186,2.1566595398692447,0.02010431641823196,0.009409687237458346,OPTIMAL,1865
