seed,dimension,time,solution,dual_gap,rel_dual_gap,termination,ncalls
7,40,2.956,-0.1770124484807451,0.00042004808279658135,0.002372986117088104,OPTIMAL,1205
