seed,dimension,time,solution,dual_gap,rel_dual_gap,termination,ncalls
1,60,1800.001,2.86613555120942,0.44712070778946034,0.1848358677937375,Time limit reached,179448
