seed,dimension,p,k,Ns,time,solution,dual_gap,rel_dual_gap,termination,ncalls
4,90,90,45.0,10.0,1800.727,-1.6538285718438948,0.2448914933220443,0.14807550038212766,Time limit reached,13574
