seed,dimension,time,solution,dual_gap,rel_dual_gap,termination,ncalls
1,20,0.551,-2.593433720813853,0.005667106912970343,0.0021851751473301317,OPTIMAL,397
