seed,dimension,time,solution,dual_gap,rel_dual_gap,termination,ncalls
5,40,2.952,-0.2731969950669951,0.0009330141866092934,0.003415170018178618,OPTIMAL,1134
