seed,dimension,var_A,p,k,M,time,solution,dual_gap,rel_dual_gap,termination,ncalls
6,20,1,100,20.0,0.1,1800.029,0.6931471805599454,0.07824469145310331,0.12724731618301832,Time limit reached,224577
