seed,dimension,p,k,Ns,time,solution,dual_gap,rel_dual_gap,termination,ncalls
7,90,90,45.0,10.0,1800.607,0.11555898297890953,0.05251937831023383,0.8331171901579301,Time limit reached,13237
