seed,dimension,time,solution,dual_gap,rel_dual_gap,termination,ncalls
5,120,1402.347,27.688188687127514,0.26999809381024065,0.00984740743162126,OPTIMAL,127932
