seed,dimension,p,k,time,solution,dual_gap,rel_dual_gap,termination,ncalls
3,18,90,4.0,178.72,3.2649714704686863,0.0323064035397147,0.009993736706662825,OPTIMAL,32933
