seed,dimension,time,solution,dual_gap,rel_dual_gap,termination,ncalls
8,80,1800.017,6.5554976835509295,3.0719376110318963,0.8818385637341731,Time limit reached,143610
