seed,dimension,time,solution,dual_gap,rel_dual_gap,termination,ncalls
5,35,2.416,-0.3694551458505693,0.010867359778708063,0.029414557899008126,OPTIMAL,1128
