seed,dimension,p,k,Ns,time,solution,dual_gap,rel_dual_gap,termination,ncalls
3,70,70,35.0,1.0,1800.248,-0.8262712854632354,0.09413544903163407,0.11392801696946128,Time limit reached,41205
