seed,dimension,time,solution,dual_gap,rel_dual_gap,termination,ncalls
6,25,55.386,0.5219133828725075,0.00450963442378427,0.008715890515492066,OPTIMAL,9838
