seed,dimension,time,solution,dual_gap,rel_dual_gap,termination,ncalls
9,95,22.251,-0.26579507423700843,0.24418232202030588,0.9186864080203738,OPTIMAL,4950
