seed,dimension,p,k,Ns,time,solution,dual_gap,rel_dual_gap,termination,ncalls
8,50,50,25.0,5.0,1802.651,-0.19071129116522806,0.04057131158510069,0.2127368093268825,Time limit reached,22498
