seed,dimension,p,k,time,solution,dual_gap,rel_dual_gap,termination,ncalls
5,16,80,4.0,1.489,3.9792937790149603,0.03645338211167726,0.009245462266316394,OPTIMAL,231
