seed,dimension,p,k,Ns,time,solution,dual_gap,rel_dual_gap,termination,ncalls
4,50,50,25.0,5.0,1802.747,-1.0055988805711795,0.08261734852284408,0.0821573592801908,Time limit reached,27374
