seed,dimension,time,solution,dual_gap,rel_dual_gap,termination,ncalls
1,100,948.766,-0.8254484267433334,0.01866482020443294,0.022611733937239205,OPTIMAL,197632
