seed,dimension,time,solution,dual_gap,rel_dual_gap,termination,ncalls
1,115,37.876,-0.08414633865235588,0.319262697570252,3.7941365326572467,OPTIMAL,8646
