seed,dimension,time,solution,dual_gap,rel_dual_gap,termination,ncalls
1,50,5.418,-0.397855030608364,0.002808964951698578,0.007060272550540237,OPTIMAL,1798
