seed,dimension,time,solution,dual_gap,rel_dual_gap,termination,ncalls
3,70,1800.1,-11.582346508168095,0.3113208383625299,0.026878909048609484,Time limit reached,500022
