seed,dimension,p,k,Ns,time,solution,dual_gap,rel_dual_gap,termination,ncalls
6,50,50,25.0,1.0,1612.89,0.6216087228013595,0.006102632760238813,0.009914821086223711,OPTIMAL,36003
