seed,dimension,var_A,p,k,M,time,solution,dual_gap,rel_dual_gap,termination,ncalls
8,20,5,100,20.0,0.1,1800.026,0.6931471805599454,0.3825314160974215,1.2315260841938827,Time limit reached,226599
