seed,dimension,time,solution,dual_gap,rel_dual_gap,termination,ncalls
4,40,2.298,-0.09731295652652738,0.001344804612089856,0.013819378838040585,OPTIMAL,1216
