seed,dimension,time,solution,dual_gap,rel_dual_gap,termination,ncalls
5,95,88.715,-0.8008680497013534,0.04507669487622512,0.056284796094730444,OPTIMAL,19163
