seed,dimension,var_A,p,k,M,time,solution,dual_gap,rel_dual_gap,termination,ncalls
8,15,5,75,15.0,1.0,1800.254,0.31025780292825833,0.07938569647581367,0.34385139762288974,Time limit reached,209919
