seed,dimension,var_A,p,k,M,time,solution,dual_gap,rel_dual_gap,termination,ncalls
7,15,5,75,15.0,1.0,1800.23,0.35057106032483937,0.09377993869109064,0.36519930320973226,Time limit reached,205738
