seed,dimension,time,solution,dual_gap,rel_dual_gap,termination,ncalls
3,95,919.379,9.229624282947771,0.08998899548448414,0.009846016022972033,OPTIMAL,56371
