seed,dimension,p,k,Ns,time,solution,dual_gap,rel_dual_gap,termination,ncalls
7,50,50,25.0,1.0,1802.819,0.17425627775040514,0.011449202059987063,0.07032373753680105,Time limit reached,29474
