seed,dimension,time,solution,dual_gap,rel_dual_gap,termination,ncalls
7,50,1800.021,3.0724240331621617,2.297046637827039,2.962488527066542,Time limit reached,177199
