seed,dimension,p,k,time,solution,dual_gap,rel_dual_gap,termination,ncalls
8,25,125,5.0,0.535,3.370075088994695,0.029624453099029502,0.008868400203461286,OPTIMAL,84
