seed,dimension,p,k,Ns,time,solution,dual_gap,rel_dual_gap,termination,ncalls
7,50,50,25.0,0.1,1801.904,0.77541165223926,0.007321829949997083,0.009532517861224412,Time limit reached,35046
