seed,dimension,time,solution,dual_gap,rel_dual_gap,termination,ncalls
1,80,16.228,-0.2138040636821208,0.1458803984191871,0.682308820079673,OPTIMAL,4048
