seed,dimension,p,k,Ns,time,solution,dual_gap,rel_dual_gap,termination,ncalls
10,70,70,35.0,10.0,1800.546,0.997507238294562,0.019006933998996334,0.019424556043117082,Time limit reached,13747
