seed,dimension,time,solution,dual_gap,rel_dual_gap,termination,ncalls
5,85,18.428,-0.2023166153846454,0.0007092477577486933,0.0035056327746501087,OPTIMAL,4459
