seed,dimension,time,solution,dual_gap,rel_dual_gap,termination,ncalls
7,35,3.238,-0.9542642977717777,0.015934902214845947,0.01669862558208894,OPTIMAL,1233
