seed,dimension,p,k,time,solution,dual_gap,rel_dual_gap,termination,ncalls
2,17,85,4.0,409.076,1.973082542463034,0.019534929912161658,0.009999720399265645,OPTIMAL,82607
