seed,dimension,time,solution,dual_gap,rel_dual_gap,termination,ncalls
10,55,6.624,-0.17411793393174113,0.000515554899973375,0.002960952317384413,OPTIMAL,1823
