seed,dimension,p,k,time,solution,dual_gap,rel_dual_gap,termination,ncalls
7,22,110,5.0,469.775,3.5792896235751943,0.03542012996390387,0.009994761383780497,OPTIMAL,90410
