seed,dimension,time,solution,dual_gap,rel_dual_gap,termination,ncalls
10,95,20.192,-0.03513393824831368,0.002190175777339154,0.06233789567966454,OPTIMAL,4516
