seed,dimension,p,k,time,solution,dual_gap,rel_dual_gap,termination,ncalls
2,29,145,6.0,1800.114,2.0424263803112144,0.11860344775924614,0.061649877310651253,Time limit reached,305800
