seed,dimension,time,solution,dual_gap,rel_dual_gap,termination,ncalls
9,40,14.023,-1.7161764251084448,0.013830378632244678,0.008058832664229576,OPTIMAL,5286
