seed,dimension,time,solution,dual_gap,rel_dual_gap,termination,ncalls
2,120,1800.038,20.99819808604681,9.718949980087034,0.8616664771255182,Time limit reached,121503
