seed,dimension,time,solution,dual_gap,rel_dual_gap,termination,ncalls
7,65,13.488,0.1876270205163787,0.0007593820194251033,0.004063742794274586,OPTIMAL,2956
