seed,dimension,time,solution,dual_gap,rel_dual_gap,termination,ncalls
10,20,0.724,-0.14728619881054217,0.007006783439054476,0.04757257296094302,OPTIMAL,397
