seed,dimension,time,solution,dual_gap,rel_dual_gap,termination,ncalls
5,115,28.142,-0.2673897479906583,0.6155540281767513,2.302085374635443,OPTIMAL,6622
