seed,dimension,time,solution,dual_gap,rel_dual_gap,termination,ncalls
8,45,1800.018,-15.206828878120442,0.34586109578272506,0.022743801390462767,Time limit reached,97755
