seed,dimension,var_A,p,k,M,time,solution,dual_gap,rel_dual_gap,termination,ncalls
1,5,1,25,5.0,0.1,3.995,0.6330541727029532,0.006239159891319068,0.009953749932269116,OPTIMAL,1736
