seed,dimension,time,solution,dual_gap,rel_dual_gap,termination,ncalls
5,100,86.552,-1.8781349680766135,0.08308118631365802,0.044236004188102064,OPTIMAL,19919
