seed,dimension,time,solution,dual_gap,rel_dual_gap,termination,ncalls
6,90,20.198,-0.27467420053739505,1.7021661102289976e-6,6.197036732604448e-6,OPTIMAL,4811
