seed,dimension,p,k,Ns,time,solution,dual_gap,rel_dual_gap,termination,ncalls
6,90,90,45.0,0.1,1800.276,0.8394008620905159,0.09959426596970722,0.13462203026024885,Time limit reached,23073
