seed,dimension,p,k,time,solution,dual_gap,rel_dual_gap,termination,ncalls
3,19,95,4.0,424.055,3.6329605967574676,0.03592645944611883,0.009987800525288465,OPTIMAL,91835
