seed,dimension,p,k,Ns,time,solution,dual_gap,rel_dual_gap,termination,ncalls
9,50,50,25.0,10.0,1802.396,0.13603990664817656,0.016228341005010666,0.13544886854532426,Time limit reached,44891
