seed,dimension,p,k,time,solution,dual_gap,rel_dual_gap,termination,ncalls
1,17,85,4.0,11.786,1.6411353000709363,0.015832063512442707,0.009740990577220771,OPTIMAL,2046
