seed,dimension,time,solution,dual_gap,rel_dual_gap,termination,ncalls
2,120,1800.043,20.99819808604681,8.54981580831068,0.6868214373205732,Time limit reached,141741
