seed,dimension,time,solution,dual_gap,rel_dual_gap,termination,ncalls
2,85,1800.027,12.647034830321303,1.0215706749591114,0.08787353875138969,Time limit reached,144326
