seed,dimension,time,solution,dual_gap,rel_dual_gap,termination,ncalls
3,95,21.163,-0.5104534841042317,0.024262364451321794,0.0475309998008899,OPTIMAL,4605
