seed,dimension,time,solution,dual_gap,rel_dual_gap,termination,ncalls
6,50,584.141,10.018524490243069,0.09220062555861475,0.009288496609166972,OPTIMAL,66734
