seed,dimension,time,solution,dual_gap,rel_dual_gap,termination,ncalls
4,100,44.158,-0.5006449740525867,0.12245330902077955,0.24459110820498783,OPTIMAL,8762
