seed,dimension,time,solution,dual_gap,rel_dual_gap,termination,ncalls
8,100,113.153,-1.3942836560343308,0.007991300463808804,0.005731473957414041,OPTIMAL,28120
