seed,dimension,p,k,Ns,time,solution,dual_gap,rel_dual_gap,termination,ncalls
4,90,90,45.0,0.1,1807.15,0.4371239334554028,0.017378183487346544,0.041401690162840406,Time limit reached,10260
