seed,dimension,time,solution,dual_gap,rel_dual_gap,termination,ncalls
7,90,311.557,-0.7211967329348056,0.006701196327427383,0.009291772995362633,OPTIMAL,88417
