seed,dimension,p,k,time,solution,dual_gap,rel_dual_gap,termination,ncalls
3,24,120,5.0,1800.008,4.0324874173422804,0.13615565630448767,0.034944574706395753,Time limit reached,374117
