seed,dimension,p,k,Ns,time,solution,dual_gap,rel_dual_gap,termination,ncalls
3,50,50,25.0,0.1,1800.988,0.87156281729358,0.03481928694723324,0.04161285469732973,Time limit reached,54992
