seed,dimension,var_A,p,k,M,time,solution,dual_gap,rel_dual_gap,termination,ncalls
3,20,5,100,20.0,1.0,1800.025,0.6931471805599454,0.48127023952065096,2.2714611470221064,Time limit reached,182434
