seed,dimension,time,solution,dual_gap,rel_dual_gap,termination,ncalls
5,30,2.594,-0.3576410551848643,0.0022530025555222433,0.0062996194728193846,OPTIMAL,763
