seed,n0,m0,M,time,solution,dual_gap,rel_dual_gap,termination,ncalls
3,2,19,20.0,0.22,4.25751543319662,5.4112044622911526e-8,1.2709770794661549e-8,OPTIMAL,69
