seed,dimension,var_A,p,k,M,time,solution,dual_gap,rel_dual_gap,termination,ncalls
3,10,1,50,10.0,1.0,1800.192,0.6684753106468795,0.01379487380295552,0.021071156287268477,Time limit reached,296138
