seed,dimension,time,solution,dual_gap,rel_dual_gap,termination,ncalls
2,105,21.78,-0.035484939327321274,0.0010876789314299695,0.030651847010275766,OPTIMAL,5301
