seed,dimension,time,solution,dual_gap,rel_dual_gap,termination,ncalls
1,110,1800.005,-47.13478652919416,3.202828884777162,0.06795042728778258,Time limit reached,460047
