seed,dimension,time,solution,dual_gap,rel_dual_gap,termination,ncalls
9,55,3.725,-0.22614716444099325,0.005153116469331226,0.022786562378834457,OPTIMAL,1495
