seed,dimension,time,solution,dual_gap,rel_dual_gap,termination,ncalls
8,105,1800.309,-1.647776613394731,3.0602084261963842,1.8571743289230067,Time limit reached,482395
