seed,dimension,p,k,Ns,time,solution,dual_gap,rel_dual_gap,termination,ncalls
9,50,50,25.0,1.0,1802.491,0.12963552683642562,0.009787076840106476,0.08166210610489383,Time limit reached,22060
