seed,dimension,p,k,time,solution,dual_gap,rel_dual_gap,termination,ncalls
1,16,80,4.0,79.082,2.250303004538984,0.022193391042127253,0.009960636993660439,OPTIMAL,12954
