seed,dimension,time,solution,dual_gap,rel_dual_gap,termination,ncalls
3,45,4.889,-0.5459573785761246,0.002507568070627908,0.004592974047109191,OPTIMAL,1928
