seed,dimension,p,k,time,solution,dual_gap,rel_dual_gap,termination,ncalls
7,21,105,5.0,545.127,3.345795262964071,0.03309173107076413,0.009989342768578883,OPTIMAL,103704
