seed,dimension,p,k,time,solution,dual_gap,rel_dual_gap,termination,ncalls
10,23,115,5.0,0.925,3.034468529743283,0.027845650433148794,0.009261437683045218,OPTIMAL,155
