seed,dimension,p,k,Ns,time,solution,dual_gap,rel_dual_gap,termination,ncalls
5,70,70,35.0,10.0,1800.487,-1.709655278050311,0.16349202795741902,0.09562865102482247,Time limit reached,23219
