seed,dimension,p,k,time,solution,dual_gap,rel_dual_gap,termination,ncalls
2,30,150,6.0,1800.013,2.436515331153286,0.5182189226853395,0.27014538545647215,Time limit reached,265564
