seed,dimension,time,solution,dual_gap,rel_dual_gap,termination,ncalls
3,20,0.961,0.2228419125517896,0.0008757604409670994,0.003945468408759245,OPTIMAL,463
