seed,dimension,time,solution,dual_gap,rel_dual_gap,termination,ncalls
2,90,1100.746,17.517643141136713,0.1729516667865063,0.009971446712803849,OPTIMAL,90301
