seed,dimension,p,k,time,solution,dual_gap,rel_dual_gap,termination,ncalls
1,17,85,4.0,10.397,1.6411353000709363,0.015832063512442485,0.009740990577220632,OPTIMAL,2046
