seed,dimension,p,k,time,solution,dual_gap,rel_dual_gap,termination,ncalls
3,30,150,6.0,1800.037,4.319300767044491,0.1418246413056119,0.033949838858870096,Time limit reached,339638
