seed,dimension,time,solution,dual_gap,rel_dual_gap,termination,ncalls
8,50,4.587,-0.23031351549857915,0.0008569104721180554,0.003720626079034176,OPTIMAL,1686
