seed,dimension,p,k,time,solution,dual_gap,rel_dual_gap,termination,ncalls
8,27,135,6.0,1.999,3.619311681791878,0.031721132442582345,0.008841904338368773,OPTIMAL,323
