seed,dimension,time,solution,dual_gap,rel_dual_gap,termination,ncalls
9,40,12.383,-1.7161764254339849,0.013830378306704638,0.008058832473011757,OPTIMAL,5286
