seed,dimension,p,k,time,solution,dual_gap,rel_dual_gap,termination,ncalls
6,24,120,5.0,2.122,5.446785231708145,0.05100253363057572,0.009452295706561182,OPTIMAL,357
