seed,dimension,p,k,time,solution,dual_gap,rel_dual_gap,termination,ncalls
9,17,85,4.0,0.912,2.3354428480125677,0.019987129287426963,0.008632049892291445,OPTIMAL,181
