seed,dimension,time,solution,dual_gap,rel_dual_gap,termination,ncalls
8,120,1800.065,9.631946946280278,3.732122790170899,0.6325820382809572,Time limit reached,97199
