seed,dimension,var_A,p,k,M,time,solution,dual_gap,rel_dual_gap,termination,ncalls
3,15,1,75,15.0,1.0,1800.247,0.6251138526893635,0.054521957071708704,0.09555333240877831,Time limit reached,249581
