seed,dimension,p,k,time,solution,dual_gap,rel_dual_gap,termination,ncalls
3,16,80,4.0,225.238,3.048834351864469,0.030120876500495886,0.00997805083069838,OPTIMAL,47583
