seed,dimension,time,solution,dual_gap,rel_dual_gap,termination,ncalls
8,105,1800.358,-1.6477766133947311,3.1690436749801876,1.9232240882769656,Time limit reached,427572
