seed,dimension,time,solution,dual_gap,rel_dual_gap,termination,ncalls
10,35,4.849,-2.5562723415506596,0.010603747186234358,0.0041481289039031035,OPTIMAL,2002
