seed,dimension,p,k,time,solution,dual_gap,rel_dual_gap,termination,ncalls
1,27,135,6.0,208.505,1.68659829110771,0.014623835645999561,0.008746446812168093,OPTIMAL,32318
