seed,dimension,p,k,Ns,time,solution,dual_gap,rel_dual_gap,termination,ncalls
10,70,70,35.0,5.0,1800.598,0.9956592914339318,0.016799327822113685,0.0171621360016883,Time limit reached,17481
