seed,dimension,time,solution,dual_gap,rel_dual_gap,termination,ncalls
4,70,9.045,-0.3815881469397707,0.002314824667275006,0.0060662908055170136,OPTIMAL,2591
