seed,dimension,time,solution,dual_gap,rel_dual_gap,termination,ncalls
2,75,12.446,-0.15325499924623304,0.0034790141771284533,0.022700820164037596,OPTIMAL,3325
