seed,dimension,time,solution,dual_gap,rel_dual_gap,termination,ncalls
3,110,1800.012,-10.973667807592186,5.961506438545186,0.5432555954009004,Time limit reached,491423
