seed,dimension,time,solution,dual_gap,rel_dual_gap,termination,ncalls
4,45,58.204,-11.147034704212126,0.10620584347234185,0.009527721613014257,OPTIMAL,22452
