seed,dimension,time,solution,dual_gap,rel_dual_gap,termination,ncalls
2,45,4.013,-0.34596652425271984,0.003265747362542648,0.009439489469672222,OPTIMAL,1322
