seed,dimension,p,k,Ns,time,solution,dual_gap,rel_dual_gap,termination,ncalls
10,90,90,45.0,10.0,1800.546,0.08090791450766963,0.07428823681381688,11.22233441709759,Time limit reached,11954
