seed,dimension,p,k,time,solution,dual_gap,rel_dual_gap,termination,ncalls
3,25,125,5.0,902.335,4.453860581740739,0.04406668148432402,0.009992911796118565,OPTIMAL,204627
