seed,dimension,p,k,Ns,time,solution,dual_gap,rel_dual_gap,termination,ncalls
5,90,90,45.0,10.0,1806.89,0.3114607989707457,0.05216835485297733,0.2011950445778625,Time limit reached,12154
