seed,dimension,time,solution,dual_gap,rel_dual_gap,termination,ncalls
6,45,13.83,-0.3967908916520515,0.0047479319043034485,0.011965828864002605,OPTIMAL,4225
