seed,dimension,time,solution,dual_gap,rel_dual_gap,termination,ncalls
6,110,1800.011,35.09270500791037,10.687861700284898,0.43794018939451246,Time limit reached,105006
