seed,dimension,time,solution,dual_gap,rel_dual_gap,termination,ncalls
8,40,6.621,-1.8668866754127649,0.017713012969778674,0.009487995818419113,OPTIMAL,2727
