seed,dimension,time,solution,dual_gap,rel_dual_gap,termination,ncalls
5,50,19.919,-2.0857140076785834,0.01825093101904196,0.008750447545469282,OPTIMAL,6387
