seed,dimension,p,k,time,solution,dual_gap,rel_dual_gap,termination,ncalls
2,21,105,5.0,1800.008,2.0334260864216143,0.06736939896139926,0.034266254575003215,Time limit reached,367167
