seed,dimension,var_A,p,k,M,time,solution,dual_gap,rel_dual_gap,termination,ncalls
1,5,1,25,5.0,1.0,36.805,0.6330541727029194,0.00625073218150618,0.00997239609327358,OPTIMAL,16367
