seed,dimension,p,k,Ns,time,solution,dual_gap,rel_dual_gap,termination,ncalls
8,70,70,35.0,10.0,1809.986,0.8239742884462351,0.016027018828033257,0.019836713892983235,Time limit reached,17533
