seed,dimension,time,solution,dual_gap,rel_dual_gap,termination,ncalls
6,80,22.61,-0.5390991751808113,0.00419038004253236,0.007772929797429066,OPTIMAL,5542
