seed,dimension,p,k,time,solution,dual_gap,rel_dual_gap,termination,ncalls
9,17,85,4.0,1.565,2.3354428480125677,0.01998712928742652,0.008632049892291252,OPTIMAL,181
