seed,dimension,var_A,p,k,M,time,solution,dual_gap,rel_dual_gap,termination,ncalls
2,20,5,100,20.0,0.1,1800.024,0.6931471805599454,0.40580399675333784,1.4122624778406392,Time limit reached,194467
