seed,dimension,time,solution,dual_gap,rel_dual_gap,termination,ncalls
8,115,1644.399,19.35778803997512,0.1893473905907399,0.00987808001986959,OPTIMAL,121939
