seed,dimension,time,solution,dual_gap,rel_dual_gap,termination,ncalls
7,65,227.717,13.91925643146901,0.12321108671245717,0.008930898937591986,OPTIMAL,24205
