seed,dimension,p,k,time,solution,dual_gap,rel_dual_gap,termination,ncalls
1,18,90,4.0,10.364,2.1566595398692447,0.020104316418232848,0.009409687237458766,OPTIMAL,1865
