seed,dimension,time,solution,dual_gap,rel_dual_gap,termination,ncalls
9,50,1800.007,-0.596084546122059,0.5559152158230525,0.9326113542779532,Time limit reached,219593
