seed,dimension,p,k,Ns,time,solution,dual_gap,rel_dual_gap,termination,ncalls
3,90,90,45.0,5.0,1800.569,-0.32071058621916515,0.32204578982291354,1.0041632663875832,Time limit reached,15323
