seed,dimension,p,k,time,solution,dual_gap,rel_dual_gap,termination,ncalls
5,21,105,5.0,15.917,5.48922185529245,0.05430146703933847,0.009991216643523275,OPTIMAL,4377
