seed,dimension,time,solution,dual_gap,rel_dual_gap,termination,ncalls
8,55,10.179,-0.46635713780149857,0.0038525678771101357,0.008260981905995727,OPTIMAL,2771
