seed,dimension,p,k,Ns,time,solution,dual_gap,rel_dual_gap,termination,ncalls
1,90,90,45.0,0.1,1800.285,0.836027139905809,0.07595472086889787,0.09993089995969096,Time limit reached,24888
