seed,dimension,p,k,time,solution,dual_gap,rel_dual_gap,termination,ncalls
1,28,140,6.0,577.164,2.262447787186701,0.022375351749249095,0.009988673310414415,OPTIMAL,116700
