seed,dimension,time,solution,dual_gap,rel_dual_gap,termination,ncalls
2,95,908.932,-1.113586788428001,0.009335934263110302,0.00838366112109628,OPTIMAL,176363
