seed,dimension,time,solution,dual_gap,rel_dual_gap,termination,ncalls
8,60,115.924,-2.9591928038366024,0.029103206868653864,0.009834846459115969,OPTIMAL,37770
