seed,dimension,p,k,Ns,time,solution,dual_gap,rel_dual_gap,termination,ncalls
6,70,70,35.0,1.0,1800.352,0.12583764119430313,0.056383649788322665,0.8118129519546611,Time limit reached,27433
