seed,dimension,p,k,time,solution,dual_gap,rel_dual_gap,termination,ncalls
1,26,130,6.0,1104.042,1.8799559395642396,0.018601343622262734,0.009993444377990289,OPTIMAL,182379
