seed,dimension,time,solution,dual_gap,rel_dual_gap,termination,ncalls
3,120,1614.644,37.13028787025724,0.31975689634656845,0.008686560282795023,OPTIMAL,124774
