seed,n0,m0,M,time,solution,dual_gap,rel_dual_gap,termination,ncalls
1,3,28,20.0,0.695,2.1402548558956194,6.086547310601986e-8,2.843842389576917e-8,OPTIMAL,128
