seed,dimension,time,solution,dual_gap,rel_dual_gap,termination,ncalls
5,105,29.359,-0.31799390226446045,0.2619599824164883,0.8237893259935174,OPTIMAL,7098
