seed,dimension,time,solution,dual_gap,rel_dual_gap,termination,ncalls
3,60,4.76,0.014667063005783687,0.0032954433364204005,0.289795423364253,OPTIMAL,1928
