seed,dimension,time,solution,dual_gap,rel_dual_gap,termination,ncalls
9,95,33.947,-0.28052403385496766,0.15407647055162116,0.5492451696002613,OPTIMAL,5226
