seed,dimension,p,k,Ns,time,solution,dual_gap,rel_dual_gap,termination,ncalls
7,70,70,35.0,5.0,1800.413,0.5412762140641039,0.04609189591758711,0.09308028188394546,Time limit reached,25022
