seed,dimension,var_A,p,k,M,time,solution,dual_gap,rel_dual_gap,termination,ncalls
1,10,5,50,10.0,0.1,15.448,0.10447247263399045,0.0010236221478499008,0.009894959132359228,OPTIMAL,4182
