seed,dimension,p,k,time,solution,dual_gap,rel_dual_gap,termination,ncalls
3,15,75,3.0,67.4,3.3580743194150378,0.03300462608169141,0.009925995279998066,OPTIMAL,13793
