seed,dimension,p,k,Ns,time,solution,dual_gap,rel_dual_gap,termination,ncalls
2,70,70,35.0,0.1,1800.208,0.8635729374480843,0.046658249819465425,0.0571152049608844,Time limit reached,36161
