seed,dimension,p,k,Ns,time,solution,dual_gap,rel_dual_gap,termination,ncalls
10,90,90,45.0,0.1,1800.303,0.8413702127272606,0.08837759697653857,0.11736847762899702,Time limit reached,24829
