seed,dimension,p,k,time,solution,dual_gap,rel_dual_gap,termination,ncalls
2,20,100,4.0,194.262,1.7116321382677737,0.016792924122172037,0.009908269753268393,OPTIMAL,29448
