seed,dimension,p,k,time,solution,dual_gap,rel_dual_gap,termination,ncalls
2,27,135,6.0,1800.011,2.2484432009967756,0.4288792381025175,0.2357044032793044,Time limit reached,293909
