seed,dimension,time,solution,dual_gap,rel_dual_gap,termination,ncalls
1,45,7.042,-0.4490277182979161,0.0014897044213698085,0.0033176224109653634,OPTIMAL,1792
