seed,dimension,time,solution,dual_gap,rel_dual_gap,termination,ncalls
7,95,675.553,-0.8827859406566864,0.017685708792921973,0.02003397197260067,OPTIMAL,197029
