seed,dimension,time,solution,dual_gap,rel_dual_gap,termination,ncalls
8,75,15.467,-0.36821818896027114,0.000934029175752582,0.0025366187867850248,OPTIMAL,2939
