seed,dimension,time,solution,dual_gap,rel_dual_gap,termination,ncalls
3,25,2.482,-1.7242438731258791,0.01640586855790671,0.009514819112081017,OPTIMAL,1224
