seed,dimension,p,k,time,solution,dual_gap,rel_dual_gap,termination,ncalls
2,25,125,5.0,1800.08,1.831704795182616,0.03430187571942467,0.01908413263825631,Time limit reached,356801
