seed,dimension,p,k,Ns,time,solution,dual_gap,rel_dual_gap,termination,ncalls
6,50,50,25.0,5.0,1802.391,0.6285229730829404,0.013063913752510925,0.02122629207330773,Time limit reached,44908
