seed,n0,m0,M,time,solution,dual_gap,rel_dual_gap,termination,ncalls
3,3,26,20.0,0.54,3.7959953365216172,7.014790304182839e-8,1.8479449556542823e-8,OPTIMAL,121
