seed,dimension,time,solution,dual_gap,rel_dual_gap,termination,ncalls
8,115,45.613,-0.3480769244162669,0.3765084163526311,1.0816816339780193,OPTIMAL,7159
