seed,dimension,var_A,p,k,M,time,solution,dual_gap,rel_dual_gap,termination,ncalls
6,15,5,75,15.0,0.1,425.399,0.09255302301227868,0.0009032415457589232,0.00985535951429282,OPTIMAL,73686
