seed,dimension,p,k,time,solution,dual_gap,rel_dual_gap,termination,ncalls
1,21,105,5.0,63.213,1.7617940642843877,0.01733568309476441,0.009937573336053131,OPTIMAL,10713
