seed,n0,m0,M,time,solution,dual_gap,rel_dual_gap,termination,ncalls
7,2,23,20.0,0.232,4.939014399234411,3.956621874579014e-8,8.010954385734614e-9,OPTIMAL,72
