seed,n0,m0,M,time,solution,dual_gap,rel_dual_gap,termination,ncalls
9,3,28,20.0,0.697,1.3490393487245942,5.590806306798868e-8,4.1442872246710874e-8,OPTIMAL,121
