seed,dimension,time,solution,dual_gap,rel_dual_gap,termination,ncalls
7,30,1.826,-0.26859742007294835,0.0023109870811175437,0.008603906472705147,OPTIMAL,759
