seed,n0,m0,M,time,solution,dual_gap,rel_dual_gap,termination,ncalls
7,2,21,20.0,0.268,4.456969779803133,1.3436094903340745e-8,3.0146255432853798e-9,OPTIMAL,72
