seed,dimension,time,solution,dual_gap,rel_dual_gap,termination,ncalls
10,105,24.989,-0.1775451006565602,0.25432061907019377,1.4324282569877647,OPTIMAL,6496
