seed,dimension,time,solution,dual_gap,rel_dual_gap,termination,ncalls
8,90,11.967,-0.060142694490842086,0.0015479297570016315,0.025737619009360054,OPTIMAL,4149
