seed,dimension,time,solution,dual_gap,rel_dual_gap,termination,ncalls
3,40,47.558,10.050698707324818,0.06869024923219058,0.006881405633001836,OPTIMAL,6472
