seed,dimension,p,k,time,solution,dual_gap,rel_dual_gap,termination,ncalls
3,28,140,6.0,1800.008,4.363373393383866,0.07129908138648222,0.016611800309976943,Time limit reached,355643
