seed,dimension,p,k,time,solution,dual_gap,rel_dual_gap,termination,ncalls
3,20,100,4.0,364.861,3.4232738207320144,0.033876896818969104,0.009994962991781547,OPTIMAL,63992
