seed,dimension,time,solution,dual_gap,rel_dual_gap,termination,ncalls
2,35,2.931,-0.2615887902233791,0.0008584512555025459,0.0032816821193656144,OPTIMAL,844
