seed,dimension,time,solution,dual_gap,rel_dual_gap,termination,ncalls
5,95,76.837,-0.8135534494958019,0.1271997297958567,0.15635079646541783,OPTIMAL,12253
