seed,dimension,p,k,Ns,time,solution,dual_gap,rel_dual_gap,termination,ncalls
10,70,70,35.0,10.0,1800.582,0.997507238294562,0.01900669743833383,0.019424309588732765,Time limit reached,13816
