seed,dimension,p,k,Ns,time,solution,dual_gap,rel_dual_gap,termination,ncalls
4,50,50,25.0,0.1,1801.869,0.47851272062682637,0.004937745712196184,0.01042653428443151,Time limit reached,41480
