seed,dimension,p,k,time,solution,dual_gap,rel_dual_gap,termination,ncalls
5,18,90,4.0,6.401,4.646806399110295,0.04393022698263138,0.009544081860956252,OPTIMAL,1217
