seed,dimension,time,solution,dual_gap,rel_dual_gap,termination,ncalls
10,65,9.131,-0.1947107057412102,0.0007837349839470709,0.004025125279904908,OPTIMAL,2629
