seed,dimension,time,solution,dual_gap,rel_dual_gap,termination,ncalls
2,80,15.782,-0.27665106655398336,0.0025597267453202344,0.009252546094271973,OPTIMAL,3465
