seed,dimension,time,solution,dual_gap,rel_dual_gap,termination,ncalls
1,70,40.046,-27.8990448504506,0.2612805123724833,0.009365213532328628,OPTIMAL,9673
