seed,dimension,p,k,Ns,time,solution,dual_gap,rel_dual_gap,termination,ncalls
6,70,70,35.0,5.0,1800.35,0.1291576448029713,0.0598721581913067,0.8641370815057089,Time limit reached,25888
