seed,dimension,time,solution,dual_gap,rel_dual_gap,termination,ncalls
5,75,15.692,-0.26195392131105544,3.836159917502968e-8,1.4644407299968401e-7,OPTIMAL,3010
