seed,dimension,time,solution,dual_gap,rel_dual_gap,termination,ncalls
5,90,485.747,-0.7488449651838679,0.008585697948947701,0.011465254289103232,OPTIMAL,144479
