seed,dimension,p,k,time,solution,dual_gap,rel_dual_gap,termination,ncalls
6,30,150,6.0,1.293,5.145675817110071,0.042849798172848175,0.008397268104737891,OPTIMAL,160
