seed,dimension,p,k,Ns,time,solution,dual_gap,rel_dual_gap,termination,ncalls
7,70,70,35.0,5.0,1800.448,0.5412762140641039,0.04609342664028898,0.09308366084388701,Time limit reached,24893
