seed,dimension,p,k,time,solution,dual_gap,rel_dual_gap,termination,ncalls
10,25,125,5.0,1.487,3.491963376762896,0.032207640696664264,0.009309223874077477,OPTIMAL,270
