seed,dimension,time,solution,dual_gap,rel_dual_gap,termination,ncalls
9,50,44.042,-2.381707675360894,0.02173676490013232,0.009126546101774899,OPTIMAL,13908
