seed,dimension,p,k,time,solution,dual_gap,rel_dual_gap,termination,ncalls
10,26,130,6.0,2.529,3.02700127548009,0.029473472389171196,0.009832593498809068,OPTIMAL,498
