seed,dimension,p,k,time,solution,dual_gap,rel_dual_gap,termination,ncalls
9,26,130,6.0,0.892,2.6980738735276644,0.01995242756016591,0.007450157867265012,OPTIMAL,156
