seed,dimension,time,solution,dual_gap,rel_dual_gap,termination,ncalls
3,50,12.574,-0.5869674126800093,0.0020273080831646473,0.0034538682035315186,OPTIMAL,5349
