seed,dimension,time,solution,dual_gap,rel_dual_gap,termination,ncalls
4,105,46.149,-0.23921859960270564,0.029879816990411312,0.12490591049373137,OPTIMAL,8811
