seed,dimension,p,k,time,solution,dual_gap,rel_dual_gap,termination,ncalls
10,30,150,6.0,1.963,3.198611710346478,0.031625960819449794,0.009986139288493153,OPTIMAL,310
