seed,dimension,p,k,Ns,time,solution,dual_gap,rel_dual_gap,termination,ncalls
8,50,50,25.0,5.0,1802.749,-0.19071129116522806,0.040571390914597466,0.2127372252933221,Time limit reached,22380
