seed,dimension,p,k,time,solution,dual_gap,rel_dual_gap,termination,ncalls
3,30,150,6.0,1800.007,4.319300767044491,0.14551993175967493,0.03486525467016879,Time limit reached,327936
