seed,dimension,time,solution,dual_gap,rel_dual_gap,termination,ncalls
8,120,49.39,-0.469325388500755,0.19465374914376765,0.414752225030022,OPTIMAL,14797
