seed,dimension,p,k,time,solution,dual_gap,rel_dual_gap,termination,ncalls
2,18,90,4.0,282.589,1.908612211795611,0.018858460077272987,0.009979321411652253,OPTIMAL,45254
