seed,dimension,time,solution,dual_gap,rel_dual_gap,termination,ncalls
8,95,1800.024,5.344341677759064,2.193448300011772,0.6961353613240832,Time limit reached,98240
