seed,dimension,time,solution,dual_gap,rel_dual_gap,termination,ncalls
8,80,1800.053,6.5554976835509295,3.2775542035744367,0.9998812437113592,Time limit reached,130177
