seed,dimension,time,solution,dual_gap,rel_dual_gap,termination,ncalls
1,55,5.985,0.39870377462198825,0.004477905408156124,0.01135873050920274,OPTIMAL,2125
