seed,dimension,time,solution,dual_gap,rel_dual_gap,termination,ncalls
2,90,12.603,-0.12272464462819843,0.000356434011332174,0.0029043393233039046,OPTIMAL,4103
