seed,dimension,time,solution,dual_gap,rel_dual_gap,termination,ncalls
5,65,9.136,-0.41531225809654254,0.0063704792665709165,0.015339010930638242,OPTIMAL,2492
