seed,dimension,p,k,Ns,time,solution,dual_gap,rel_dual_gap,termination,ncalls
8,70,70,35.0,5.0,1800.56,0.8410960485290357,0.03309277619892104,0.04095624031755255,Time limit reached,20976
