seed,dimension,p,k,Ns,time,solution,dual_gap,rel_dual_gap,termination,ncalls
10,70,70,35.0,1.0,1800.515,0.9969404444481795,0.017625813138911206,0.017998110694360657,Time limit reached,30402
