seed,dimension,time,solution,dual_gap,rel_dual_gap,termination,ncalls
5,25,10.035,2.3737311201025513,0.01761885947168995,0.007477937179008784,OPTIMAL,2241
