seed,dimension,p,k,time,solution,dual_gap,rel_dual_gap,termination,ncalls
7,18,90,4.0,57.2,3.491754799253618,0.03436673364449794,0.009940085692533688,OPTIMAL,13676
