seed,dimension,p,k,Ns,time,solution,dual_gap,rel_dual_gap,termination,ncalls
3,70,70,35.0,10.0,2.31,0.44244779722769695,0.004242940948943952,0.009682551181598296,OPTIMAL,371
