seed,dimension,time,solution,dual_gap,rel_dual_gap,termination,ncalls
3,35,2.924,-1.9656040181087686,0.02531266805159227,0.012877806424076798,OPTIMAL,1623
