seed,dimension,time,solution,dual_gap,rel_dual_gap,termination,ncalls
9,105,1800.004,21.642701570326835,0.44003856047818957,0.020753928894393665,Time limit reached,124867
