seed,num_v,time,solution,dual_gap,rel_dual_gap,number_nodes,termination,ncalls
3,8,1800.088,-0.9868809399417389,0.14863083727058557,0.15060665502300621,20191,Time limit reached,495854
