seed,dimension,time,solution,dual_gap,rel_dual_gap,termination,ncalls
1,105,26.441,-0.10000892236108533,6.216563683103526e-5,0.0006216009068329354,OPTIMAL,5534
