seed,dimension,time,solution,dual_gap,rel_dual_gap,termination,ncalls
5,40,162.4,6.8235525136778294,0.0598059932279531,0.008842139936369944,OPTIMAL,15425
