seed,dimension,time,solution,dual_gap,rel_dual_gap,termination,ncalls
1,75,11.37,0.11591840195890324,0.0033230995301345434,0.02951366050317099,OPTIMAL,3425
