seed,dimension,time,solution,dual_gap,rel_dual_gap,termination,ncalls
9,90,1800.17,-1.8365313476435556,0.9225934681471664,0.5023565044674797,Time limit reached,403055
