seed,dimension,time,solution,dual_gap,rel_dual_gap,termination,ncalls
3,65,21.184,-0.8244587898518435,0.007879851947273808,0.009557605600505307,OPTIMAL,5439
