seed,dimension,time,solution,dual_gap,rel_dual_gap,termination,ncalls
5,55,3.985,-0.5609829812752274,0.004811564909320332,0.0085770247403632,OPTIMAL,1378
