seed,dimension,time,solution,dual_gap,rel_dual_gap,termination,ncalls
2,60,8.035,-0.8696167438739066,0.002968593177741008,0.003413679875247952,OPTIMAL,2675
