seed,dimension,p,k,time,solution,dual_gap,rel_dual_gap,termination,ncalls
1,25,125,5.0,130.928,1.918574585754522,0.018836515938056353,0.00991532266333756,OPTIMAL,20419
