seed,dimension,time,solution,dual_gap,rel_dual_gap,termination,ncalls
2,60,9.81,-0.8696975605295731,0.001840949904037048,0.0021167702286252975,OPTIMAL,2387
