seed,dimension,time,solution,dual_gap,rel_dual_gap,termination,ncalls
2,30,6.586,-5.956275569716421,0.05810207387502153,0.009754765909493972,OPTIMAL,2489
