seed,dimension,p,k,Ns,time,solution,dual_gap,rel_dual_gap,termination,ncalls
7,90,90,45.0,1.0,1800.5,0.11566953655749482,0.05228736728873028,0.824953893058029,Time limit reached,16193
