seed,dimension,p,k,time,solution,dual_gap,rel_dual_gap,termination,ncalls
1,19,95,4.0,23.883,1.7514415693514003,0.01727599130734836,0.009962134830766148,OPTIMAL,3260
