seed,dimension,var_A,p,k,M,time,solution,dual_gap,rel_dual_gap,termination,ncalls
4,10,5,50,10.0,1.0,1800.172,0.34223352901641974,0.06725979782364405,0.24460444832997616,Time limit reached,281295
