seed,n0,m0,M,time,solution,dual_gap,rel_dual_gap,termination,ncalls
5,3,27,20.0,1.016,1.502105943055584,5.356794785527086e-8,3.566189855865802e-8,OPTIMAL,152
