seed,dimension,var_A,p,k,M,time,solution,dual_gap,rel_dual_gap,termination,ncalls
7,5,1,25,5.0,0.1,3.608,0.6236465617884889,0.006134007133907882,0.009933412831321415,OPTIMAL,1450
