seed,dimension,time,solution,dual_gap,rel_dual_gap,termination,ncalls
6,50,9.107,-0.24250116222115686,0.002086710108542389,0.008604948897685469,OPTIMAL,3068
