seed,dimension,time,solution,dual_gap,rel_dual_gap,termination,ncalls
6,120,47.903,-0.49792227451090254,0.06363511918655662,0.12780131045365248,OPTIMAL,9137
