seed,dimension,time,solution,dual_gap,rel_dual_gap,termination,ncalls
6,35,864.493,-13.477765736857338,0.13469039307734576,0.00999352531473455,OPTIMAL,35220
