seed,dimension,p,k,time,solution,dual_gap,rel_dual_gap,termination,ncalls
1,20,100,4.0,40.077,2.274969426057991,0.022056157317311254,0.009790060551083741,OPTIMAL,5982
