seed,dimension,time,solution,dual_gap,rel_dual_gap,termination,ncalls
7,115,31.093,-0.447914516623517,0.1890786965031156,0.42213120916114627,OPTIMAL,6747
