seed,dimension,p,k,time,solution,dual_gap,rel_dual_gap,termination,ncalls
10,27,135,6.0,2.781,3.2617850351808966,0.03210847416138396,0.009941699595840727,OPTIMAL,375
