seed,dimension,time,solution,dual_gap,rel_dual_gap,termination,ncalls
2,55,381.528,-0.908569308346892,0.008278938726230756,0.009112060742282805,OPTIMAL,134974
