seed,dimension,time,solution,dual_gap,rel_dual_gap,termination,ncalls
10,80,25.747,-0.2070521468392476,0.00042566250853509624,0.0020558227240482303,OPTIMAL,5947
