seed,dimension,time,solution,dual_gap,rel_dual_gap,termination,ncalls
6,80,1800.023,5.506135661055845,1.0529887593399838,0.23645947070244913,Time limit reached,143826
