seed,dimension,time,solution,dual_gap,rel_dual_gap,termination,ncalls
4,60,327.702,6.211856795992851,0.04534151463723113,0.007352858554380075,OPTIMAL,36107
