seed,dimension,time,solution,dual_gap,rel_dual_gap,termination,ncalls
1,20,0.754,-2.594074729734092,0.005026097992731682,0.0019375301471160342,OPTIMAL,397
