seed,dimension,p,k,Ns,time,solution,dual_gap,rel_dual_gap,termination,ncalls
8,90,90,45.0,5.0,1800.561,-0.6799431985906605,0.10569691246974766,0.1554496209224961,Time limit reached,16173
