seed,dimension,p,k,time,solution,dual_gap,rel_dual_gap,termination,ncalls
9,23,115,5.0,1.325,2.5064690111437673,0.024265216322576055,0.009775674492643353,OPTIMAL,244
