seed,dimension,time,solution,dual_gap,rel_dual_gap,termination,ncalls
10,25,0.888,-0.19281161102943728,0.006033486297437662,0.0312921315538228,OPTIMAL,541
