seed,dimension,p,k,Ns,time,solution,dual_gap,rel_dual_gap,termination,ncalls
8,70,70,35.0,10.0,1809.621,0.8239742884462351,0.016028209407585647,0.019838216712007722,Time limit reached,17406
