seed,dimension,p,k,Ns,time,solution,dual_gap,rel_dual_gap,termination,ncalls
6,70,70,35.0,0.1,1807.813,0.7779321759254076,0.005336629981423813,0.006907404539723737,Time limit reached,2167
