seed,dimension,p,k,Ns,time,solution,dual_gap,rel_dual_gap,termination,ncalls
4,70,70,35.0,0.1,1802.897,0.8934130266358712,0.06695622060396944,0.0810159951679131,Time limit reached,1917
