seed,dimension,time,solution,dual_gap,rel_dual_gap,termination,ncalls
8,115,31.947,-0.39501101319633314,0.008909879393684095,0.022556027796763224,OPTIMAL,4474
