seed,dimension,p,k,time,solution,dual_gap,rel_dual_gap,termination,ncalls
5,25,125,5.0,52.327,6.063698098092319,0.059523186223296776,0.009913632946573834,OPTIMAL,6474
