seed,dimension,time,solution,dual_gap,rel_dual_gap,termination,ncalls
6,115,1800.256,-2.0137299435285065,11.529514102203446,5.72545198488788,Time limit reached,121913
