seed,dimension,var_A,p,k,M,time,solution,dual_gap,rel_dual_gap,termination,ncalls
10,5,1,25,5.0,0.1,8.491,0.5865748514044371,0.005806649998771007,0.009998223016888397,OPTIMAL,325
