seed,dimension,p,k,time,solution,dual_gap,rel_dual_gap,termination,ncalls
5,19,95,4.0,13.296,5.052999834779796,0.04439893295875219,0.008864537987566444,OPTIMAL,818
