seed,dimension,time,solution,dual_gap,rel_dual_gap,termination,ncalls
7,75,16.716,-0.4676445218281841,0.004124488818267991,0.008819709471082732,OPTIMAL,2292
