seed,dimension,p,k,time,solution,dual_gap,rel_dual_gap,termination,ncalls
2,24,120,5.0,1427.159,1.6462742296818962,0.016299322501226676,0.009999738296228893,OPTIMAL,195786
