seed,dimension,p,k,time,solution,dual_gap,rel_dual_gap,termination,ncalls
2,24,120,5.0,1069.273,1.646273721545093,0.01629881436442382,0.009999426551059924,OPTIMAL,195786
