seed,dimension,time,solution,dual_gap,rel_dual_gap,termination,ncalls
10,110,58.746,-0.23205329196867036,0.0003162367664378829,0.0013627764715381766,OPTIMAL,8080
