seed,dimension,p,k,time,solution,dual_gap,rel_dual_gap,termination,ncalls
2,23,115,5.0,1407.088,2.149508807356191,0.02127589144491049,0.009996975089449004,OPTIMAL,283747
