seed,dimension,p,k,Ns,time,solution,dual_gap,rel_dual_gap,termination,ncalls
3,90,90,45.0,0.1,1809.52,0.4511744564812673,0.03432860024915796,0.08235322418568797,Time limit reached,9591
