seed,dimension,p,k,time,solution,dual_gap,rel_dual_gap,termination,ncalls
2,28,140,6.0,1800.134,1.976687720285515,0.6119417848531439,0.4483924582338264,Time limit reached,138227
