seed,dimension,time,solution,dual_gap,rel_dual_gap,termination,ncalls
8,20,9.554,-4.353810825089153,0.01826748204562989,0.004195745469776085,OPTIMAL,311
