seed,dimension,p,k,time,solution,dual_gap,rel_dual_gap,termination,ncalls
1,22,110,5.0,18.938,1.930455938957835,0.017589252135642885,0.00919523156360863,OPTIMAL,1609
