seed,dimension,time,solution,dual_gap,rel_dual_gap,termination,ncalls
5,75,519.18,13.930499031020334,0.1326493224948706,0.009613767746209671,OPTIMAL,59002
