seed,dimension,time,solution,dual_gap,rel_dual_gap,termination,ncalls
4,70,12.904,-0.38117853030301535,0.002432689169300506,0.006382020433749655,OPTIMAL,1476
