seed,dimension,p,k,Ns,time,solution,dual_gap,rel_dual_gap,termination,ncalls
1,50,50,25.0,5.0,1804.98,0.5402034281019135,0.05317110892110788,0.10917367662692765,Time limit reached,15937
