seed,dimension,p,k,time,solution,dual_gap,rel_dual_gap,termination,ncalls
2,18,90,4.0,118.921,1.908641846793253,0.018879732751097,0.009990534052306564,OPTIMAL,23081
