seed,dimension,p,k,time,solution,dual_gap,rel_dual_gap,termination,ncalls
3,15,75,3.0,77.728,3.3580743194150378,0.03312892314416116,0.00996374953444866,OPTIMAL,9367
