seed,dimension,time,solution,dual_gap,rel_dual_gap,termination,ncalls
7,70,15.119,0.153838852232634,9.906582687513321e-8,6.439588519527085e-7,OPTIMAL,1806
