seed,dimension,p,k,Ns,time,solution,dual_gap,rel_dual_gap,termination,ncalls
7,90,90,45.0,10.0,1801.883,0.1145091530557168,0.05145328359058601,0.8159951488582539,Time limit reached,14626
