seed,dimension,time,solution,dual_gap,rel_dual_gap,termination,ncalls
10,120,34.985,-0.1698686857410685,0.00029275594008204564,0.001723425002111894,OPTIMAL,4903
