seed,dimension,p,k,time,solution,dual_gap,rel_dual_gap,termination,ncalls
5,16,80,4.0,9.746,3.9792937790149603,0.02877327291430465,0.007283413127427399,OPTIMAL,185
