seed,dimension,p,k,Ns,time,solution,dual_gap,rel_dual_gap,termination,ncalls
8,50,50,25.0,1.0,1803.604,-0.205855338816655,0.022963229479126768,0.11155032272239955,Time limit reached,39440
