seed,dimension,p,k,time,solution,dual_gap,rel_dual_gap,termination,ncalls
9,20,100,4.0,8.145,2.018599533665041,0.014693501186866076,0.007332430238106041,OPTIMAL,125
