seed,dimension,p,k,Ns,time,solution,dual_gap,rel_dual_gap,termination,ncalls
9,90,90,45.0,1.0,1801.885,-0.8727502667658146,0.21532158401278878,0.2467161480347804,Time limit reached,19991
