seed,dimension,time,solution,dual_gap,rel_dual_gap,termination,ncalls
3,30,10.343,-12.135964376600068,0.11427452667166804,0.009416188374119342,OPTIMAL,1015
