seed,dimension,time,solution,dual_gap,rel_dual_gap,termination,ncalls
1,20,7.992,-2.593366570365136,0.005578178168629044,0.0021509408783053985,OPTIMAL,365
