seed,dimension,time,solution,dual_gap,rel_dual_gap,termination,ncalls
10,55,13.544,-0.17411793701011125,0.0019386356096187385,0.011134037324977952,OPTIMAL,1233
