seed,dimension,p,k,time,solution,dual_gap,rel_dual_gap,termination,ncalls
10,24,120,5.0,13.346,2.5919150187022093,0.021998153267194454,0.00855986960631537,OPTIMAL,430
