seed,dimension,var_A,p,k,M,time,solution,dual_gap,rel_dual_gap,termination,ncalls
10,15,5,75,15.0,0.1,1801.801,0.3077176035995161,0.06381076205829794,0.26161940212535806,Time limit reached,120937
