seed,dimension,p,k,Ns,time,solution,dual_gap,rel_dual_gap,termination,ncalls
1,70,70,35.0,10.0,1804.602,-1.4468192034163698,0.2006507589096762,0.1386840584061092,Time limit reached,4142
