seed,dimension,time,solution,dual_gap,rel_dual_gap,termination,ncalls
5,120,854.729,27.688188687127514,0.2713366850815362,0.009896711885860847,OPTIMAL,116488
