seed,dimension,p,k,Ns,time,solution,dual_gap,rel_dual_gap,termination,ncalls
7,70,70,35.0,10.0,1801.849,0.5419275251170035,0.04711034990128321,0.09520758829914303,Time limit reached,12474
