seed,dimension,time,solution,dual_gap,rel_dual_gap,termination,ncalls
5,70,14.556,-0.264977013461878,0.0006799502830797111,0.002566072710218446,OPTIMAL,1793
