seed,dimension,time,solution,dual_gap,rel_dual_gap,termination,ncalls
4,20,10.372,-1.3786927439076315,0.03262651253909077,0.023664817765427112,OPTIMAL,1557
