seed,dimension,time,solution,dual_gap,rel_dual_gap,termination,ncalls
7,25,11.588,-0.24333793237388496,3.95522135043791e-8,1.6254027113046944e-7,OPTIMAL,388
