seed,dimension,p,k,Ns,time,solution,dual_gap,rel_dual_gap,termination,ncalls
3,90,90,45.0,0.1,1809.402,0.4511744564812673,0.034363820610602724,0.08244468267663338,Time limit reached,9446
