seed,dimension,time,solution,dual_gap,rel_dual_gap,termination,ncalls
7,85,455.324,-1.3020688456359242,0.012462793744133727,0.009571532093640532,OPTIMAL,126393
