seed,dimension,time,solution,dual_gap,rel_dual_gap,termination,ncalls
9,30,9.408,-0.06041783665041889,0.35108331640674834,5.810921672653339,OPTIMAL,443
