seed,dimension,p,k,time,solution,dual_gap,rel_dual_gap,termination,ncalls
2,22,110,5.0,1801.447,2.0779024042657603,0.1881807508486395,0.09958120049498216,Time limit reached,212058
