seed,dimension,var_A,p,k,M,time,solution,dual_gap,rel_dual_gap,termination,ncalls
8,5,5,25,5.0,1.0,197.733,0.30994600269681594,0.0030667243892229523,0.009993259910332218,OPTIMAL,52264
