seed,dimension,time,solution,dual_gap,rel_dual_gap,termination,ncalls
5,60,104.268,-2.4174138320104355,0.023180287776832564,0.009588878606504349,OPTIMAL,40117
