seed,dimension,p,k,time,solution,dual_gap,rel_dual_gap,termination,ncalls
3,24,120,5.0,1800.008,4.032486123724311,0.07475825552379778,0.018889185414809384,Time limit reached,363926
