seed,dimension,time,solution,dual_gap,rel_dual_gap,termination,ncalls
7,85,367.735,-1.301312354242314,0.011975770177556022,0.00920284060818656,OPTIMAL,115323
