seed,dimension,p,k,time,solution,dual_gap,rel_dual_gap,termination,ncalls
1,16,80,4.0,38.745,2.250303004538984,0.02212361396285356,0.009929009332203345,OPTIMAL,7170
