seed,dimension,time,solution,dual_gap,rel_dual_gap,termination,ncalls
2,60,12.135,-0.8676210816023506,0.006635463344486059,0.00764788164463624,OPTIMAL,1690
