seed,dimension,p,k,time,solution,dual_gap,rel_dual_gap,termination,ncalls
2,29,145,6.0,1800.021,2.042426398530637,0.12027597035589888,0.0625736511528456,Time limit reached,300688
