seed,dimension,p,k,Ns,time,solution,dual_gap,rel_dual_gap,termination,ncalls
3,50,50,25.0,5.0,1804.026,0.4971512578170632,0.013690701073590827,0.02831813450472488,Time limit reached,39208
