seed,dimension,time,solution,dual_gap,rel_dual_gap,termination,ncalls
2,90,24.247,-0.12272464462972765,0.001013477623336978,0.00825814266070796,OPTIMAL,3125
