seed,dimension,time,solution,dual_gap,rel_dual_gap,termination,ncalls
1,50,13.055,-0.3987963186469019,0.0015641028677041424,0.003922059443805985,OPTIMAL,1047
