seed,dimension,p,k,time,solution,dual_gap,rel_dual_gap,termination,ncalls
2,16,80,4.0,92.681,1.5377815557830616,0.015206204766775588,0.009987160738301573,OPTIMAL,18533
