seed,dimension,p,k,time,solution,dual_gap,rel_dual_gap,termination,ncalls
2,27,135,6.0,1800.144,2.2484432009967756,0.5450955386482077,0.32001425821469265,Time limit reached,139579
