seed,dimension,p,k,time,solution,dual_gap,rel_dual_gap,termination,ncalls
1,27,135,6.0,462.698,1.6865971810625524,0.016561265931681834,0.009916712438117852,OPTIMAL,29720
