seed,dimension,time,solution,dual_gap,rel_dual_gap,termination,ncalls
6,20,7.996,0.35851265333574445,0.031500887638250985,0.0963295237131966,OPTIMAL,250
