seed,dimension,p,k,time,solution,dual_gap,rel_dual_gap,termination,ncalls
2,17,85,4.0,146.151,1.9730825424630343,0.019467652310425354,0.009964938539603686,OPTIMAL,37669
