seed,dimension,p,k,Ns,time,solution,dual_gap,rel_dual_gap,termination,ncalls
2,70,70,35.0,1.0,1801.979,0.2843021667961945,0.037196721998661475,0.1505297547334045,Time limit reached,4341
