seed,dimension,time,solution,dual_gap,rel_dual_gap,termination,ncalls
3,70,366.633,-11.579740707621546,0.11573271836707022,0.009994413630600324,OPTIMAL,92019
