seed,dimension,p,k,Ns,time,solution,dual_gap,rel_dual_gap,termination,ncalls
7,90,90,45.0,0.1,1801.93,0.8450846270109141,0.05873356223861259,0.07469127323636254,Time limit reached,25738
