seed,dimension,time,solution,dual_gap,rel_dual_gap,termination,ncalls
6,30,13.38,-0.16316113714812897,0.0008880909152642058,0.005443029699271681,OPTIMAL,483
