seed,dimension,p,k,Ns,time,solution,dual_gap,rel_dual_gap,termination,ncalls
10,70,70,35.0,0.1,1801.967,0.9971627249381513,0.017885130953948614,0.0182635966183835,Time limit reached,40229
