seed,n0,m0,M,time,solution,dual_gap,rel_dual_gap,termination,ncalls
9,2,19,20.0,7.318,0.8896981060266753,7.47943504908477e-8,8.406711925309052e-8,OPTIMAL,41
