seed,dimension,var_A,p,k,M,time,solution,dual_gap,rel_dual_gap,termination,ncalls
8,5,1,25,5.0,0.1,11.686,0.6431172079102258,0.006187178485204448,0.009714063082863007,OPTIMAL,1630
