seed,dimension,time,solution,dual_gap,rel_dual_gap,termination,ncalls
3,110,1801.691,-11.668068594304003,2.370357935125787,0.20314912583586658,Time limit reached,285555
