seed,dimension,time,solution,dual_gap,rel_dual_gap,termination,ncalls
10,50,42.548,9.607112863357726,0.09329385933434686,0.00980614191786632,OPTIMAL,4896
