seed,dimension,time,solution,dual_gap,rel_dual_gap,termination,ncalls
4,60,18.198,-0.41853300211323835,0.001292545966263714,0.0030882772917247814,OPTIMAL,1550
