seed,dimension,var_A,p,k,M,time,solution,dual_gap,rel_dual_gap,termination,ncalls
3,15,1,75,15.0,1.0,1801.438,0.6931471805599453,0.12507631719653278,0.22017731459766418,Time limit reached,147131
