seed,dimension,time,solution,dual_gap,rel_dual_gap,termination,ncalls
8,75,248.915,10.74842082034713,0.09066864932792207,0.008507295710484827,OPTIMAL,33066
