seed,dimension,time,solution,dual_gap,rel_dual_gap,termination,ncalls
3,95,25.784,-0.5107736382720568,0.0019326868909734785,0.003783842285815186,OPTIMAL,2801
