seed,dimension,var_A,p,k,M,time,solution,dual_gap,rel_dual_gap,termination,ncalls
8,10,5,50,10.0,1.0,1801.391,0.165408995081695,0.02725062836542777,0.19724196958257173,Time limit reached,453226
