seed,dimension,time,solution,dual_gap,rel_dual_gap,termination,ncalls
7,55,31.171,-0.4888052789806167,0.004890047288813593,0.010004080354884025,OPTIMAL,5176
