seed,dimension,time,solution,dual_gap,rel_dual_gap,termination,ncalls
8,85,1800.757,-24.589538963191625,2.462643689167333,0.10015005538955787,Time limit reached,314198
