seed,dimension,time,solution,dual_gap,rel_dual_gap,termination,ncalls
9,65,11.729,-0.13303934677351303,0.00119999909657037,0.009019881153003971,OPTIMAL,1425
