seed,dimension,time,solution,dual_gap,rel_dual_gap,termination,ncalls
3,45,12.491,-0.5469593587753122,0.0017278981889291556,0.003159097949796607,OPTIMAL,1094
