seed,dimension,time,solution,dual_gap,rel_dual_gap,termination,ncalls
2,55,199.242,-0.9085693083467588,0.008975011365143892,0.009878180214424047,OPTIMAL,45247
