seed,dimension,p,k,Ns,time,solution,dual_gap,rel_dual_gap,termination,ncalls
6,70,70,35.0,5.0,1801.85,0.12892144295539273,0.060518436253047495,0.8847335690431366,Time limit reached,6337
