seed,dimension,time,solution,dual_gap,rel_dual_gap,termination,ncalls
9,40,19.811,-1.7161764232885308,0.01618475775678485,0.009430707436110606,OPTIMAL,5497
