seed,dimension,p,k,time,solution,dual_gap,rel_dual_gap,termination,ncalls
2,21,105,5.0,1801.483,2.033418409196724,0.16043145824811877,0.08565540628399233,Time limit reached,241966
