seed,dimension,var_A,p,k,M,time,solution,dual_gap,rel_dual_gap,termination,ncalls
4,15,5,75,15.0,0.1,1802.689,0.283446619982873,0.041992630311883994,0.17391566140242354,Time limit reached,176276
