seed,dimension,var_A,p,k,M,time,solution,dual_gap,rel_dual_gap,termination,ncalls
1,5,5,25,5.0,1.0,151.868,0.2867351506391778,0.002821403234190556,0.009937536522900317,OPTIMAL,43283
