seed,dimension,var_A,p,k,M,time,solution,dual_gap,rel_dual_gap,termination,ncalls
10,15,1,75,15.0,0.1,1801.423,0.6931471805599453,0.08473245181351652,0.13926758806135145,Time limit reached,115708
