seed,dimension,time,solution,dual_gap,rel_dual_gap,termination,ncalls
9,40,25.103,-1.7161764254339866,0.004931533999214643,0.002873558875491229,OPTIMAL,5773
