seed,dimension,time,solution,dual_gap,rel_dual_gap,termination,ncalls
2,90,15.064,-0.12272464462650079,0.0010168314239132892,0.008285470510083007,OPTIMAL,2724
