seed,dimension,p,k,time,solution,dual_gap,rel_dual_gap,termination,ncalls
9,18,90,4.0,8.113,1.835192389005201,0.01081188191820992,0.0059263305413591455,OPTIMAL,90
