seed,dimension,time,solution,dual_gap,rel_dual_gap,termination,ncalls
5,25,8.035,-0.30236131809263705,0.007707238758201895,0.025490161264082604,OPTIMAL,288
