seed,dimension,var_A,p,k,M,time,solution,dual_gap,rel_dual_gap,termination,ncalls
2,10,1,50,10.0,0.1,1801.36,0.6484994987895639,0.008532838846034507,0.013333255277372487,Time limit reached,457538
