seed,dimension,p,k,time,solution,dual_gap,rel_dual_gap,termination,ncalls
2,28,140,6.0,1800.254,1.976687720285515,0.611771564559153,0.44821182751228333,Time limit reached,139152
