seed,dimension,p,k,time,solution,dual_gap,rel_dual_gap,termination,ncalls
8,23,115,5.0,10.724,3.2451179078474204,0.028398569861514122,0.008828426380305657,OPTIMAL,215
