seed,dimension,p,k,time,solution,dual_gap,rel_dual_gap,termination,ncalls
7,18,90,4.0,67.29,3.491754799253618,0.03456457686696801,0.009997881124142068,OPTIMAL,8605
