seed,dimension,p,k,Ns,time,solution,dual_gap,rel_dual_gap,termination,ncalls
5,90,90,45.0,0.1,1801.825,0.8692761132992008,0.08951151983716676,0.11479300366761906,Time limit reached,18193
