seed,dimension,time,solution,dual_gap,rel_dual_gap,termination,ncalls
1,20,11.117,-2.5933665703651334,0.005578178168621939,0.0021509408783026607,OPTIMAL,365
