seed,dimension,time,solution,dual_gap,rel_dual_gap,termination,ncalls
6,50,18.07,-0.24210863026485707,0.0004611869656990786,0.0019048761921231748,OPTIMAL,2384
