seed,dimension,time,solution,dual_gap,rel_dual_gap,termination,ncalls
7,35,13.516,-0.954264387313153,0.0008243698111627396,0.0008638798870864841,OPTIMAL,958
