seed,dimension,time,solution,dual_gap,rel_dual_gap,termination,ncalls
7,75,21.3,-0.4686526425030963,0.0022309081366296835,0.004760259378277045,OPTIMAL,2530
