seed,dimension,p,k,Ns,time,solution,dual_gap,rel_dual_gap,termination,ncalls
1,70,70,35.0,0.1,1807.472,0.44031746021692914,0.024204495893983713,0.058168088882706845,Time limit reached,3112
