seed,dimension,p,k,time,solution,dual_gap,rel_dual_gap,termination,ncalls
4,15,75,3.0,12.134,5.039099478655551,0.045990823851854046,0.009210859813276418,OPTIMAL,830
