seed,dimension,time,solution,dual_gap,rel_dual_gap,termination,ncalls
3,100,26.283,-0.047091480986083845,0.06900853192263579,1.4654143483622595,OPTIMAL,3659
