seed,dimension,p,k,time,solution,dual_gap,rel_dual_gap,termination,ncalls
8,28,140,6.0,10.285,3.274522687579969,0.03140041667321869,0.009682156283438364,OPTIMAL,414
