seed,dimension,time,solution,dual_gap,rel_dual_gap,termination,ncalls
1,50,12.17,-0.398796314094819,0.04148598487923416,0.10402800480590783,OPTIMAL,1173
