seed,dimension,p,k,time,solution,dual_gap,rel_dual_gap,termination,ncalls
2,22,110,5.0,1800.01,2.0697249202971832,0.0718521627757085,0.035964333817158106,Time limit reached,284373
