seed,dimension,p,k,Ns,time,solution,dual_gap,rel_dual_gap,termination,ncalls
5,90,90,45.0,1.0,1806.316,0.3370039597128762,0.07974539566931216,0.30998150038576794,Time limit reached,1666
