seed,dimension,var_A,p,k,M,time,solution,dual_gap,rel_dual_gap,termination,ncalls
3,15,1,75,15.0,0.1,1801.503,0.6173244167931092,0.026682674929455197,0.04517573520161859,Time limit reached,105144
