seed,dimension,p,k,time,solution,dual_gap,rel_dual_gap,termination,ncalls
3,21,105,5.0,629.567,3.718586133585336,0.03681222267749096,0.009998501691923248,OPTIMAL,66115
