seed,dimension,time,solution,dual_gap,rel_dual_gap,termination,ncalls
3,110,1800.032,-11.400235352482483,2.6381911769473074,0.2314155011170732,Time limit reached,287705
