seed,dimension,time,solution,dual_gap,rel_dual_gap,termination,ncalls
5,30,10.622,-0.35831258403318816,0.002229723216597479,0.006222843729069125,OPTIMAL,581
