seed,dimension,time,solution,dual_gap,rel_dual_gap,termination,ncalls
1,115,1685.454,29.724648332400744,0.27673683525077664,0.009397502952885465,OPTIMAL,162784
