seed,dimension,p,k,time,solution,dual_gap,rel_dual_gap,termination,ncalls
1,22,110,5.0,22.844,1.930455938957835,0.01758925213564244,0.009195231563608396,OPTIMAL,1609
