seed,dimension,p,k,time,solution,dual_gap,rel_dual_gap,termination,ncalls
2,23,115,5.0,1801.38,2.149508807356191,0.04000448021971481,0.018963924228597558,Time limit reached,316332
