seed,dimension,p,k,time,solution,dual_gap,rel_dual_gap,termination,ncalls
2,21,105,5.0,1800.075,2.0510669682420115,0.17930782276480173,0.09579641867815569,Time limit reached,237326
