seed,dimension,time,solution,dual_gap,rel_dual_gap,termination,ncalls
7,70,14.571,0.1538388523205368,0.0017096416069550813,0.011238088983278008,OPTIMAL,1957
