seed,dimension,p,k,Ns,time,solution,dual_gap,rel_dual_gap,termination,ncalls
4,70,70,35.0,0.1,1803.384,0.8934130266358712,0.06675652860215975,0.08075485859114045,Time limit reached,2438
