seed,dimension,time,solution,dual_gap,rel_dual_gap,termination,ncalls
7,45,50.958,-2.085163398373675,0.015820207489545712,0.00758703490665753,OPTIMAL,17645
