seed,dimension,time,solution,dual_gap,rel_dual_gap,termination,ncalls
6,50,15.696,-0.24210862972268826,0.0005018164326066055,0.002072691226171438,OPTIMAL,1984
