seed,dimension,p,k,Ns,time,solution,dual_gap,rel_dual_gap,termination,ncalls
8,70,70,35.0,10.0,1823.578,0.8239742884462351,0.016687106755176706,0.0206705954629696,Time limit reached,3883
