seed,dimension,time,solution,dual_gap,rel_dual_gap,termination,ncalls
2,85,21.442,-0.26961532004420175,0.0021229994735946778,0.007874179676609716,OPTIMAL,2501
