seed,dimension,p,k,time,solution,dual_gap,rel_dual_gap,termination,ncalls
2,30,150,6.0,1801.707,2.252944927027918,0.37264143692389773,0.19818153765341512,Time limit reached,219182
