seed,dimension,time,solution,dual_gap,rel_dual_gap,termination,ncalls
5,20,6.116,-10.268548312238648,0.06375811523349917,0.006209068048840805,OPTIMAL,243
