seed,dimension,p,k,time,solution,dual_gap,rel_dual_gap,termination,ncalls
7,25,125,5.0,203.712,3.8324391592107374,0.037914364467425354,0.009991861041453583,OPTIMAL,23234
