seed,dimension,p,k,time,solution,dual_gap,rel_dual_gap,termination,ncalls
2,25,125,5.0,1585.007,1.8317047996236862,0.018127178848147185,0.00999525944767419,OPTIMAL,272672
