seed,dimension,time,solution,dual_gap,rel_dual_gap,termination,ncalls
1,85,20.797,-0.183803437534662,0.00034824510571199174,0.0018946604611043741,OPTIMAL,2652
