seed,n0,m0,M,time,solution,dual_gap,rel_dual_gap,termination,ncalls
1,2,21,20.0,7.306,3.8774773891148415,7.80679836331899e-8,2.013370482163125e-8,OPTIMAL,61
