seed,dimension,var_A,p,k,M,time,solution,dual_gap,rel_dual_gap,termination,ncalls
6,10,5,50,10.0,0.1,1801.946,0.323052998000956,0.005824331371131752,0.018360041143217976,Time limit reached,241763
