seed,dimension,p,k,time,solution,dual_gap,rel_dual_gap,termination,ncalls
8,21,105,5.0,9.135,3.18506704313954,0.02710739678027707,0.008583832542486269,OPTIMAL,16
