seed,dimension,time,solution,dual_gap,rel_dual_gap,termination,ncalls
2,100,34.484,-1.157204485743478,0.01047150000938446,0.00904896251128577,OPTIMAL,5128
