seed,dimension,p,k,time,solution,dual_gap,rel_dual_gap,termination,ncalls
7,16,80,4.0,61.054,3.2775182354340826,0.03241400429401953,0.009988586493763224,OPTIMAL,9968
