seed,dimension,time,solution,dual_gap,rel_dual_gap,termination,ncalls
7,75,18.753,-0.4680716378368864,0.0018364174322932914,0.003923368313406005,OPTIMAL,2313
