seed,dimension,time,solution,dual_gap,rel_dual_gap,termination,ncalls
9,90,1120.743,-1.8363710536548759,0.018093119501840782,0.009852649041614207,OPTIMAL,347742
