seed,dimension,var_A,p,k,M,time,solution,dual_gap,rel_dual_gap,termination,ncalls
8,15,5,75,15.0,0.1,1801.456,0.28135758909174124,0.02209440129050383,0.0852199707867604,Time limit reached,402445
