seed,dimension,time,solution,dual_gap,rel_dual_gap,termination,ncalls
4,50,10.603,-0.34662365524472866,0.008191541261827473,0.023632378050032255,OPTIMAL,1123
