seed,dimension,p,k,time,solution,dual_gap,rel_dual_gap,termination,ncalls
6,28,140,6.0,9.707,5.7140512733941495,0.055903342091092156,0.009880148552110718,OPTIMAL,221
