seed,dimension,time,solution,dual_gap,rel_dual_gap,termination,ncalls
8,50,10.779,-0.2303135134925372,0.0012378622967529895,0.0053746837429628274,OPTIMAL,976
