seed,dimension,p,k,time,solution,dual_gap,rel_dual_gap,termination,ncalls
7,30,150,6.0,1800.01,4.603735167703079,0.09105946562205602,0.02017859727435408,Time limit reached,350815
