seed,dimension,time,solution,dual_gap,rel_dual_gap,termination,ncalls
5,95,1800.032,6.790135936528818,1.6528112743431755,0.321726070090341,Time limit reached,194307
