seed,dimension,p,k,time,solution,dual_gap,rel_dual_gap,termination,ncalls
2,27,135,6.0,1801.523,2.1045464343605933,0.2920457785642345,0.16112864711539557,Time limit reached,279567
