seed,dimension,time,solution,dual_gap,rel_dual_gap,termination,ncalls
6,95,1800.018,8.969032402525135,6.4656600631563235,2.582780020964258,Time limit reached,176899
