seed,dimension,p,k,time,solution,dual_gap,rel_dual_gap,termination,ncalls
10,27,135,6.0,13.66,3.2617850351808957,0.03193463817778541,0.00988734283402621,OPTIMAL,341
