seed,dimension,time,solution,dual_gap,rel_dual_gap,termination,ncalls
4,50,13.223,-0.3466231857601465,0.0017773994912615443,0.005127757069578879,OPTIMAL,1015
