seed,dimension,var_A,p,k,M,time,solution,dual_gap,rel_dual_gap,termination,ncalls
7,5,5,25,5.0,1.0,195.514,0.27290913148978924,0.002658156493950792,0.009835881235920515,OPTIMAL,65841
