seed,dimension,p,k,Ns,time,solution,dual_gap,rel_dual_gap,termination,ncalls
7,90,90,45.0,1.0,1823.242,0.11566953655749482,0.05365145382676298,0.8650937188707554,Time limit reached,1827
