seed,dimension,p,k,Ns,time,solution,dual_gap,rel_dual_gap,termination,ncalls
2,50,50,25.0,5.0,1804.611,0.2971152116194541,0.03218053776514401,0.12146593459050353,Time limit reached,10413
