seed,dimension,var_A,p,k,M,time,solution,dual_gap,rel_dual_gap,termination,ncalls
2,10,1,50,10.0,1.0,1801.286,0.6484994987895611,0.019695722085194545,0.031322525110173645,Time limit reached,475571
