seed,dimension,p,k,time,solution,dual_gap,rel_dual_gap,termination,ncalls
7,22,110,5.0,1133.482,3.5792867003677307,0.03542424716935866,0.00999594302464756,OPTIMAL,148831
