seed,dimension,time,solution,dual_gap,rel_dual_gap,termination,ncalls
6,45,21.327,-0.39650537461986857,0.0007184682963383149,0.0018120014061022843,OPTIMAL,2873
