seed,dimension,time,solution,dual_gap,rel_dual_gap,termination,ncalls
3,60,11.041,0.014667061256487646,0.003320168250045108,0.29260593610603214,OPTIMAL,1280
