seed,dimension,time,solution,dual_gap,rel_dual_gap,termination,ncalls
2,35,8.466,-0.2614425645011271,0.00124070750236549,0.004745621680742584,OPTIMAL,592
