seed,dimension,time,solution,dual_gap,rel_dual_gap,termination,ncalls
6,35,14.036,-14.004297353544173,0.08189443983385836,0.005847807838294201,OPTIMAL,2080
