seed,dimension,time,solution,dual_gap,rel_dual_gap,termination,ncalls
6,65,19.133,-0.47835950996456655,0.0031228515674505686,0.006528252292260035,OPTIMAL,3085
