seed,dimension,p,k,Ns,time,solution,dual_gap,rel_dual_gap,termination,ncalls
6,70,70,35.0,1.0,1801.89,0.12583764119430313,0.05696516268668339,0.8271106822499646,Time limit reached,10190
