seed,dimension,time,solution,dual_gap,rel_dual_gap,termination,ncalls
5,90,1800.159,6.245111060277893,5.0387962025174255,4.1770157849767235,Time limit reached,132782
