seed,dimension,p,k,time,solution,dual_gap,rel_dual_gap,termination,ncalls
2,24,120,5.0,1800.055,1.686721432573549,0.15298824410703782,0.09974892977311242,Time limit reached,175367
