seed,dimension,p,k,time,solution,dual_gap,rel_dual_gap,termination,ncalls
4,24,120,5.0,19.716,5.14765880456751,0.04721332566302028,0.009256706273656922,OPTIMAL,1330
