seed,dimension,p,k,Ns,time,solution,dual_gap,rel_dual_gap,termination,ncalls
10,70,70,35.0,1.0,1801.967,0.9969404444481795,0.01850653900738264,0.018914449820752285,Time limit reached,7084
