seed,dimension,p,k,Ns,time,solution,dual_gap,rel_dual_gap,termination,ncalls
6,70,70,35.0,0.1,1803.97,0.7779321759254076,0.0045025280676631585,0.00582150953242395,Time limit reached,29186
