seed,dimension,time,solution,dual_gap,rel_dual_gap,termination,ncalls
10,120,1800.198,25.631066423562554,5.058219889559485,0.24586874165416017,Time limit reached,167673
