seed,dimension,time,solution,dual_gap,rel_dual_gap,termination,ncalls
4,90,538.24,24.78573593455474,0.2330622153691877,0.00949233545946045,OPTIMAL,71530
