seed,dimension,time,solution,dual_gap,rel_dual_gap,termination,ncalls
10,30,16.302,2.2298718427704154,0.00933486075151535,0.0042038753810927955,OPTIMAL,1910
