seed,dimension,p,k,time,solution,dual_gap,rel_dual_gap,termination,ncalls
2,28,140,6.0,1801.637,1.8190090892187203,0.4527247994792307,0.3313547574828311,Time limit reached,142646
