seed,dimension,time,solution,dual_gap,rel_dual_gap,termination,ncalls
5,55,9.999,-0.5622208485095376,0.00474973252817068,0.008448161502303495,OPTIMAL,1005
