seed,dimension,time,solution,dual_gap,rel_dual_gap,termination,ncalls
6,40,10.565,-0.6073706285440449,0.011700929652779246,0.019264892148025112,OPTIMAL,1703
