seed,dimension,p,k,time,solution,dual_gap,rel_dual_gap,termination,ncalls
7,26,130,6.0,1800.08,4.2778126850270635,0.13238669530054814,0.03193560701086887,Time limit reached,200054
