seed,dimension,time,solution,dual_gap,rel_dual_gap,termination,ncalls
1,50,19.136,-0.3987963157169017,0.07261237644947116,0.18207885476308505,OPTIMAL,1287
