seed,dimension,time,solution,dual_gap,rel_dual_gap,termination,ncalls
3,95,24.019,-0.5108340554004606,0.00281082525550147,0.0055024233912869544,OPTIMAL,3102
