seed,dimension,p,k,time,solution,dual_gap,rel_dual_gap,termination,ncalls
2,25,125,5.0,1800.119,1.8893788303357195,0.20596387410286887,0.12234884413987579,Time limit reached,174779
