seed,dimension,p,k,Ns,time,solution,dual_gap,rel_dual_gap,termination,ncalls
6,50,50,25.0,1.0,1801.923,0.6408045808419952,0.025410656564849976,0.04129169230050146,Time limit reached,54943
