seed,dimension,p,k,Ns,time,solution,dual_gap,rel_dual_gap,termination,ncalls
10,90,90,45.0,10.0,1801.938,0.08320947752857259,0.07685338295134228,12.091290023697438,Time limit reached,14659
