seed,dimension,time,solution,dual_gap,rel_dual_gap,termination,ncalls
2,110,1801.565,-0.9859971006487216,1.4962804562506795,1.5175302800243782,Time limit reached,432689
