seed,dimension,time,solution,dual_gap,rel_dual_gap,termination,ncalls
5,50,1800.068,3.1254173703878543,1.8339428767248425,1.4200380152481575,Time limit reached,208273
