seed,dimension,var_A,p,k,M,time,solution,dual_gap,rel_dual_gap,termination,ncalls
10,5,5,25,5.0,1.0,128.825,0.18022038035024507,0.001775983671773701,0.009952588620497528,OPTIMAL,56764
