seed,dimension,p,k,time,solution,dual_gap,rel_dual_gap,termination,ncalls
7,28,140,6.0,1047.683,4.096105250978201,0.04051229364539566,0.009989240555353687,OPTIMAL,142431
