seed,dimension,p,k,time,solution,dual_gap,rel_dual_gap,termination,ncalls
4,19,95,4.0,16.373,4.659490245415256,0.04530549238768966,0.009818742597587313,OPTIMAL,1217
