seed,dimension,time,solution,dual_gap,rel_dual_gap,termination,ncalls
9,105,877.758,21.642701570326835,0.20273444183902356,0.009455911971508824,OPTIMAL,119846
