seed,dimension,p,k,time,solution,dual_gap,rel_dual_gap,termination,ncalls
3,22,110,5.0,243.423,3.5657132968055762,0.03517015637939336,0.009961684358613405,OPTIMAL,44007
