seed,dimension,time,solution,dual_gap,rel_dual_gap,termination,ncalls
10,115,1800.004,6.145296041510927,2.4969455455930847,0.684403965130798,Time limit reached,184990
