seed,dimension,time,solution,dual_gap,rel_dual_gap,termination,ncalls
7,30,9.995,-0.268597871767394,0.026597731238468036,0.09902435586497012,OPTIMAL,647
