seed,dimension,time,solution,dual_gap,rel_dual_gap,termination,ncalls
7,45,1800.115,-0.5399877770592774,0.00898445461046471,0.016638255516436325,Time limit reached,540744
