seed,dimension,p,k,Ns,time,solution,dual_gap,rel_dual_gap,termination,ncalls
2,50,50,25.0,1.0,1801.861,0.29674654871157585,0.03135834922747177,0.11816029984916507,Time limit reached,47350
