seed,dimension,p,k,Ns,time,solution,dual_gap,rel_dual_gap,termination,ncalls
6,50,50,25.0,10.0,11.468,0.8747496515098362,0.007753459545137065,0.008942899192633082,OPTIMAL,87
