seed,dimension,p,k,time,solution,dual_gap,rel_dual_gap,termination,ncalls
2,25,125,5.0,1800.012,1.8317047954456491,0.07421211897870039,0.042226132701666495,Time limit reached,215176
