seed,dimension,time,solution,dual_gap,rel_dual_gap,termination,ncalls
7,50,99.42,-0.6237549152980717,0.00320332320624217,0.005135547837264591,OPTIMAL,28055
