seed,dimension,time,solution,dual_gap,rel_dual_gap,termination,ncalls
6,55,32.028,-0.42369280713147867,0.012793576115298244,0.030195405491809997,OPTIMAL,4953
