seed,dimension,time,solution,dual_gap,rel_dual_gap,termination,ncalls
9,65,19.964,-0.13303934724762317,0.003899769950171328,0.029312906526163068,OPTIMAL,1486
