seed,dimension,p,k,Ns,time,solution,dual_gap,rel_dual_gap,termination,ncalls
3,70,70,35.0,5.0,1801.934,-0.9394368465969277,0.09636157181588356,0.10257376231829685,Time limit reached,20650
