seed,dimension,time,solution,dual_gap,rel_dual_gap,termination,ncalls
5,95,42.061,-0.8161112029181823,0.0024150062968066877,0.0029591632710975046,OPTIMAL,5755
