seed,dimension,time,solution,dual_gap,rel_dual_gap,termination,ncalls
8,120,1800.004,9.631946946280278,2.0901999025207108,0.27715062443658206,Time limit reached,209717
