seed,dimension,p,k,Ns,time,solution,dual_gap,rel_dual_gap,termination,ncalls
5,90,90,45.0,10.0,17.796,-14572.345881613832,5.6566932471469045e-8,3.8818000156612035e-12,OPTIMAL,50
