seed,dimension,time,solution,dual_gap,rel_dual_gap,termination,ncalls
8,35,12.072,-0.18446128958262836,8.475920987294217e-8,4.594959195217746e-7,OPTIMAL,578
