seed,dimension,time,solution,dual_gap,rel_dual_gap,termination,ncalls
4,115,809.272,32.55709720621315,0.31401645080701,0.00973903372289757,OPTIMAL,95142
