seed,dimension,time,solution,dual_gap,rel_dual_gap,termination,ncalls
8,45,18.834,-15.92061865026129,0.15700557244073465,0.009861775844882629,OPTIMAL,4522
