seed,dimension,time,solution,dual_gap,rel_dual_gap,termination,ncalls
8,65,1800.133,-0.48876588871228854,2.8437601390618052,5.8182459225090915,Time limit reached,247541
