seed,dimension,p,k,Ns,time,solution,dual_gap,rel_dual_gap,termination,ncalls
3,70,70,35.0,10.0,1801.881,-0.93872985377116,0.09710915589390201,0.10344739277629804,Time limit reached,32410
