seed,dimension,p,k,time,solution,dual_gap,rel_dual_gap,termination,ncalls
7,22,110,5.0,1183.825,3.5792867003676028,0.03543659818482192,0.009999463059398389,OPTIMAL,147838
