seed,dimension,time,solution,dual_gap,rel_dual_gap,termination,ncalls
2,45,10.524,-0.34727949194360974,0.0021957680989972417,0.006322769267797087,OPTIMAL,972
