seed,dimension,time,solution,dual_gap,rel_dual_gap,termination,ncalls
1,60,34.959,-0.5014180934621401,0.0046485638196650525,0.009270833821667917,OPTIMAL,7611
