seed,dimension,time,solution,dual_gap,rel_dual_gap,termination,ncalls
7,75,20.327,-0.4686526425030963,0.0015704531037438185,0.0033509959430847395,OPTIMAL,2396
