seed,dimension,var_A,p,k,M,time,solution,dual_gap,rel_dual_gap,termination,ncalls
4,15,1,75,15.0,1.0,1801.573,0.6602253266813525,0.06525766400771515,0.10968270731633274,Time limit reached,132680
