seed,dimension,p,k,time,solution,dual_gap,rel_dual_gap,termination,ncalls
3,24,120,5.0,1802.047,4.05392004014336,0.3296754971855047,0.08852144196838134,Time limit reached,212777
