seed,dimension,time,solution,dual_gap,rel_dual_gap,termination,ncalls
5,75,14.197,-0.26219863385288344,5.004132038516351e-5,0.0001908527121206936,OPTIMAL,1955
