seed,dimension,p,k,time,solution,dual_gap,rel_dual_gap,termination,ncalls
2,16,80,4.0,110.386,1.5377815575958163,0.015206206579530201,0.009987161928886074,OPTIMAL,18533
