seed,dimension,p,k,time,solution,dual_gap,rel_dual_gap,termination,ncalls
2,29,145,6.0,1800.11,2.3514462225992494,0.5956077982808452,0.33921560778694837,Time limit reached,140181
