seed,dimension,time,solution,dual_gap,rel_dual_gap,termination,ncalls
5,65,15.407,-0.4153264621811574,0.09052373853608969,0.2179580324853103,OPTIMAL,1770
