seed,dimension,var_A,p,k,M,time,solution,dual_gap,rel_dual_gap,termination,ncalls
10,15,1,75,15.0,0.1,1801.489,0.6931471805599453,0.08471994463147736,0.13924416861811523,Time limit reached,116414
