seed,dimension,time,solution,dual_gap,rel_dual_gap,termination,ncalls
10,25,7.992,-0.19281167520628767,0.000484881409125254,0.0025147927821615743,OPTIMAL,365
