seed,dimension,p,k,time,solution,dual_gap,rel_dual_gap,termination,ncalls
6,23,115,5.0,10.618,4.385927740908787,0.043014694949786936,0.009904571999158791,OPTIMAL,216
