seed,dimension,p,k,Ns,time,solution,dual_gap,rel_dual_gap,termination,ncalls
7,50,50,25.0,5.0,1804.598,0.22559359007699387,0.06339227765163094,0.39082469003326314,Time limit reached,9135
