seed,dimension,p,k,time,solution,dual_gap,rel_dual_gap,termination,ncalls
2,21,105,5.0,1584.446,2.0334185397371765,0.02012985662945299,0.00999849489958908,OPTIMAL,383762
