seed,dimension,time,solution,dual_gap,rel_dual_gap,termination,ncalls
9,30,13.401,5.928429051887901,0.04582791000927244,0.007790415991834039,OPTIMAL,1783
