seed,dimension,p,k,time,solution,dual_gap,rel_dual_gap,termination,ncalls
7,22,110,5.0,699.229,3.579286700445148,0.035394605259408074,0.00998749519137179,OPTIMAL,90123
