seed,dimension,p,k,time,solution,dual_gap,rel_dual_gap,termination,ncalls
3,28,140,6.0,1801.668,4.363373393383866,0.2551930571318364,0.062118270437138065,Time limit reached,172446
