seed,dimension,p,k,time,solution,dual_gap,rel_dual_gap,termination,ncalls
2,20,100,4.0,282.199,1.7116317565128987,0.01690121045880222,0.009972800984884546,OPTIMAL,41623
