seed,dimension,p,k,Ns,time,solution,dual_gap,rel_dual_gap,termination,ncalls
10,70,70,35.0,10.0,9.397,0.9995257767164175,0.007639395341641486,0.007701885503310488,OPTIMAL,33
