seed,dimension,p,k,time,solution,dual_gap,rel_dual_gap,termination,ncalls
1,27,135,6.0,121.899,1.6865974449588725,0.013667918519520095,0.008170050383778427,OPTIMAL,18747
