seed,dimension,time,solution,dual_gap,rel_dual_gap,termination,ncalls
7,115,57.259,-0.45912173667771256,0.03222570144399023,0.07018988401024355,OPTIMAL,5312
