seed,dimension,time,solution,dual_gap,rel_dual_gap,termination,ncalls
6,65,21.497,-0.4783646136378285,0.003675766292386251,0.007684026342235227,OPTIMAL,2862
