seed,dimension,time,solution,dual_gap,rel_dual_gap,termination,ncalls
1,75,27.918,0.11591840194622671,0.026100226843672858,0.29058959184899685,OPTIMAL,2369
