seed,dimension,p,k,time,solution,dual_gap,rel_dual_gap,termination,ncalls
1,17,85,4.0,18.338,1.6411353000709363,0.016212368373847985,0.009977315266832747,OPTIMAL,1468
