seed,dimension,p,k,time,solution,dual_gap,rel_dual_gap,termination,ncalls
5,27,135,6.0,132.426,6.312079250483218,0.06240447240334035,0.009985235171311302,OPTIMAL,13576
