seed,dimension,p,k,time,solution,dual_gap,rel_dual_gap,termination,ncalls
7,19,95,4.0,32.58,3.1937334111517086,0.031377959049609494,0.009922337803219355,OPTIMAL,3677
