seed,dimension,time,solution,dual_gap,rel_dual_gap,termination,ncalls
8,60,68.605,-2.961752339306436,0.02616051479358994,0.0088327826896276,OPTIMAL,18730
