seed,dimension,time,solution,dual_gap,rel_dual_gap,termination,ncalls
1,95,23.356,-0.03257544061459283,0.0006850628740500131,0.021030041685548995,OPTIMAL,4007
