seed,dimension,time,solution,dual_gap,rel_dual_gap,termination,ncalls
10,20,12.181,3.040937056967797,0.028492239740208092,0.009458178147286379,OPTIMAL,1582
