seed,dimension,p,k,time,solution,dual_gap,rel_dual_gap,termination,ncalls
1,27,135,6.0,295.617,1.686597181016222,0.016561265885353116,0.009916712410376711,OPTIMAL,29720
