seed,dimension,time,solution,dual_gap,rel_dual_gap,termination,ncalls
1,60,32.506,-0.5013624634596638,0.0043833108310193936,0.008742798175938923,OPTIMAL,8271
