seed,dimension,var_A,p,k,M,time,solution,dual_gap,rel_dual_gap,termination,ncalls
3,10,5,50,10.0,0.1,1802.091,0.42004685877632914,0.015505491464256449,0.03832856839161061,Time limit reached,216838
