seed,dimension,time,solution,dual_gap,rel_dual_gap,termination,ncalls
7,80,539.404,14.234522631341253,0.1407431480559289,0.009986189171105227,OPTIMAL,68079
