seed,dimension,time,solution,dual_gap,rel_dual_gap,termination,ncalls
6,60,19.502,-0.055891044084637076,0.06669063411299175,1.1932257699820497,OPTIMAL,1543
