seed,dimension,p,k,time,solution,dual_gap,rel_dual_gap,termination,ncalls
3,30,150,6.0,1801.523,4.319300767044491,0.15835603130725495,0.03805771077591528,Time limit reached,258671
