seed,dimension,time,solution,dual_gap,rel_dual_gap,termination,ncalls
10,20,7.837,-0.1472870992658275,0.04374210608005255,0.2969853184568846,OPTIMAL,267
