seed,dimension,time,solution,dual_gap,rel_dual_gap,termination,ncalls
7,95,290.697,-0.8832058900825714,0.0021777667109511567,0.00246575202385432,OPTIMAL,70383
