seed,dimension,time,solution,dual_gap,rel_dual_gap,termination,ncalls
8,30,10.655,-0.1981561347734812,0.0017171751427271509,0.008665768257390115,OPTIMAL,499
