seed,dimension,time,solution,dual_gap,rel_dual_gap,termination,ncalls
7,65,9.855,0.18762702052343527,0.0007628172870723371,0.004082201266271721,OPTIMAL,1681
