seed,dimension,time,solution,dual_gap,rel_dual_gap,termination,ncalls
7,75,406.342,6.238467577094809,0.051909455507527014,0.008390684203934809,OPTIMAL,60273
