seed,dimension,p,k,time,solution,dual_gap,rel_dual_gap,termination,ncalls
9,20,100,4.0,10.004,2.018599533665041,0.011224217578626572,0.0055914892888637,OPTIMAL,126
