seed,dimension,p,k,time,solution,dual_gap,rel_dual_gap,termination,ncalls
7,27,135,6.0,1800.015,4.246649082712912,0.1388562940922453,0.033803139846026925,Time limit reached,349694
