seed,dimension,time,solution,dual_gap,rel_dual_gap,termination,ncalls
5,85,23.373,-0.2023166153885585,0.0007079449710435115,0.0034991934284975567,OPTIMAL,3264
