seed,dimension,time,solution,dual_gap,rel_dual_gap,termination,ncalls
9,50,28.272,-2.381707675544427,0.005608552690334889,0.0023548451171921626,OPTIMAL,6811
