seed,dimension,var_A,p,k,M,time,solution,dual_gap,rel_dual_gap,termination,ncalls
4,20,1,100,20.0,1.0,1802.703,0.6333496231042806,0.030373522395914843,0.05037268037693793,Time limit reached,95185
