seed,dimension,p,k,time,solution,dual_gap,rel_dual_gap,termination,ncalls
1,24,120,5.0,118.793,2.0309586934341795,0.02010689361988227,0.009999192193944451,OPTIMAL,12795
