seed,dimension,p,k,time,solution,dual_gap,rel_dual_gap,termination,ncalls
7,29,145,6.0,1800.204,4.048275096032361,0.10818462786891869,0.027457396915900205,Time limit reached,171727
