seed,dimension,p,k,Ns,time,solution,dual_gap,rel_dual_gap,termination,ncalls
5,50,50,25.0,5.0,1804.725,0.4679234896039804,0.020199495388860844,0.045115954583295176,Time limit reached,35135
