seed,dimension,p,k,Ns,time,solution,dual_gap,rel_dual_gap,termination,ncalls
1,70,70,35.0,5.0,1802.077,-1.4664790125244545,0.17994476758152667,0.12270531391496882,Time limit reached,16445
