seed,dimension,time,solution,dual_gap,rel_dual_gap,termination,ncalls
8,30,12.2,-0.19815612501439955,0.0017171849018089436,0.008665817933632683,OPTIMAL,499
