seed,dimension,p,k,time,solution,dual_gap,rel_dual_gap,termination,ncalls
4,15,75,3.0,12.883,5.039099478655551,0.04914882390645037,0.009849561109321555,OPTIMAL,936
