seed,dimension,time,solution,dual_gap,rel_dual_gap,termination,ncalls
8,65,1800.05,-0.1351604044310477,3.2101775716133814,23.75087278797733,Time limit reached,235904
