seed,dimension,time,solution,dual_gap,rel_dual_gap,termination,ncalls
9,35,12.795,0.20876408580600864,3.4130457793324354e-8,1.6348819406114977e-7,OPTIMAL,744
