seed,dimension,p,k,Ns,time,solution,dual_gap,rel_dual_gap,termination,ncalls
2,70,70,35.0,10.0,1801.769,0.285750203476161,0.03750456736517235,0.15107845580981075,Time limit reached,29539
