seed,dimension,time,solution,dual_gap,rel_dual_gap,termination,ncalls
3,110,1800.013,-11.284029278754701,3.1624092617645125,0.28025532224722427,Time limit reached,409104
