seed,dimension,p,k,time,solution,dual_gap,rel_dual_gap,termination,ncalls
7,26,130,6.0,1254.881,4.277812685597635,0.04235283073090912,0.009999582614918165,OPTIMAL,185054
