seed,dimension,time,solution,dual_gap,rel_dual_gap,termination,ncalls
1,115,60.891,-0.08332080933220426,0.0010570043974468812,0.012685959316988286,OPTIMAL,6367
