seed,dimension,time,solution,dual_gap,rel_dual_gap,termination,ncalls
9,100,534.379,28.905567883017053,0.2681006631385294,0.009361884592658005,OPTIMAL,75430
