seed,dimension,p,k,time,solution,dual_gap,rel_dual_gap,termination,ncalls
7,21,105,5.0,295.948,3.345795262964071,0.03301378541309408,0.00996557896644001,OPTIMAL,59656
