seed,dimension,var_A,p,k,M,time,solution,dual_gap,rel_dual_gap,termination,ncalls
3,5,1,25,5.0,0.1,22.173,0.6595374915715047,0.006445620188921586,0.009869392762883927,OPTIMAL,1701
