seed,dimension,time,solution,dual_gap,rel_dual_gap,termination,ncalls
7,105,24.172,-0.17436537605144697,0.0007753566209409701,0.004446735002665891,OPTIMAL,4151
