seed,dimension,time,solution,dual_gap,rel_dual_gap,termination,ncalls
8,95,37.709,-0.8079050855568369,0.0020835074139393672,0.002578901223902236,OPTIMAL,4753
