seed,dimension,p,k,time,solution,dual_gap,rel_dual_gap,termination,ncalls
2,21,105,5.0,1729.982,2.033418409196724,0.02012972608900032,0.00999843006017794,OPTIMAL,383762
