seed,dimension,time,solution,dual_gap,rel_dual_gap,termination,ncalls
9,45,8.87,0.06010751343152865,0.0035997653627208304,0.06370392531547182,OPTIMAL,823
