seed,dimension,p,k,time,solution,dual_gap,rel_dual_gap,termination,ncalls
7,17,85,4.0,48.448,3.1153076201338905,0.030099230794057075,0.009755979822321709,OPTIMAL,6454
