seed,dimension,p,k,time,solution,dual_gap,rel_dual_gap,termination,ncalls
7,27,135,6.0,1802.18,4.204125639392938,0.07803396080647129,0.018912318698939935,Time limit reached,352210
