seed,dimension,p,k,time,solution,dual_gap,rel_dual_gap,termination,ncalls
3,28,140,6.0,1800.192,4.363373393383866,0.2559694055866739,0.06231902348713226,Time limit reached,170923
