seed,dimension,p,k,time,solution,dual_gap,rel_dual_gap,termination,ncalls
4,27,135,6.0,49.092,5.075591656149386,0.05011222498407353,0.00997163070120326,OPTIMAL,4670
