seed,dimension,p,k,time,solution,dual_gap,rel_dual_gap,termination,ncalls
1,28,140,6.0,645.269,2.2624477896425286,0.022379882406588614,0.009990716055659024,OPTIMAL,90549
