seed,dimension,time,solution,dual_gap,rel_dual_gap,termination,ncalls
7,25,17.154,4.055233437085842,0.023104920710568244,0.00573020443587911,OPTIMAL,3120
