seed,dimension,time,solution,dual_gap,rel_dual_gap,termination,ncalls
8,40,16.725,-1.867371429027373,0.0008638263988340888,0.0004625894909852058,OPTIMAL,3349
