seed,dimension,time,solution,dual_gap,rel_dual_gap,termination,ncalls
10,20,11.817,-0.14728740874910773,0.007711911013510153,0.05235960819058725,OPTIMAL,259
