seed,dimension,time,solution,dual_gap,rel_dual_gap,termination,ncalls
2,40,11.828,-0.4593542055406489,0.00450933977032697,0.009816694210994728,OPTIMAL,1604
