seed,dimension,var_A,p,k,M,time,solution,dual_gap,rel_dual_gap,termination,ncalls
8,20,1,100,20.0,1.0,1802.139,0.6760744311986266,0.03640519079998916,0.056912523693185085,Time limit reached,79554
