seed,dimension,time,solution,dual_gap,rel_dual_gap,termination,ncalls
3,55,20.461,-1.173587839219373,0.005372444283785027,0.004577794779603866,OPTIMAL,938
