seed,dimension,time,solution,dual_gap,rel_dual_gap,termination,ncalls
5,85,21.739,-0.20231661538937323,0.0007086843470347215,0.003502847977516855,OPTIMAL,2797
