seed,dimension,var_A,p,k,M,time,solution,dual_gap,rel_dual_gap,termination,ncalls
7,20,5,100,20.0,0.1,1802.211,0.3043017748654919,0.06707740547117583,0.2827593372571233,Time limit reached,73537
