seed,dimension,time,solution,dual_gap,rel_dual_gap,termination,ncalls
1,35,8.68,-0.32005635936669435,0.0017777571263787317,0.005554512742369613,OPTIMAL,344
