seed,dimension,time,solution,dual_gap,rel_dual_gap,termination,ncalls
8,85,1800.009,-23.343817211057708,6.779146021167037,0.2904043481781476,Time limit reached,434660
