seed,dimension,p,k,Ns,time,solution,dual_gap,rel_dual_gap,termination,ncalls
5,90,90,45.0,10.0,1836.6,0.3114607989707457,0.05384568029358078,0.20901599475246047,Time limit reached,2397
