seed,dimension,p,k,time,solution,dual_gap,rel_dual_gap,termination,ncalls
1,20,100,4.0,52.539,2.274969426057991,0.02210740627991603,0.009813031639680173,OPTIMAL,6228
