seed,dimension,p,k,time,solution,dual_gap,rel_dual_gap,termination,ncalls
2,20,100,4.0,127.117,1.7116317565154284,0.016899822189531344,0.009971973648005564,OPTIMAL,17536
