seed,dimension,p,k,time,solution,dual_gap,rel_dual_gap,termination,ncalls
4,29,145,6.0,38.226,5.499941820631353,0.05315036014021057,0.009758104477790665,OPTIMAL,4025
