seed,dimension,p,k,time,solution,dual_gap,rel_dual_gap,termination,ncalls
3,27,135,6.0,1801.774,4.457526586478268,0.17084797422076292,0.03985555943761055,Time limit reached,205263
