seed,dimension,time,solution,dual_gap,rel_dual_gap,termination,ncalls
9,65,12.844,-0.1330393468283862,0.0011947935001756504,0.008980752902499375,OPTIMAL,1487
