seed,dimension,time,solution,dual_gap,rel_dual_gap,termination,ncalls
1,70,46.374,-27.84464318805528,0.2757512640827855,0.009903206955120062,OPTIMAL,12586
