seed,dimension,time,solution,dual_gap,rel_dual_gap,termination,ncalls
6,105,913.901,11.26227722768438,0.11057762994768083,0.009915764765589918,OPTIMAL,122426
