seed,dimension,p,k,Ns,time,solution,dual_gap,rel_dual_gap,termination,ncalls
7,90,90,45.0,10.0,1821.651,0.1145091530557168,0.05255987282275615,0.8484339547627419,Time limit reached,2312
