seed,dimension,p,k,Ns,time,solution,dual_gap,rel_dual_gap,termination,ncalls
5,90,90,45.0,10.0,20.121,-14369.353879129032,3.7927748053334653e-8,2.639488760063411e-12,OPTIMAL,77
