seed,dimension,time,solution,dual_gap,rel_dual_gap,termination,ncalls
4,40,8.914,-0.09731295964158038,0.0013329491955632045,0.013697550670256823,OPTIMAL,765
