seed,dimension,time,solution,dual_gap,rel_dual_gap,termination,ncalls
1,110,1800.283,-45.9569563089492,2.5948365736181245,0.056462324357908614,Time limit reached,50822
