seed,dimension,var_A,p,k,M,time,solution,dual_gap,rel_dual_gap,termination,ncalls
5,5,1,25,5.0,1.0,61.339,0.6187669378710944,0.006076729524805424,0.009918111048660487,OPTIMAL,28120
