seed,dimension,var_A,p,k,M,time,solution,dual_gap,rel_dual_gap,termination,ncalls
9,5,1,25,5.0,1.0,302.322,0.5919991531713404,0.005851921111755143,0.009983705102884903,OPTIMAL,110867
