seed,dimension,time,solution,dual_gap,rel_dual_gap,termination,ncalls
6,110,58.635,-0.059932901334055155,0.024396231952520497,0.4070590845675952,OPTIMAL,7712
