seed,dimension,time,solution,dual_gap,rel_dual_gap,termination,ncalls
6,45,1171.428,5.1358384296536395,0.04985453412590157,0.009802338180767776,OPTIMAL,180276
