seed,dimension,var_A,p,k,M,time,solution,dual_gap,rel_dual_gap,termination,ncalls
2,15,1,75,15.0,0.1,1801.522,0.6931471805599453,0.06399540404585369,0.10171695675792204,Time limit reached,117297
