seed,dimension,time,solution,dual_gap,rel_dual_gap,termination,ncalls
3,35,7.907,-1.9649639660131046,0.0027237543208094017,0.0013861599336785174,OPTIMAL,1078
