seed,n0,m0,M,time,solution,dual_gap,rel_dual_gap,termination,ncalls
2,3,27,20.0,9.07,3.2941979741211584,2.209093441507548e-8,6.706013037698834e-9,OPTIMAL,20
