seed,dimension,time,solution,dual_gap,rel_dual_gap,termination,ncalls
7,40,11.322,-0.17701245140196237,0.0003444471819449013,0.001945892389020283,OPTIMAL,804
