seed,dimension,time,solution,dual_gap,rel_dual_gap,termination,ncalls
4,20,11.235,-1.378692743808232,0.013703179527036369,0.00993925556551881,OPTIMAL,1938
