seed,dimension,time,solution,dual_gap,rel_dual_gap,termination,ncalls
3,30,13.551,-12.144373480581896,0.11626372622800041,0.009573464321885269,OPTIMAL,646
