seed,dimension,p,k,Ns,time,solution,dual_gap,rel_dual_gap,termination,ncalls
4,70,70,35.0,1.0,1801.913,0.5297678963076655,0.05700701141984971,0.1205831811432057,Time limit reached,6958
