seed,dimension,time,solution,dual_gap,rel_dual_gap,termination,ncalls
3,25,10.179,-1.7242357868018687,0.007831550645310603,0.004542041584600589,OPTIMAL,1224
