seed,dimension,time,solution,dual_gap,rel_dual_gap,termination,ncalls
9,65,11.172,-0.1330393475291171,0.0011901725478010161,0.00894601912821719,OPTIMAL,1423
