seed,dimension,p,k,Ns,time,solution,dual_gap,rel_dual_gap,termination,ncalls
3,50,50,25.0,0.1,1802.445,0.8416469039802633,0.005282137292686784,0.006315590401550144,Time limit reached,51603
