seed,dimension,p,k,time,solution,dual_gap,rel_dual_gap,termination,ncalls
2,18,90,4.0,183.463,1.9086114227602864,0.018897131748450313,0.009999994093462646,OPTIMAL,33541
