seed,dimension,p,k,time,solution,dual_gap,rel_dual_gap,termination,ncalls
4,15,75,3.0,11.136,5.039099478655551,0.048392529994078615,0.009696528065439244,OPTIMAL,720
