seed,dimension,p,k,time,solution,dual_gap,rel_dual_gap,termination,ncalls
9,28,140,6.0,17.26,2.6332114394326687,0.025622792687447493,0.00982624031571457,OPTIMAL,1208
