seed,dimension,time,solution,dual_gap,rel_dual_gap,termination,ncalls
6,25,8.718,-1.4184528537472434,0.012105159061731818,0.008534058096998167,OPTIMAL,633
