seed,dimension,p,k,Ns,time,solution,dual_gap,rel_dual_gap,termination,ncalls
3,50,50,25.0,0.1,1804.812,0.8416469039802633,0.0057745611151247545,0.0069084246708428715,Time limit reached,6615
