seed,dimension,p,k,time,solution,dual_gap,rel_dual_gap,termination,ncalls
8,18,90,4.0,7.56,3.3101104022637635,0.008184428706043079,0.0024786832810865887,OPTIMAL,11
