seed,dimension,time,solution,dual_gap,rel_dual_gap,termination,ncalls
1,85,227.929,10.236294863872313,0.0825411161207299,0.008129123294821638,OPTIMAL,31132
