seed,dimension,p,k,Ns,time,solution,dual_gap,rel_dual_gap,termination,ncalls
9,50,50,25.0,5.0,1804.174,0.14439303451867605,0.024554247376547975,0.20489399102000913,Time limit reached,46534
