seed,dimension,p,k,Ns,time,solution,dual_gap,rel_dual_gap,termination,ncalls
7,50,50,25.0,5.0,1803.812,0.18088437491400083,0.01823486773458316,0.11211142321180469,Time limit reached,39186
