seed,dimension,time,solution,dual_gap,rel_dual_gap,termination,ncalls
1,65,11.451,-0.17394992560581352,0.00044629811026297705,0.00256567002663933,OPTIMAL,1322
