seed,dimension,time,solution,dual_gap,rel_dual_gap,termination,ncalls
1,105,27.675,-0.0990517027184083,0.0008315076989723891,0.008394683545584898,OPTIMAL,4366
