seed,dimension,time,solution,dual_gap,rel_dual_gap,termination,ncalls
1,20,14.029,-1.5315296315467162,0.009188579111159001,0.0059996090979182095,OPTIMAL,3656
