seed,dimension,p,k,Ns,time,solution,dual_gap,rel_dual_gap,termination,ncalls
7,70,70,35.0,0.1,1801.677,0.8950657649385793,0.056074535629258015,0.0668356636760315,Time limit reached,10382
