seed,dimension,p,k,time,solution,dual_gap,rel_dual_gap,termination,ncalls
7,30,150,6.0,1800.013,4.631054016600212,0.16983290832269482,0.038068704554360795,Time limit reached,256794
