seed,dimension,p,k,Ns,time,solution,dual_gap,rel_dual_gap,termination,ncalls
10,90,90,45.0,10.0,1802.005,0.08320947752857259,0.07691148048617609,12.212054081389327,Time limit reached,13614
