seed,dimension,time,solution,dual_gap,rel_dual_gap,termination,ncalls
1,115,43.887,-0.08332080933201053,0.038669026889837144,0.46409807105631556,OPTIMAL,6431
