seed,dimension,p,k,Ns,time,solution,dual_gap,rel_dual_gap,termination,ncalls
1,70,70,35.0,1.0,1801.884,-1.2120706695776509,0.22510532305505992,0.18571963558321106,Time limit reached,17392
