seed,dimension,time,solution,dual_gap,rel_dual_gap,termination,ncalls
6,35,10.68,-14.004297353544173,0.0818513418480098,0.005844730355378741,OPTIMAL,1996
