seed,dimension,p,k,time,solution,dual_gap,rel_dual_gap,termination,ncalls
7,22,110,5.0,315.899,3.5792867144651073,0.0354363458942184,0.009999391116648259,OPTIMAL,58818
