seed,dimension,p,k,time,solution,dual_gap,rel_dual_gap,termination,ncalls
1,21,105,5.0,44.452,1.7617940546994628,0.017391645770214126,0.009969973488450688,OPTIMAL,6226
