seed,dimension,p,k,time,solution,dual_gap,rel_dual_gap,termination,ncalls
8,27,135,6.0,9.855,3.619311681791878,0.031067289005981547,0.00865807498186071,OPTIMAL,222
