seed,dimension,p,k,time,solution,dual_gap,rel_dual_gap,termination,ncalls
7,22,110,5.0,205.823,3.579294873039695,0.035431621771415234,0.009998021723534322,OPTIMAL,50479
