seed,dimension,time,solution,dual_gap,rel_dual_gap,termination,ncalls
4,55,10.269,-0.4273508819584203,0.0014393775155973065,0.003368139803528831,OPTIMAL,860
