seed,dimension,p,k,time,solution,dual_gap,rel_dual_gap,termination,ncalls
2,30,150,6.0,1801.628,2.2173544926194646,0.42557188578068983,0.23751312472639877,Time limit reached,132992
