seed,dimension,p,k,Ns,time,solution,dual_gap,rel_dual_gap,termination,ncalls
8,70,70,35.0,10.0,1810.993,0.8239742884462351,0.01567653512629774,0.01939450538110393,Time limit reached,26705
