seed,dimension,p,k,Ns,time,solution,dual_gap,rel_dual_gap,termination,ncalls
9,70,70,35.0,0.1,1805.352,0.22895179621613856,0.023163149385747234,0.11255795566233563,Time limit reached,14272
