seed,dimension,p,k,Ns,time,solution,dual_gap,rel_dual_gap,termination,ncalls
9,50,50,25.0,1.0,1803.221,0.17022850709710385,0.051068917494902,0.4285758088408047,Time limit reached,7028
