seed,dimension,p,k,time,solution,dual_gap,rel_dual_gap,termination,ncalls
2,26,130,6.0,1801.58,1.731060740623391,0.08229209862796694,0.04991124681287778,Time limit reached,317176
