seed,dimension,time,solution,dual_gap,rel_dual_gap,termination,ncalls
5,80,17.668,-0.07204246169564643,0.0019240626225342505,0.026707341437924834,OPTIMAL,2394
