seed,dimension,p,k,time,solution,dual_gap,rel_dual_gap,termination,ncalls
1,24,120,5.0,102.745,2.0309586934341795,0.020070443285779227,0.009980884459540734,OPTIMAL,11225
