seed,dimension,time,solution,dual_gap,rel_dual_gap,termination,ncalls
10,25,6.357,-0.1928113714858113,0.005775818060045179,0.029955795737235412,OPTIMAL,342
