seed,dimension,time,solution,dual_gap,rel_dual_gap,termination,ncalls
5,20,7.975,-10.268545362140095,0.06371187093212427,0.006204566341697098,OPTIMAL,253
