seed,dimension,p,k,time,solution,dual_gap,rel_dual_gap,termination,ncalls
2,16,80,4.0,267.461,1.5377815557831427,0.015210759114608674,0.009990181834493756,OPTIMAL,44194
