seed,dimension,p,k,Ns,time,solution,dual_gap,rel_dual_gap,termination,ncalls
10,90,90,45.0,1.0,1825.725,0.08357604955508682,0.07887863322762156,16.791918733374143,Time limit reached,1812
