seed,dimension,time,solution,dual_gap,rel_dual_gap,termination,ncalls
1,25,8.301,-0.5942500408260213,0.003344601130092162,0.005628272444782821,OPTIMAL,354
