seed,dimension,p,k,Ns,time,solution,dual_gap,rel_dual_gap,termination,ncalls
2,90,90,45.0,0.1,1812.288,0.8229861560750843,0.09003297716478276,0.12283591879448134,Time limit reached,993
