seed,dimension,time,solution,dual_gap,rel_dual_gap,termination,ncalls
6,30,14.061,-0.1631611089541256,0.03698328510948806,0.2266672820904048,OPTIMAL,470
