seed,dimension,var_A,p,k,M,time,solution,dual_gap,rel_dual_gap,termination,ncalls
3,10,1,50,10.0,1.0,1802.074,0.6692130448974526,0.01607717453782409,0.024615359938770023,Time limit reached,215092
