seed,dimension,time,solution,dual_gap,rel_dual_gap,termination,ncalls
10,110,1520.177,16.021867017006713,0.1482378495043868,0.00933862369721162,OPTIMAL,158719
