seed,dimension,time,solution,dual_gap,rel_dual_gap,termination,ncalls
6,40,12.997,-0.6073135226398568,0.0003020124626162968,0.00049729250437816,OPTIMAL,1986
