seed,dimension,time,solution,dual_gap,rel_dual_gap,termination,ncalls
7,65,18.548,0.18762702053719493,0.0007608095640440071,0.004071413232397166,OPTIMAL,1688
