seed,dimension,p,k,Ns,time,solution,dual_gap,rel_dual_gap,termination,ncalls
4,70,70,35.0,0.1,1805.687,0.8934130266358712,0.06685854723062812,0.08088825225257622,Time limit reached,2152
