seed,dimension,time,solution,dual_gap,rel_dual_gap,termination,ncalls
2,40,10.603,-0.45935419755621515,0.004652371295233326,0.010128069624669046,OPTIMAL,1491
