seed,dimension,p,k,Ns,time,solution,dual_gap,rel_dual_gap,termination,ncalls
9,50,50,25.0,0.1,1803.763,0.7845193689020702,0.006644053133896155,0.008541282901277003,Time limit reached,29208
