seed,dimension,p,k,time,solution,dual_gap,rel_dual_gap,termination,ncalls
10,24,120,5.0,12.604,2.5919150187022093,0.02199815326719401,0.008559869606315197,OPTIMAL,430
