seed,dimension,p,k,Ns,time,solution,dual_gap,rel_dual_gap,termination,ncalls
9,90,90,45.0,10.0,15.904,0.7674507788402757,0.005134426929261138,0.006735296857256029,OPTIMAL,84
