seed,dimension,time,solution,dual_gap,rel_dual_gap,termination,ncalls
9,90,1667.767,-1.8365313476435592,0.01798807718696338,0.00979459305720197,OPTIMAL,446669
