seed,dimension,p,k,time,solution,dual_gap,rel_dual_gap,termination,ncalls
7,28,140,6.0,1800.173,4.096105250978201,0.09224011406304822,0.023037767484375412,Time limit reached,175582
