seed,dimension,time,solution,dual_gap,rel_dual_gap,termination,ncalls
7,75,20.823,-0.46872754574948433,0.01702854596091191,0.0363293049775508,OPTIMAL,2705
