seed,dimension,p,k,time,solution,dual_gap,rel_dual_gap,termination,ncalls
2,21,105,5.0,1800.016,2.0334184097598906,0.07473292956430644,0.03815463499369179,Time limit reached,293039
