seed,dimension,var_A,p,k,M,time,solution,dual_gap,rel_dual_gap,termination,ncalls
6,15,1,75,15.0,0.1,8.842,0.45606902272331346,0.004399075988728962,0.009739580905333067,OPTIMAL,127
