seed,dimension,time,solution,dual_gap,rel_dual_gap,termination,ncalls
4,35,8.081,0.1346595056772385,0.000828779749782349,0.006192746426792863,OPTIMAL,700
