seed,dimension,p,k,time,solution,dual_gap,rel_dual_gap,termination,ncalls
1,26,130,6.0,909.595,1.8799555219248436,0.01860755465171504,0.009996816811729767,OPTIMAL,138003
