seed,dimension,time,solution,dual_gap,rel_dual_gap,termination,ncalls
5,60,125.029,-2.4181623064905846,0.017942313757298045,0.007419813677989735,OPTIMAL,47888
