seed,dimension,time,solution,dual_gap,rel_dual_gap,termination,ncalls
9,95,26.199,-0.288717321260649,0.00169710294400921,0.00587807803355551,OPTIMAL,3349
