seed,dimension,time,solution,dual_gap,rel_dual_gap,termination,ncalls
10,80,24.576,-0.20705214683534967,0.013560158603743905,0.0654915141475307,OPTIMAL,3004
