seed,dimension,time,solution,dual_gap,rel_dual_gap,termination,ncalls
9,85,205.601,23.592236072929932,0.20624670063960338,0.008819242040876906,OPTIMAL,25400
