seed,dimension,p,k,Ns,time,solution,dual_gap,rel_dual_gap,termination,ncalls
8,50,50,25.0,1.0,1806.582,-0.1420765082387414,0.08721712184466607,0.6138743338068869,Time limit reached,10304
