seed,dimension,time,solution,dual_gap,rel_dual_gap,termination,ncalls
4,115,1800.209,32.55709720621315,2.854310234963055,0.09609570434336002,Time limit reached,144711
