seed,dimension,var_A,p,k,M,time,solution,dual_gap,rel_dual_gap,termination,ncalls
6,5,1,25,5.0,1.0,157.198,0.6095638239990272,0.00601820631944916,0.009971419132470979,OPTIMAL,50766
