seed,dimension,p,k,Ns,time,solution,dual_gap,rel_dual_gap,termination,ncalls
9,50,50,25.0,0.1,1804.495,0.7862998526099123,0.009141895240694198,0.01176323957569799,Time limit reached,8322
