seed,dimension,var_A,p,k,M,time,solution,dual_gap,rel_dual_gap,termination,ncalls
10,15,1,75,15.0,0.1,1801.196,0.6931471805599453,0.07977959202546481,0.13006815736071453,Time limit reached,448353
