seed,dimension,time,solution,dual_gap,rel_dual_gap,termination,ncalls
6,50,16.887,-0.24210863063220006,0.00046450081305071667,0.0019185636292180111,OPTIMAL,1941
