seed,dimension,var_A,p,k,M,time,solution,dual_gap,rel_dual_gap,termination,ncalls
8,10,1,50,10.0,1.0,1801.594,0.5965309561180812,0.08529301366134623,0.1668362352987218,Time limit reached,241460
