seed,dimension,p,k,time,solution,dual_gap,rel_dual_gap,termination,ncalls
1,28,140,6.0,657.937,2.262447787186701,0.022379879950761072,0.009990714959340678,OPTIMAL,90549
