seed,dimension,time,solution,dual_gap,rel_dual_gap,termination,ncalls
4,55,14.411,-0.42735173572364066,0.00274049559536782,0.006412740059958574,OPTIMAL,1051
