seed,dimension,p,k,time,solution,dual_gap,rel_dual_gap,termination,ncalls
3,27,135,6.0,1669.606,4.457526586478268,0.04412453787949033,0.009997851406603562,OPTIMAL,298621
