seed,dimension,p,k,Ns,time,solution,dual_gap,rel_dual_gap,termination,ncalls
1,70,70,35.0,1.0,1814.859,-1.2120706695776509,0.22562483159132696,0.18614824799773969,Time limit reached,2794
