seed,dimension,time,solution,dual_gap,rel_dual_gap,termination,ncalls
1,55,10.657,0.39870377389422634,0.004446833184290178,0.011279023208273242,OPTIMAL,1227
