seed,dimension,p,k,Ns,time,solution,dual_gap,rel_dual_gap,termination,ncalls
1,90,90,45.0,0.1,1801.829,0.836027139905809,0.07616826845707436,0.10024001998141203,Time limit reached,23131
