seed,dimension,time,solution,dual_gap,rel_dual_gap,termination,ncalls
5,95,1800.032,6.790135936528818,1.341206048970303,0.24614118306654392,Time limit reached,202460
