seed,dimension,time,solution,dual_gap,rel_dual_gap,termination,ncalls
3,65,18.399,-0.8238785070091452,0.007044863923679978,0.00855085290336598,OPTIMAL,3508
