seed,dimension,time,solution,dual_gap,rel_dual_gap,termination,ncalls
10,110,24.932,-0.2320532918227271,0.00031564066732442386,0.0013602076697345532,OPTIMAL,4249
