seed,dimension,time,solution,dual_gap,rel_dual_gap,termination,ncalls
7,105,31.154,-0.17436537605151337,0.0006690074960443715,0.0038368138858412134,OPTIMAL,4279
