seed,dimension,p,k,Ns,time,solution,dual_gap,rel_dual_gap,termination,ncalls
2,50,50,25.0,1.0,1806.105,0.29674654871157585,0.03208547057760114,0.1212322975626929,Time limit reached,8267
