seed,dimension,p,k,Ns,time,solution,dual_gap,rel_dual_gap,termination,ncalls
10,90,90,45.0,0.1,1815.764,0.8413702127272606,0.09000787590365078,0.11979290349335285,Time limit reached,1144
