seed,dimension,p,k,time,solution,dual_gap,rel_dual_gap,termination,ncalls
1,26,130,6.0,1800.067,1.8944643460276342,0.057396212471636954,0.03124337710901097,Time limit reached,178390
