seed,dimension,time,solution,dual_gap,rel_dual_gap,termination,ncalls
3,95,29.773,-0.5109378051461022,0.005446218934072045,0.010659260049302288,OPTIMAL,3448
