seed,dimension,time,solution,dual_gap,rel_dual_gap,termination,ncalls
2,75,13.562,-0.1534634127090408,0.006584746531575453,0.04290759872556603,OPTIMAL,2034
