seed,dimension,p,k,time,solution,dual_gap,rel_dual_gap,termination,ncalls
1,25,125,5.0,79.6,1.918574585754522,0.018941385800655075,0.0099710753639782,OPTIMAL,12556
