seed,dimension,time,solution,dual_gap,rel_dual_gap,termination,ncalls
8,65,96.44,-4.274512032181626,0.04128106814621191,0.009657492559482369,OPTIMAL,29137
