seed,dimension,p,k,Ns,time,solution,dual_gap,rel_dual_gap,termination,ncalls
7,50,50,25.0,10.0,1805.075,0.18582375125850842,0.023145877092503347,0.1422804251110638,Time limit reached,30949
