seed,dimension,time,solution,dual_gap,rel_dual_gap,termination,ncalls
5,80,17.912,-0.0720424617169454,0.0019203906200123688,0.026656371454345597,OPTIMAL,2709
