seed,dimension,p,k,Ns,time,solution,dual_gap,rel_dual_gap,termination,ncalls
1,70,70,35.0,5.0,1804.305,-1.4664790125244545,0.18062823218724366,0.12317137214006435,Time limit reached,4272
