seed,dimension,time,solution,dual_gap,rel_dual_gap,termination,ncalls
7,25,7.752,-0.24333772209222299,0.009155320691068614,0.03762392699475843,OPTIMAL,388
