seed,dimension,p,k,time,solution,dual_gap,rel_dual_gap,termination,ncalls
4,23,115,5.0,13.362,5.266123075399722,0.050124521272439715,0.009609765177710316,OPTIMAL,890
