seed,dimension,time,solution,dual_gap,rel_dual_gap,termination,ncalls
4,30,12.974,-0.19418580138762753,3.864787706531203e-8,1.9902524689827536e-7,OPTIMAL,577
