seed,dimension,p,k,Ns,time,solution,dual_gap,rel_dual_gap,termination,ncalls
2,50,50,25.0,1.0,1806.748,0.29674654871157585,0.03210954438948849,0.1213342951479614,Time limit reached,7974
