seed,dimension,time,solution,dual_gap,rel_dual_gap,termination,ncalls
5,35,10.306,-0.36945518120056503,0.019105343360410587,0.051712208496648274,OPTIMAL,635
