seed,dimension,time,solution,dual_gap,rel_dual_gap,termination,ncalls
5,70,15.669,-0.26497701336281204,0.0006652764382891196,0.0025106949083851635,OPTIMAL,1851
