seed,dimension,time,solution,dual_gap,rel_dual_gap,termination,ncalls
9,40,789.968,1.4054397997756456,0.013759223435613421,0.009886768321361986,OPTIMAL,232668
