seed,dimension,time,solution,dual_gap,rel_dual_gap,termination,ncalls
10,105,26.789,-0.2039885850787666,0.0001349584724277264,0.0006615981594049224,OPTIMAL,3552
