seed,dimension,var_A,p,k,M,time,solution,dual_gap,rel_dual_gap,termination,ncalls
10,20,1,100,20.0,1.0,1801.183,0.6931471805599454,0.38754119113052676,1.2681073163981018,Time limit reached,299485
