seed,dimension,p,k,Ns,time,solution,dual_gap,rel_dual_gap,termination,ncalls
3,70,70,35.0,0.1,1804.905,0.6322465991864024,0.007545565063127979,0.01207868188295489,Time limit reached,20105
