seed,dimension,time,solution,dual_gap,rel_dual_gap,termination,ncalls
5,115,1095.385,25.22438113864705,0.24480546696083394,0.009800225199113987,OPTIMAL,160741
