seed,dimension,var_A,p,k,M,time,solution,dual_gap,rel_dual_gap,termination,ncalls
8,15,1,75,15.0,1.0,1801.87,0.666043453610434,0.061157939414400286,0.10110663584940797,Time limit reached,132115
