seed,dimension,time,solution,dual_gap,rel_dual_gap,termination,ncalls
3,90,21.75,-0.5403596784726795,0.0046924662441066856,0.00868396816240969,OPTIMAL,3120
