seed,dimension,p,k,time,solution,dual_gap,rel_dual_gap,termination,ncalls
2,26,130,6.0,1800.062,2.099373600610698,0.6005867045828834,0.40071520919658327,Time limit reached,125386
