seed,dimension,time,solution,dual_gap,rel_dual_gap,termination,ncalls
6,90,24.021,-0.27462134691111223,0.03960979387622521,0.14423421311470686,OPTIMAL,3369
