seed,dimension,time,solution,dual_gap,rel_dual_gap,termination,ncalls
5,95,47.491,-0.8166545780897304,0.034372907079577075,0.04208989700392071,OPTIMAL,6211
