seed,dimension,time,solution,dual_gap,rel_dual_gap,termination,ncalls
8,80,1800.111,6.5554976835509295,2.3174976112286467,0.5468375582067263,Time limit reached,217242
