seed,dimension,p,k,time,solution,dual_gap,rel_dual_gap,termination,ncalls
3,27,135,6.0,1253.314,4.457530395820922,0.04413229660777507,0.00999961834751397,OPTIMAL,243325
