seed,dimension,time,solution,dual_gap,rel_dual_gap,termination,ncalls
3,80,15.064,-0.1346664484508978,0.0021413088681031534,0.015900834192444892,OPTIMAL,2104
