seed,dimension,time,solution,dual_gap,rel_dual_gap,termination,ncalls
6,45,14.442,-0.39679090761479263,0.003624680970851002,0.009134989994200843,OPTIMAL,2722
