seed,dimension,var_A,p,k,M,time,solution,dual_gap,rel_dual_gap,termination,ncalls
5,15,1,75,15.0,0.1,1801.236,0.6931471805599453,0.06814332351391195,0.10902864477665615,Time limit reached,121163
