seed,dimension,p,k,time,solution,dual_gap,rel_dual_gap,termination,ncalls
3,24,120,5.0,1802.058,4.049577981419793,0.3271662328578957,0.08789093065384072,Time limit reached,216353
