seed,dimension,time,solution,dual_gap,rel_dual_gap,termination,ncalls
2,55,126.85,-0.906508372364546,0.005699689183719769,0.0062875196274830205,OPTIMAL,43142
