seed,dimension,time,solution,dual_gap,rel_dual_gap,termination,ncalls
6,45,22.763,-0.396790897053133,0.005051000305914988,0.012729627477413184,OPTIMAL,4022
