seed,dimension,time,solution,dual_gap,rel_dual_gap,termination,ncalls
2,35,8.828,-0.26144259809054843,0.00045581623134433036,0.0017434658111317508,OPTIMAL,563
