seed,dimension,var_A,p,k,M,time,solution,dual_gap,rel_dual_gap,termination,ncalls
1,10,5,50,10.0,0.1,25.252,0.10447247263399045,0.0009888022237481559,0.009555152226706188,OPTIMAL,2390
