seed,dimension,time,solution,dual_gap,rel_dual_gap,termination,ncalls
8,105,1801.478,-1.647776613394731,1.3742707090751765,0.8340151801547415,Time limit reached,462274
