seed,dimension,p,k,Ns,time,solution,dual_gap,rel_dual_gap,termination,ncalls
7,70,70,35.0,5.0,1804.359,0.5415998596926579,0.04730089800245674,0.09569289371095682,Time limit reached,4140
