seed,dimension,time,solution,dual_gap,rel_dual_gap,termination,ncalls
3,20,7.764,0.22284192826596738,0.0017993946942823635,0.008140490724599898,OPTIMAL,290
