seed,dimension,p,k,time,solution,dual_gap,rel_dual_gap,termination,ncalls
2,28,140,6.0,1800.021,1.9495269184815265,0.442088935019338,0.29327172319485806,Time limit reached,306302
