seed,dimension,time,solution,dual_gap,rel_dual_gap,termination,ncalls
5,30,9.598,-0.3583123031761973,0.05055096340499782,0.14108073587453618,OPTIMAL,597
