seed,dimension,time,solution,dual_gap,rel_dual_gap,termination,ncalls
8,65,97.781,-4.269987643691088,0.03477848879811507,0.008144868720990406,OPTIMAL,29456
