seed,dimension,time,solution,dual_gap,rel_dual_gap,termination,ncalls
5,65,12.055,-0.41411317107619416,0.0023260695597915326,0.00561699004585283,OPTIMAL,1477
