seed,dimension,p,k,time,solution,dual_gap,rel_dual_gap,termination,ncalls
2,23,115,5.0,1800.09,2.149508807356226,0.16092267930740922,0.08092316296368071,Time limit reached,196769
