seed,dimension,p,k,Ns,time,solution,dual_gap,rel_dual_gap,termination,ncalls
5,90,90,45.0,5.0,1801.882,0.33720480256808666,0.07815509326311149,0.3016992123743351,Time limit reached,16852
