seed,dimension,time,solution,dual_gap,rel_dual_gap,termination,ncalls
6,55,33.401,-0.42369280841018897,4.600616071437358e-7,1.0858376588217592e-6,OPTIMAL,5196
