seed,dimension,var_A,p,k,M,time,solution,dual_gap,rel_dual_gap,termination,ncalls
3,15,1,75,15.0,1.0,1801.289,0.6931471805599453,0.12507321237444868,0.22017064568888636,Time limit reached,148139
