seed,dimension,p,k,time,solution,dual_gap,rel_dual_gap,termination,ncalls
7,18,90,4.0,44.567,3.491754799253618,0.03456457686696712,0.00999788112414181,OPTIMAL,8605
