seed,dimension,var_A,p,k,M,time,solution,dual_gap,rel_dual_gap,termination,ncalls
4,20,1,100,20.0,1.0,1801.492,0.6319144254482597,0.028762783732329544,0.047687483118675024,Time limit reached,239945
