seed,dimension,time,solution,dual_gap,rel_dual_gap,termination,ncalls
4,90,639.719,24.78573593455474,0.2395702141158651,0.009759985198681438,OPTIMAL,85728
