seed,dimension,var_A,p,k,M,time,solution,dual_gap,rel_dual_gap,termination,ncalls
9,15,1,75,15.0,1.0,1801.39,0.6198344763377956,0.03551924352287594,0.06078781029165223,Time limit reached,327290
