seed,dimension,time,solution,dual_gap,rel_dual_gap,termination,ncalls
3,75,119.677,-0.9808248402324637,0.0013635189847028828,0.0013901758283158055,OPTIMAL,32100
