seed,dimension,time,solution,dual_gap,rel_dual_gap,termination,ncalls
5,20,7.299,-10.318941382149232,0.0823414090146084,0.007979637248162981,OPTIMAL,271
