seed,dimension,time,solution,dual_gap,rel_dual_gap,termination,ncalls
3,75,194.787,-0.9801761548476539,0.009537500376009866,0.00973039420398087,OPTIMAL,39178
