seed,dimension,time,solution,dual_gap,rel_dual_gap,termination,ncalls
5,60,114.657,-2.4181623064905846,0.021988698405819296,0.009093144139580489,OPTIMAL,36120
