seed,dimension,p,k,time,solution,dual_gap,rel_dual_gap,termination,ncalls
3,16,80,4.0,96.359,3.048834351864469,0.030017307536490456,0.009943400708197814,OPTIMAL,27391
