seed,dimension,time,solution,dual_gap,rel_dual_gap,termination,ncalls
1,120,1800.005,34.22481925672192,6.943324320575435,0.2545067393420553,Time limit reached,144411
