seed,dimension,time,solution,dual_gap,rel_dual_gap,termination,ncalls
6,90,17.068,-0.2746741775464584,0.00016928819225348057,0.0006163236521381671,OPTIMAL,3004
