seed,dimension,time,solution,dual_gap,rel_dual_gap,termination,ncalls
2,60,18.333,-0.8696975605295731,0.005444077453936491,0.006259736373897039,OPTIMAL,1588
