seed,dimension,p,k,time,solution,dual_gap,rel_dual_gap,termination,ncalls
2,29,145,6.0,1800.274,2.3514462225992494,0.596447213596772,0.3398561540703013,Time limit reached,138588
