seed,dimension,time,solution,dual_gap,rel_dual_gap,termination,ncalls
6,55,20.815,-0.42352116300562054,0.0034752853117134275,0.00820569457981798,OPTIMAL,3707
