seed,dimension,p,k,time,solution,dual_gap,rel_dual_gap,termination,ncalls
8,25,125,5.0,9.783,3.370075088994695,0.03315982808722584,0.009937270051684823,OPTIMAL,86
