seed,dimension,p,k,time,solution,dual_gap,rel_dual_gap,termination,ncalls
4,19,95,4.0,12.896,4.659490245415256,0.04299575822801227,0.009313507976093977,OPTIMAL,832
