seed,dimension,p,k,time,solution,dual_gap,rel_dual_gap,termination,ncalls
3,22,110,5.0,925.897,3.5577863670987497,0.02736646212328875,0.007751616765110825,OPTIMAL,126418
