seed,dimension,time,solution,dual_gap,rel_dual_gap,termination,ncalls
2,100,39.6,-1.1549519701411146,0.007716125563829168,0.006680906014547423,OPTIMAL,6219
