seed,dimension,var_A,p,k,M,time,solution,dual_gap,rel_dual_gap,termination,ncalls
1,15,5,75,15.0,1.0,1801.471,0.4382195381189772,0.18814022439545097,0.7523222196756679,Time limit reached,144078
