seed,dimension,p,k,Ns,time,solution,dual_gap,rel_dual_gap,termination,ncalls
6,50,50,25.0,5.0,1801.635,0.6408230565849934,0.025397610468145926,0.041268378856281186,Time limit reached,75528
