seed,dimension,time,solution,dual_gap,rel_dual_gap,termination,ncalls
10,65,243.822,15.22834365354819,0.1434487047362385,0.00950942682882496,OPTIMAL,35066
