seed,dimension,time,solution,dual_gap,rel_dual_gap,termination,ncalls
1,70,79.416,-27.91418214538017,0.16161076768867488,0.005789557682434971,OPTIMAL,16079
