seed,dimension,time,solution,dual_gap,rel_dual_gap,termination,ncalls
4,85,1800.012,-5.004517497038414,2.441554786516771,0.48787016689653706,Time limit reached,508506
