seed,dimension,time,solution,dual_gap,rel_dual_gap,termination,ncalls
5,60,162.69,-2.418162306490215,0.023349087867363227,0.009655715749391823,OPTIMAL,52730
