seed,dimension,p,k,time,solution,dual_gap,rel_dual_gap,termination,ncalls
7,30,150,6.0,1800.151,4.603735167703079,0.26313855854820734,0.06062267062394477,Time limit reached,159965
