seed,dimension,time,solution,dual_gap,rel_dual_gap,termination,ncalls
4,30,10.761,-0.19418580138762898,0.0014280142387312345,0.0073538550631756395,OPTIMAL,508
