seed,dimension,time,solution,dual_gap,rel_dual_gap,termination,ncalls
10,55,16.468,-0.17411793359154315,0.0005163503277659798,0.002965520650947231,OPTIMAL,1088
