seed,dimension,time,solution,dual_gap,rel_dual_gap,termination,ncalls
5,40,10.078,-0.27319479072539665,0.0007728674594987273,0.002828997791087384,OPTIMAL,751
