seed,dimension,time,solution,dual_gap,rel_dual_gap,termination,ncalls
2,95,194.094,-1.111739528672735,0.004161727801998305,0.003743437823936007,OPTIMAL,36450
