seed,dimension,p,k,time,solution,dual_gap,rel_dual_gap,termination,ncalls
1,28,140,6.0,431.84,2.262447787186701,0.022386391013642815,0.009993650643633221,OPTIMAL,75105
