seed,dimension,p,k,time,solution,dual_gap,rel_dual_gap,termination,ncalls
3,23,115,5.0,1369.271,4.014525717592983,0.03970946427275868,0.009990264138521814,OPTIMAL,247153
