seed,dimension,p,k,Ns,time,solution,dual_gap,rel_dual_gap,termination,ncalls
7,50,50,25.0,1.0,1804.411,0.18853270420604945,0.025902091716544173,0.159269471596042,Time limit reached,31131
