seed,dimension,time,solution,dual_gap,rel_dual_gap,termination,ncalls
1,20,18.185,-1.5315296315467162,0.013150712592836733,0.008586652404208216,OPTIMAL,4486
