seed,dimension,p,k,Ns,time,solution,dual_gap,rel_dual_gap,termination,ncalls
7,90,90,45.0,0.1,1823.528,0.8450846270109141,0.06040886900814979,0.07698577201098772,Time limit reached,972
