seed,dimension,p,k,time,solution,dual_gap,rel_dual_gap,termination,ncalls
2,24,120,5.0,1176.029,1.646273770335147,0.016299129534313783,0.009999621543992705,OPTIMAL,214461
