seed,dimension,time,solution,dual_gap,rel_dual_gap,termination,ncalls
7,100,37.179,-0.5762523569965513,0.00202296080019726,0.003510546682604487,OPTIMAL,4104
