seed,dimension,p,k,Ns,time,solution,dual_gap,rel_dual_gap,termination,ncalls
9,50,50,25.0,0.1,1803.811,0.7862998526099123,0.009143853045336381,0.011765788400860944,Time limit reached,8168
