seed,dimension,p,k,Ns,time,solution,dual_gap,rel_dual_gap,termination,ncalls
8,70,70,35.0,1.0,1814.393,0.840623895935512,0.032889134207602755,0.04071774023597325,Time limit reached,6464
