seed,dimension,time,solution,dual_gap,rel_dual_gap,termination,ncalls
2,100,33.109,-1.1574884576334976,0.010187528119364853,0.00880140795545677,OPTIMAL,5477
