seed,dimension,time,solution,dual_gap,rel_dual_gap,termination,ncalls
2,30,13.496,-5.956174021376411,0.058340332912695914,0.00979493424861587,OPTIMAL,1658
