seed,dimension,time,solution,dual_gap,rel_dual_gap,termination,ncalls
4,30,8.43,-0.19418579122216417,0.005022404082505871,0.025863911313469053,OPTIMAL,590
