seed,dimension,time,solution,dual_gap,rel_dual_gap,termination,ncalls
4,60,9.536,-0.4178421288573363,0.002529562593046597,0.006053871590124568,OPTIMAL,1132
