seed,dimension,p,k,Ns,time,solution,dual_gap,rel_dual_gap,termination,ncalls
7,70,70,35.0,1.0,1801.911,0.5380874348374264,0.04289126320750325,0.08661469063124612,Time limit reached,24064
