seed,dimension,p,k,Ns,time,solution,dual_gap,rel_dual_gap,termination,ncalls
6,70,70,35.0,1.0,1809.582,0.12583764119430313,0.05747365548593629,0.8407007708870649,Time limit reached,2987
