seed,dimension,time,solution,dual_gap,rel_dual_gap,termination,ncalls
5,60,100.203,-2.413410370674235,0.022004428385576702,0.009117566019006257,OPTIMAL,40781
