seed,dimension,var_A,p,k,M,time,solution,dual_gap,rel_dual_gap,termination,ncalls
5,20,1,100,20.0,0.1,79.53,0.44859595343947756,0.00441904386545916,0.009948837434384381,OPTIMAL,2038
