seed,dimension,time,solution,dual_gap,rel_dual_gap,termination,ncalls
9,40,1800.012,1.4054397997756456,0.7591495538716209,1.1746263519879208,Time limit reached,245431
