seed,dimension,p,k,time,solution,dual_gap,rel_dual_gap,termination,ncalls
7,26,130,6.0,724.518,4.277812686331896,0.04234233227253981,0.009997079127695487,OPTIMAL,143404
