seed,dimension,time,solution,dual_gap,rel_dual_gap,termination,ncalls
6,90,23.923,-0.27467417654162785,0.00017111871284181124,0.0006229879888831763,OPTIMAL,3195
