seed,dimension,time,solution,dual_gap,rel_dual_gap,termination,ncalls
7,50,112.766,-0.6222012359986436,0.004757002505669794,0.007645440462738271,OPTIMAL,28055
