seed,dimension,time,solution,dual_gap,rel_dual_gap,termination,ncalls
9,90,1726.085,-1.836531347643394,0.018006096881279632,0.009804404865936403,OPTIMAL,492846
