seed,dimension,p,k,Ns,time,solution,dual_gap,rel_dual_gap,termination,ncalls
8,70,70,35.0,10.0,1815.756,0.8239742884462351,0.016565339061205164,0.0205166651593623,Time limit reached,4722
