seed,dimension,time,solution,dual_gap,rel_dual_gap,termination,ncalls
3,75,100.681,-0.9799810193909969,0.0027906231063637987,0.0028476297511333577,OPTIMAL,29840
