seed,dimension,var_A,p,k,M,time,solution,dual_gap,rel_dual_gap,termination,ncalls
8,10,5,50,10.0,0.1,246.096,0.169684467203644,0.0016767976250380845,0.009980482612750958,OPTIMAL,79347
