seed,dimension,p,k,time,solution,dual_gap,rel_dual_gap,termination,ncalls
2,18,90,4.0,425.099,1.9086114227625834,0.018833741348674993,0.009966114815465393,OPTIMAL,60496
