seed,dimension,var_A,p,k,M,time,solution,dual_gap,rel_dual_gap,termination,ncalls
7,20,1,100,20.0,1.0,1801.654,0.6726327570448953,0.06331508855632884,0.10391146003263634,Time limit reached,84858
