seed,dimension,time,solution,dual_gap,rel_dual_gap,termination,ncalls
10,80,18.149,-0.2070521468392476,0.0005766977656698757,0.0027852778851774757,OPTIMAL,2718
