seed,dimension,p,k,Ns,time,solution,dual_gap,rel_dual_gap,termination,ncalls
6,70,70,35.0,5.0,1813.193,0.1291576448029713,0.06093531045397829,0.8931871217168008,Time limit reached,4096
