seed,dimension,time,solution,dual_gap,rel_dual_gap,termination,ncalls
8,65,97.282,-4.274192306958769,0.04219000610524226,0.009870872219893603,OPTIMAL,30070
