seed,dimension,p,k,Ns,time,solution,dual_gap,rel_dual_gap,termination,ncalls
4,50,50,25.0,0.1,1804.391,0.47890826050237123,0.004172241272792032,0.008788550065282416,Time limit reached,34932
