seed,dimension,p,k,Ns,time,solution,dual_gap,rel_dual_gap,termination,ncalls
8,90,90,45.0,0.1,1811.743,0.6336920308984719,0.01511149441147619,0.024429307939911032,Time limit reached,1055
