seed,dimension,p,k,Ns,time,solution,dual_gap,rel_dual_gap,termination,ncalls
10,50,50,25.0,5.0,1803.505,0.5398655492765562,0.06971052357549895,0.14827135681800327,Time limit reached,24736
