seed,dimension,time,solution,dual_gap,rel_dual_gap,termination,ncalls
5,50,23.031,-2.0854997604390233,0.016729570849343567,0.00802185220381986,OPTIMAL,4992
