seed,dimension,p,k,Ns,time,solution,dual_gap,rel_dual_gap,termination,ncalls
7,70,70,35.0,5.0,1801.797,0.5415998596926579,0.04621778023764217,0.09329723894834407,Time limit reached,34017
