seed,dimension,time,solution,dual_gap,rel_dual_gap,termination,ncalls
9,20,7.996,-0.1386996864970863,0.00855895624107983,0.061708547850680466,OPTIMAL,350
