seed,dimension,p,k,Ns,time,solution,dual_gap,rel_dual_gap,termination,ncalls
9,50,50,25.0,5.0,1806.28,0.17219055341236017,0.05238752040290054,0.4372804184244987,Time limit reached,30474
