seed,dimension,p,k,time,solution,dual_gap,rel_dual_gap,termination,ncalls
7,23,115,5.0,269.734,3.351295718306617,0.033110701629153194,0.009978557995631996,OPTIMAL,48509
