seed,dimension,p,k,time,solution,dual_gap,rel_dual_gap,termination,ncalls
7,21,105,5.0,772.982,3.345795262964071,0.033117554883262734,0.009997216089714116,OPTIMAL,123208
