seed,dimension,time,solution,dual_gap,rel_dual_gap,termination,ncalls
1,65,10.097,-0.17394992567457018,0.000457285582526501,0.002628834595664054,OPTIMAL,1214
