seed,dimension,time,solution,dual_gap,rel_dual_gap,termination,ncalls
2,80,268.545,11.009298728836544,0.10085470564727572,0.009245562926562017,OPTIMAL,34528
