seed,dimension,time,solution,dual_gap,rel_dual_gap,termination,ncalls
9,25,24.727,2.502879641257057,0.02173327227233779,0.008759367260235844,OPTIMAL,4314
