seed,dimension,p,k,Ns,time,solution,dual_gap,rel_dual_gap,termination,ncalls
7,90,90,45.0,10.0,1801.906,0.1145091530557168,0.05149768773260542,0.8172748795561984,Time limit reached,13036
