seed,dimension,var_A,p,k,M,time,solution,dual_gap,rel_dual_gap,termination,ncalls
1,10,5,50,10.0,1.0,1801.516,0.11332132258669111,0.05368059106728915,0.9000659398321784,Time limit reached,217287
