seed,dimension,time,solution,dual_gap,rel_dual_gap,termination,ncalls
6,35,16.406,-13.96067675207093,0.134581958967269,0.009640074142344501,OPTIMAL,3051
