seed,dimension,p,k,Ns,time,solution,dual_gap,rel_dual_gap,termination,ncalls
2,90,90,45.0,0.1,1818.58,0.8229861560750843,0.08998604818474587,0.12276403129562481,Time limit reached,1136
