seed,dimension,time,solution,dual_gap,rel_dual_gap,termination,ncalls
10,65,12.014,-0.19472999725437856,0.0007943929657613091,0.004079458619431819,OPTIMAL,1382
