seed,dimension,time,solution,dual_gap,rel_dual_gap,termination,ncalls
3,70,490.521,-11.551837313504455,0.11551268416701,0.009999507526995043,OPTIMAL,169441
