seed,dimension,time,solution,dual_gap,rel_dual_gap,termination,ncalls
3,70,398.76,-11.571294777094451,0.10900410399967342,0.00942021667406215,OPTIMAL,140282
