seed,dimension,time,solution,dual_gap,rel_dual_gap,termination,ncalls
8,60,61.974,-2.95919276167297,0.028907674705019204,0.009768770415846903,OPTIMAL,18941
