seed,dimension,p,k,Ns,time,solution,dual_gap,rel_dual_gap,termination,ncalls
3,90,90,45.0,1.0,1801.938,-0.3039412986114327,0.3280825637694913,1.0794273936064263,Time limit reached,12149
