seed,dimension,time,solution,dual_gap,rel_dual_gap,termination,ncalls
5,75,569.232,13.930499031020334,0.13754077917641538,0.009971811460969817,OPTIMAL,62441
