seed,dimension,p,k,time,solution,dual_gap,rel_dual_gap,termination,ncalls
3,15,75,3.0,31.818,3.3580743194150378,0.032625877539010695,0.009810970793642812,OPTIMAL,6296
