seed,dimension,p,k,time,solution,dual_gap,rel_dual_gap,termination,ncalls
7,21,105,5.0,260.281,3.345795262964071,0.03301378541309319,0.00996557896643974,OPTIMAL,59656
