seed,dimension,time,solution,dual_gap,rel_dual_gap,termination,ncalls
7,110,1536.868,34.02874444633106,0.2919760110463514,0.00865453404662726,OPTIMAL,132741
