seed,dimension,time,solution,dual_gap,rel_dual_gap,termination,ncalls
3,85,305.774,13.258941132080682,0.11376349829324361,0.008654390337094718,OPTIMAL,35513
