seed,dimension,var_A,p,k,M,time,solution,dual_gap,rel_dual_gap,termination,ncalls
7,20,1,100,20.0,0.1,1801.232,0.6931471805599454,0.0793896246246254,0.12935013810728835,Time limit reached,305971
