seed,dimension,p,k,time,solution,dual_gap,rel_dual_gap,termination,ncalls
2,20,100,4.0,263.833,1.711631756512904,0.01682870462246777,0.009929593060206323,OPTIMAL,34412
