seed,dimension,p,k,Ns,time,solution,dual_gap,rel_dual_gap,termination,ncalls
9,90,90,45.0,5.0,1802.052,-0.9981701457329425,0.20861112614533284,0.2089935538917091,Time limit reached,17256
