seed,dimension,p,k,Ns,time,solution,dual_gap,rel_dual_gap,termination,ncalls
5,90,90,45.0,10.0,1808.238,0.3114607989707457,0.05239932582391793,0.202265991879926,Time limit reached,13256
