seed,dimension,time,solution,dual_gap,rel_dual_gap,termination,ncalls
4,90,1099.516,24.78573593455474,0.24504934845513304,0.009985431646151843,OPTIMAL,131502
