seed,dimension,time,solution,dual_gap,rel_dual_gap,termination,ncalls
9,80,1494.817,4.632755297532656,0.044105654478336476,0.009611902827468575,OPTIMAL,178420
