seed,dimension,p,k,Ns,time,solution,dual_gap,rel_dual_gap,termination,ncalls
9,90,90,45.0,0.1,1825.514,0.5088896281060962,0.02909010558114833,0.06062970931705283,Time limit reached,1849
