seed,dimension,p,k,time,solution,dual_gap,rel_dual_gap,termination,ncalls
5,28,140,6.0,94.596,6.366698088453634,0.06262268589209707,0.009933682878642533,OPTIMAL,9588
