seed,dimension,time,solution,dual_gap,rel_dual_gap,termination,ncalls
10,110,32.022,-0.23205329151236714,0.0003160345739404713,0.001361905154978715,OPTIMAL,4307
