seed,dimension,time,solution,dual_gap,rel_dual_gap,termination,ncalls
7,60,13.165,-0.2829294027272063,0.0009106363435409381,0.003218599179735843,OPTIMAL,1426
