seed,dimension,p,k,Ns,time,solution,dual_gap,rel_dual_gap,termination,ncalls
6,50,50,25.0,1.0,1801.844,0.6408045808419952,0.025405633136398098,0.04128319236020532,Time limit reached,55929
