seed,dimension,time,solution,dual_gap,rel_dual_gap,termination,ncalls
6,50,20.066,-0.24210863063220944,0.0014107045445142796,0.00582674207371525,OPTIMAL,2082
