seed,dimension,time,solution,dual_gap,rel_dual_gap,termination,ncalls
1,75,193.812,16.762974827801166,0.12449452247470916,0.007482325319990605,OPTIMAL,23972
