seed,dimension,time,solution,dual_gap,rel_dual_gap,termination,ncalls
1,115,31.352,-0.08430219341484707,0.00033851335585544096,0.004015475068242091,OPTIMAL,5943
