seed,dimension,time,solution,dual_gap,rel_dual_gap,termination,ncalls
7,65,12.987,0.18762702052676872,0.0007643920182256458,0.00409066288067707,OPTIMAL,1677
