seed,dimension,time,solution,dual_gap,rel_dual_gap,termination,ncalls
9,40,14.481,-1.7161764181239128,0.01298380377670938,0.007565541420795768,OPTIMAL,3585
