seed,dimension,p,k,Ns,time,solution,dual_gap,rel_dual_gap,termination,ncalls
4,90,90,45.0,5.0,25.295,-141818.71128801967,3.0675437301397324e-8,2.1630035291392945e-13,OPTIMAL,33
