seed,dimension,var_A,p,k,M,time,solution,dual_gap,rel_dual_gap,termination,ncalls
6,10,5,50,10.0,1.0,1801.601,0.37134393076684724,0.11018787735466595,0.4219235047971757,Time limit reached,219073
