seed,dimension,p,k,time,solution,dual_gap,rel_dual_gap,termination,ncalls
2,16,80,4.0,97.047,1.537781617126532,0.01498777776004978,0.009842289463349186,OPTIMAL,14191
