seed,dimension,time,solution,dual_gap,rel_dual_gap,termination,ncalls
8,120,1800.318,9.631946946280278,4.397427352289566,0.8400823176472321,Time limit reached,111951
