seed,dimension,time,solution,dual_gap,rel_dual_gap,termination,ncalls
1,40,11.575,-0.17715813672734143,0.00038938711322961117,0.002197963471634976,OPTIMAL,947
