seed,dimension,p,k,Ns,time,solution,dual_gap,rel_dual_gap,termination,ncalls
6,90,90,45.0,0.1,1820.711,0.8394008620905159,0.09999625846299887,0.13523889082163876,Time limit reached,2570
