seed,dimension,p,k,time,solution,dual_gap,rel_dual_gap,termination,ncalls
3,21,105,5.0,350.401,3.7183894561199775,0.0366083008478868,0.009943095285678754,OPTIMAL,50439
