seed,dimension,time,solution,dual_gap,rel_dual_gap,termination,ncalls
4,55,16.053,-0.4273517384967802,0.07892967211873414,0.1846948660987577,OPTIMAL,1097
