seed,dimension,time,solution,dual_gap,rel_dual_gap,termination,ncalls
10,50,10.409,0.015598867578972941,0.0009581642559342018,0.0654452340705809,OPTIMAL,1100
