seed,dimension,time,solution,dual_gap,rel_dual_gap,termination,ncalls
2,110,1801.458,-0.9859971006487216,1.4350342133235996,1.455414232333382,Time limit reached,398825
