seed,dimension,p,k,time,solution,dual_gap,rel_dual_gap,termination,ncalls
2,16,80,4.0,65.683,1.5377815557830616,0.014987716416579477,0.009842249179846116,OPTIMAL,14191
