seed,dimension,time,solution,dual_gap,rel_dual_gap,termination,ncalls
9,25,8.64,-0.4271721282343429,0.0074080332703937435,0.017342033294667016,OPTIMAL,577
