seed,dimension,time,solution,dual_gap,rel_dual_gap,termination,ncalls
1,25,8.292,-0.5942506283911175,0.0027606952451875166,0.004645674927869848,OPTIMAL,357
