seed,dimension,p,k,Ns,time,solution,dual_gap,rel_dual_gap,termination,ncalls
1,50,50,25.0,0.1,1807.94,0.8399762136523655,0.003995192309771856,0.004779046662274148,Time limit reached,5399
