seed,dimension,p,k,time,solution,dual_gap,rel_dual_gap,termination,ncalls
6,30,150,6.0,8.673,5.145675817110071,0.04770565850739672,0.009357775158196018,OPTIMAL,240
