seed,dimension,time,solution,dual_gap,rel_dual_gap,termination,ncalls
2,30,12.893,-5.956319857739221,0.058274540164894084,0.009783648554262288,OPTIMAL,2166
