seed,dimension,time,solution,dual_gap,rel_dual_gap,termination,ncalls
4,45,44.577,-11.135468296879619,0.11113898324116178,0.00998062948751829,OPTIMAL,12535
