seed,dimension,var_A,p,k,M,time,solution,dual_gap,rel_dual_gap,termination,ncalls
3,20,5,100,20.0,1.0,1802.125,0.6931471805599454,0.4815989964423749,2.2765451684270683,Time limit reached,101432
