seed,dimension,time,solution,dual_gap,rel_dual_gap,termination,ncalls
7,105,39.116,-0.17436537605097857,0.015240122481921164,0.08740337575658062,OPTIMAL,4530
