seed,dimension,time,solution,dual_gap,rel_dual_gap,termination,ncalls
4,20,16.16,-1.3786927440128225,0.010306071300818953,0.0074752488149187665,OPTIMAL,2015
