seed,n0,m0,M,time,solution,dual_gap,rel_dual_gap,termination,ncalls
2,2,18,20.0,6.756,3.2249689175887406,8.787726812897745e-8,2.724902867877937e-8,OPTIMAL,16
