seed,dimension,time,solution,dual_gap,rel_dual_gap,termination,ncalls
5,100,56.583,-1.8777570630764464,0.017725283592769037,0.009439604271134307,OPTIMAL,10749
