seed,dimension,p,k,Ns,time,solution,dual_gap,rel_dual_gap,termination,ncalls
2,70,70,35.0,0.1,1801.753,0.8635729374480843,0.0467367541414232,0.05721680196906389,Time limit reached,18813
