seed,dimension,p,k,Ns,time,solution,dual_gap,rel_dual_gap,termination,ncalls
2,90,90,45.0,0.1,1801.819,0.8229861560750843,0.08861797527374449,0.1206724060089925,Time limit reached,17401
