seed,dimension,time,solution,dual_gap,rel_dual_gap,termination,ncalls
1,35,8.17,-0.3199097161604905,0.0025952319422585246,0.008112388624534814,OPTIMAL,298
