seed,dimension,p,k,time,solution,dual_gap,rel_dual_gap,termination,ncalls
1,28,140,6.0,1246.5,2.262447787186701,0.022366333311923725,0.009984607154903048,OPTIMAL,126924
