seed,dimension,time,solution,dual_gap,rel_dual_gap,termination,ncalls
2,40,14.171,-0.4593542348026142,0.004434424930276848,0.009653606289669523,OPTIMAL,1556
