seed,dimension,var_A,p,k,M,time,solution,dual_gap,rel_dual_gap,termination,ncalls
1,5,1,25,5.0,0.1,25.086,0.6330541727029532,0.006233902533793967,0.009945279102272222,OPTIMAL,4682
