seed,dimension,time,solution,dual_gap,rel_dual_gap,termination,ncalls
10,90,989.648,24.562848631178824,0.23984004346943877,0.009860624050868112,OPTIMAL,91355
