seed,dimension,p,k,time,solution,dual_gap,rel_dual_gap,termination,ncalls
3,19,95,4.0,655.051,3.6329568661612397,0.03595005169457455,0.009994435248214821,OPTIMAL,116885
