seed,dimension,time,solution,dual_gap,rel_dual_gap,termination,ncalls
4,110,140.454,-0.23983443317016423,0.0004871057742476814,0.002031008507865409,OPTIMAL,20507
