seed,dimension,time,solution,dual_gap,rel_dual_gap,termination,ncalls
8,20,10.126,-4.353810825089153,0.00846332482315848,0.0019438889660496853,OPTIMAL,464
