seed,dimension,time,solution,dual_gap,rel_dual_gap,termination,ncalls
7,75,19.976,-0.4686138273882191,0.0045692051681998636,0.009750470219084135,OPTIMAL,2623
