seed,dimension,p,k,Ns,time,solution,dual_gap,rel_dual_gap,termination,ncalls
2,50,50,25.0,1.0,1806.431,0.29674654871157585,0.03206981850438223,0.12116599173367984,Time limit reached,9095
