seed,dimension,time,solution,dual_gap,rel_dual_gap,termination,ncalls
7,85,583.312,-1.302055473348747,0.01278189907645011,0.009816708533605282,OPTIMAL,146599
