seed,dimension,var_A,p,k,M,time,solution,dual_gap,rel_dual_gap,termination,ncalls
5,10,1,50,10.0,0.1,961.293,0.6259370786103119,0.006194309076707594,0.009994967882189579,OPTIMAL,313065
