seed,dimension,p,k,Ns,time,solution,dual_gap,rel_dual_gap,termination,ncalls
6,50,50,25.0,5.0,1805.408,0.6408230565849934,0.025839866700083758,0.04201719189254512,Time limit reached,13723
