seed,n0,m0,M,time,solution,dual_gap,rel_dual_gap,termination,ncalls
8,2,15,20.0,9.456,0.4427752877117986,4.108690276893867e-8,9.279403734090426e-8,OPTIMAL,39
