seed,dimension,var_A,p,k,M,time,solution,dual_gap,rel_dual_gap,termination,ncalls
4,10,1,50,10.0,1.0,1801.593,0.6655233762530656,0.038713136643478085,0.06176213181774247,Time limit reached,233076
