seed,dimension,p,k,time,solution,dual_gap,rel_dual_gap,termination,ncalls
4,29,145,6.0,26.365,5.521068734094021,0.05401451474063368,0.009880003485135038,OPTIMAL,4069
