seed,dimension,p,k,time,solution,dual_gap,rel_dual_gap,termination,ncalls
3,17,85,4.0,193.563,3.5278768501750717,0.03491055268434984,0.00999452892214531,OPTIMAL,58996
