seed,dimension,p,k,Ns,time,solution,dual_gap,rel_dual_gap,termination,ncalls
8,50,50,25.0,0.1,1804.494,0.7126680211486925,0.013013837015434349,0.01860038474801102,Time limit reached,7974
