seed,dimension,time,solution,dual_gap,rel_dual_gap,termination,ncalls
3,70,504.249,-11.554259754058437,0.11497927486152726,0.009951245454832428,OPTIMAL,175734
