seed,dimension,time,solution,dual_gap,rel_dual_gap,termination,ncalls
4,95,1800.14,18.646584476493437,0.20256945216469902,0.010982936844146897,Time limit reached,163959
