seed,dimension,p,k,time,solution,dual_gap,rel_dual_gap,termination,ncalls
2,29,145,6.0,1800.051,2.3980753635788026,0.6452797193133999,0.36814315543546255,Time limit reached,101474
