seed,dimension,time,solution,dual_gap,rel_dual_gap,termination,ncalls
7,30,13.0,-0.26859811149935187,4.6264375386240175e-8,1.7224385952673316e-7,OPTIMAL,647
