seed,dimension,time,solution,dual_gap,rel_dual_gap,termination,ncalls
8,30,9.242,-0.19815612086606837,0.007909521544557513,0.03991560548313052,OPTIMAL,518
