seed,dimension,time,solution,dual_gap,rel_dual_gap,termination,ncalls
5,75,18.501,-0.26219862977149594,0.00010333938485024285,0.0003941263344522522,OPTIMAL,1868
