seed,dimension,time,solution,dual_gap,rel_dual_gap,termination,ncalls
2,105,25.709,-0.03548493932758018,0.011517319813600269,0.32456924069329296,OPTIMAL,3819
