seed,dimension,p,k,Ns,time,solution,dual_gap,rel_dual_gap,termination,ncalls
10,90,90,45.0,0.1,1818.24,0.8413702127272606,0.09002418402039425,0.11981720882365467,Time limit reached,1093
