seed,dimension,p,k,Ns,time,solution,dual_gap,rel_dual_gap,termination,ncalls
3,70,70,35.0,5.0,1809.246,-0.9394368465969277,0.09710458662206245,0.10336467743821197,Time limit reached,3930
