seed,dimension,time,solution,dual_gap,rel_dual_gap,termination,ncalls
3,65,23.481,-0.8244570982079985,0.007924290148730972,0.009611525167234099,OPTIMAL,3089
