seed,dimension,time,solution,dual_gap,rel_dual_gap,termination,ncalls
8,100,534.915,-1.3951013163699317,0.013562274338538627,0.009721354413045646,OPTIMAL,120002
