seed,dimension,time,solution,dual_gap,rel_dual_gap,termination,ncalls
5,115,1800.103,25.22438113864705,5.637250237365986,0.2878037761516819,Time limit reached,145424
