seed,dimension,time,solution,dual_gap,rel_dual_gap,termination,ncalls
7,30,8.391,-0.2685976171013498,0.004124004023570271,0.015353836970244466,OPTIMAL,633
