seed,n0,m0,M,time,solution,dual_gap,rel_dual_gap,termination,ncalls
7,2,18,20.0,9.532,4.155671012596181,4.337326497960703e-8,1.0437126832425224e-8,OPTIMAL,59
