seed,dimension,var_A,p,k,M,time,solution,dual_gap,rel_dual_gap,termination,ncalls
9,10,5,50,10.0,0.1,422.335,0.21877699085539198,0.0021622352122565025,0.009981938699590263,OPTIMAL,111418
