seed,dimension,p,k,time,solution,dual_gap,rel_dual_gap,termination,ncalls
3,25,125,5.0,1801.549,4.453860581740739,0.11739462097575348,0.02707149601493567,Time limit reached,232463
