seed,dimension,time,solution,dual_gap,rel_dual_gap,termination,ncalls
8,120,44.752,-0.48952055213144174,0.00373672947768372,0.007633447587467924,OPTIMAL,6763
