seed,dimension,var_A,p,k,M,time,solution,dual_gap,rel_dual_gap,termination,ncalls
1,10,5,50,10.0,1.0,1801.472,0.0902591366958451,0.02983488291304609,0.49375674576454925,Time limit reached,423068
