seed,dimension,time,solution,dual_gap,rel_dual_gap,termination,ncalls
4,45,60.967,-11.146883575095504,0.10722798405139855,0.009619548219824288,OPTIMAL,18464
