seed,dimension,time,solution,dual_gap,rel_dual_gap,termination,ncalls
4,70,16.499,-0.38184915299090433,0.06134876062879013,0.16066229333825827,OPTIMAL,1957
