seed,dimension,time,solution,dual_gap,rel_dual_gap,termination,ncalls
1,25,10.096,-0.5948559486180526,0.0022831759649749594,0.0038381997696739015,OPTIMAL,377
