seed,dimension,time,solution,dual_gap,rel_dual_gap,termination,ncalls
9,45,13.654,0.060107510234398365,5.185388229911325e-8,8.626863237311956e-7,OPTIMAL,897
