seed,dimension,time,solution,dual_gap,rel_dual_gap,termination,ncalls
4,30,9.031,-0.19418578069913983,0.0010812756161643344,0.005568253310161778,OPTIMAL,540
