seed,dimension,time,solution,dual_gap,rel_dual_gap,termination,ncalls
8,40,13.094,-1.8642457755726474,0.018459067407054608,0.009901627590591947,OPTIMAL,2053
