seed,dimension,p,k,time,solution,dual_gap,rel_dual_gap,termination,ncalls
3,30,150,6.0,1801.768,4.376387253689556,0.40840965454825007,0.10292640125706162,Time limit reached,153331
