seed,dimension,time,solution,dual_gap,rel_dual_gap,termination,ncalls
7,35,9.968,-0.9542642481453738,0.015769999136131196,0.016525819935914413,OPTIMAL,969
