seed,dimension,p,k,time,solution,dual_gap,rel_dual_gap,termination,ncalls
3,25,125,5.0,1460.664,4.453860581740739,0.044088764165281624,0.009997969507075795,OPTIMAL,234891
