seed,dimension,p,k,time,solution,dual_gap,rel_dual_gap,termination,ncalls
7,19,95,4.0,64.918,3.1937334111517086,0.03137228485971022,0.009920525710640627,OPTIMAL,6559
