seed,dimension,time,solution,dual_gap,rel_dual_gap,termination,ncalls
9,65,18.021,-0.13303934739742573,0.001193236901025574,0.008969052572552401,OPTIMAL,1547
