seed,dimension,p,k,time,solution,dual_gap,rel_dual_gap,termination,ncalls
2,18,90,4.0,522.735,1.908611422761826,0.018878348646753196,0.009989955145169684,OPTIMAL,62475
