seed,dimension,var_A,p,k,M,time,solution,dual_gap,rel_dual_gap,termination,ncalls
3,20,1,100,20.0,1.0,1801.438,0.6224864855894392,0.028662868470665015,0.0482683201616954,Time limit reached,257307
