seed,dimension,p,k,Ns,time,solution,dual_gap,rel_dual_gap,termination,ncalls
4,70,70,35.0,5.0,1801.949,0.5294348237488671,0.056649441762155694,0.11982062881070199,Time limit reached,10161
