seed,dimension,p,k,Ns,time,solution,dual_gap,rel_dual_gap,termination,ncalls
10,50,50,25.0,10.0,1801.814,0.5414094304643107,0.0712614787580475,0.15157245394651833,Time limit reached,31877
