seed,n0,m0,M,time,solution,dual_gap,rel_dual_gap,termination,ncalls
6,2,19,20.0,9.129,0.40531192181987985,4.223502569900006e-8,1.0420376955706263e-7,OPTIMAL,19
