seed,dimension,time,solution,dual_gap,rel_dual_gap,termination,ncalls
7,50,1800.016,3.0724240331621617,1.452816697938661,0.8970178550952147,Time limit reached,373912
