seed,dimension,p,k,Ns,time,solution,dual_gap,rel_dual_gap,termination,ncalls
8,70,70,35.0,1.0,1807.783,0.840623895935512,0.0334586944255133,0.04145210220029392,Time limit reached,2823
