seed,dimension,time,solution,dual_gap,rel_dual_gap,termination,ncalls
4,55,100.714,9.11070901180248,0.06431721373697386,0.007109709061100752,OPTIMAL,16551
