seed,dimension,p,k,time,solution,dual_gap,rel_dual_gap,termination,ncalls
2,27,135,6.0,1800.119,2.2484432009967756,0.5452546099815374,0.32013754252341575,Time limit reached,138914
