seed,dimension,time,solution,dual_gap,rel_dual_gap,termination,ncalls
4,65,12.326,-0.1380398411907916,0.0005864049904628077,0.004248085084742373,OPTIMAL,1606
