seed,dimension,time,solution,dual_gap,rel_dual_gap,termination,ncalls
1,50,15.531,-0.3978620784877366,0.002529524668122063,0.006357792825435187,OPTIMAL,1084
