seed,dimension,p,k,time,solution,dual_gap,rel_dual_gap,termination,ncalls
4,25,125,5.0,19.191,4.560058701673463,0.04511715867560717,0.00999285555437115,OPTIMAL,885
