seed,dimension,p,k,time,solution,dual_gap,rel_dual_gap,termination,ncalls
1,15,75,3.0,9.801,2.2335078624459115,0.021374999762946878,0.009662620235668128,OPTIMAL,268
