seed,dimension,p,k,Ns,time,solution,dual_gap,rel_dual_gap,termination,ncalls
6,90,90,45.0,0.1,1812.128,0.8394008620905159,0.09995090190664735,0.13516925727035536,Time limit reached,2602
