seed,dimension,time,solution,dual_gap,rel_dual_gap,termination,ncalls
3,75,168.485,-0.9800270543906411,0.00615085023378259,0.006276204525401649,OPTIMAL,35426
