seed,dimension,p,k,time,solution,dual_gap,rel_dual_gap,termination,ncalls
2,16,80,4.0,70.219,1.5377819611274637,0.014964463387741489,0.00982682653039701,OPTIMAL,13125
