seed,dimension,time,solution,dual_gap,rel_dual_gap,termination,ncalls
7,110,30.478,-0.04059815743271511,0.0014356434564092857,0.035362281127872194,OPTIMAL,3966
