seed,dimension,time,solution,dual_gap,rel_dual_gap,termination,ncalls
9,120,94.381,-0.43050685904275465,0.004256618968312309,0.009887459116858285,OPTIMAL,16377
