seed,dimension,p,k,Ns,time,solution,dual_gap,rel_dual_gap,termination,ncalls
5,50,50,25.0,5.0,1803.603,0.5109458822980257,0.06343503150816904,0.14175082323971855,Time limit reached,11508
