seed,dimension,p,k,Ns,time,solution,dual_gap,rel_dual_gap,termination,ncalls
9,70,70,35.0,10.0,1806.975,-2.648431895574762,0.11703184425522117,0.044189108449708865,Time limit reached,25512
