seed,dimension,var_A,p,k,M,time,solution,dual_gap,rel_dual_gap,termination,ncalls
7,20,1,100,20.0,1.0,1802.341,0.6674285228882575,0.05816570003711752,0.0954689796513795,Time limit reached,56823
