seed,dimension,var_A,p,k,M,time,solution,dual_gap,rel_dual_gap,termination,ncalls
10,20,5,100,20.0,0.1,1801.355,0.07276426911443162,0.005209566229898974,0.07711626293144068,Time limit reached,356225
