seed,dimension,time,solution,dual_gap,rel_dual_gap,termination,ncalls
7,25,11.874,-0.24333768073347384,0.01173488678558482,0.04822470054869128,OPTIMAL,352
