seed,dimension,var_A,p,k,M,time,solution,dual_gap,rel_dual_gap,termination,ncalls
5,15,1,75,15.0,0.1,1801.151,0.6931471805599453,0.06389132512189355,0.10153473276369607,Time limit reached,409606
