seed,dimension,time,solution,dual_gap,rel_dual_gap,termination,ncalls
3,50,19.839,-0.5862978836583138,0.0022432115795799623,0.0038260611919371597,OPTIMAL,4318
