seed,dimension,p,k,Ns,time,solution,dual_gap,rel_dual_gap,termination,ncalls
6,70,70,35.0,5.0,1814.957,0.12892144295539273,0.0607180284197516,0.8902491001828379,Time limit reached,4008
