seed,dimension,p,k,time,solution,dual_gap,rel_dual_gap,termination,ncalls
2,27,135,6.0,1800.012,2.2484432009967756,0.44067486799145983,0.24376733453387914,Time limit reached,258707
