seed,dimension,var_A,p,k,M,time,solution,dual_gap,rel_dual_gap,termination,ncalls
1,5,1,25,5.0,0.1,16.654,0.633054172702953,0.006179348450355948,0.009857388128041971,OPTIMAL,1659
