seed,dimension,p,k,time,solution,dual_gap,rel_dual_gap,termination,ncalls
2,29,145,6.0,1800.02,2.355426554757611,0.472650503971469,0.2510391524122673,Time limit reached,260222
