seed,dimension,var_A,p,k,M,time,solution,dual_gap,rel_dual_gap,termination,ncalls
1,5,1,25,5.0,1.0,87.804,0.6330541727029194,0.00619570855976137,0.00988374396161369,OPTIMAL,22905
