seed,dimension,time,solution,dual_gap,rel_dual_gap,termination,ncalls
2,45,10.167,-0.34716275483012854,0.002457586174193227,0.007079060584698256,OPTIMAL,1125
