seed,dimension,time,solution,dual_gap,rel_dual_gap,termination,ncalls
3,50,19.061,-0.5871793468338956,0.0019059891968676856,0.0032460085783753935,OPTIMAL,3081
