seed,dimension,time,solution,dual_gap,rel_dual_gap,termination,ncalls
9,40,23.752,-1.7161764253350142,0.004931534098187029,0.002873558933327234,OPTIMAL,5773
