seed,dimension,p,k,Ns,time,solution,dual_gap,rel_dual_gap,termination,ncalls
5,90,90,45.0,0.1,1826.54,0.8692761132992008,0.09095337741433096,0.11685817877454996,Time limit reached,1081
