seed,dimension,time,solution,dual_gap,rel_dual_gap,termination,ncalls
8,20,8.121,-4.351190281713546,0.0110838681987655,0.0025473186602173953,OPTIMAL,464
