seed,dimension,p,k,time,solution,dual_gap,rel_dual_gap,termination,ncalls
3,24,120,5.0,1800.012,4.032486027842033,0.19701504676836024,0.051366585157478974,Time limit reached,249469
