seed,dimension,time,solution,dual_gap,rel_dual_gap,termination,ncalls
1,25,8.6,-0.594259669001755,0.002879455581272561,0.004845450114609843,OPTIMAL,377
