seed,dimension,p,k,Ns,time,solution,dual_gap,rel_dual_gap,termination,ncalls
7,70,70,35.0,10.0,1807.572,0.5419275251170035,0.047786589121131595,0.09670639617182174,Time limit reached,4340
