seed,dimension,p,k,time,solution,dual_gap,rel_dual_gap,termination,ncalls
3,24,120,5.0,1801.448,4.032486027759986,0.1691398063042051,0.043780649366825346,Time limit reached,296936
