seed,dimension,time,solution,dual_gap,rel_dual_gap,termination,ncalls
7,25,15.533,4.055233437085842,0.03620194497110063,0.009007629087288348,OPTIMAL,2576
