seed,dimension,p,k,Ns,time,solution,dual_gap,rel_dual_gap,termination,ncalls
9,50,50,25.0,5.0,1805.988,0.17219055341236017,0.052745327010085205,0.44158589337380677,Time limit reached,9393
