seed,dimension,p,k,time,solution,dual_gap,rel_dual_gap,termination,ncalls
2,22,110,5.0,1800.037,2.0943011403534477,0.2173147915257374,0.115778567948277,Time limit reached,172493
