seed,dimension,time,solution,dual_gap,rel_dual_gap,termination,ncalls
4,80,15.436,-0.2674479001418675,0.003159807051854091,0.01181466390342932,OPTIMAL,2193
