seed,dimension,p,k,time,solution,dual_gap,rel_dual_gap,termination,ncalls
5,23,115,5.0,21.705,5.519353385927931,0.05380208649470308,0.009843853537754244,OPTIMAL,2076
