seed,dimension,p,k,time,solution,dual_gap,rel_dual_gap,termination,ncalls
6,18,90,4.0,9.212,3.555907125819637,0.024123824873572897,0.006830494064318955,OPTIMAL,55
