seed,dimension,p,k,time,solution,dual_gap,rel_dual_gap,termination,ncalls
3,30,150,6.0,1800.01,4.319300767044491,0.09795881973071818,0.02320561114293376,Time limit reached,353067
