seed,dimension,p,k,time,solution,dual_gap,rel_dual_gap,termination,ncalls
1,16,80,4.0,77.532,2.250303004538984,0.022039860985788806,0.009891049470326011,OPTIMAL,11633
