seed,dimension,time,solution,dual_gap,rel_dual_gap,termination,ncalls
6,65,534.471,5.112315201071447,0.04547688104391501,0.008975396129014018,OPTIMAL,85955
