seed,dimension,var_A,p,k,M,time,solution,dual_gap,rel_dual_gap,termination,ncalls
2,5,5,25,5.0,1.0,127.817,0.15519907526447274,0.0014602172894796484,0.009498036532294033,OPTIMAL,32471
