seed,dimension,p,k,time,solution,dual_gap,rel_dual_gap,termination,ncalls
8,19,95,4.0,7.725,3.3212935734001694,0.02963762079458787,0.00900386347216135,OPTIMAL,55
