seed,dimension,var_A,p,k,M,time,solution,dual_gap,rel_dual_gap,termination,ncalls
9,20,1,100,20.0,0.1,1801.478,0.5333985796277708,0.022581913890205696,0.04420747286621866,Time limit reached,366991
