seed,dimension,p,k,time,solution,dual_gap,rel_dual_gap,termination,ncalls
7,26,130,6.0,1801.607,4.277812685027019,0.11874786046325436,0.028551577210799924,Time limit reached,221668
