seed,dimension,time,solution,dual_gap,rel_dual_gap,termination,ncalls
7,60,12.302,-0.28331250177334016,0.003228061353603373,0.011393995441069291,OPTIMAL,1495
