seed,dimension,p,k,Ns,time,solution,dual_gap,rel_dual_gap,termination,ncalls
7,90,90,45.0,1.0,1802.058,0.11566953655749482,0.05255947583140738,0.8328224569380137,Time limit reached,9307
