seed,dimension,time,solution,dual_gap,rel_dual_gap,termination,ncalls
2,20,9.744,-10.16823625803453,0.05432528275948201,0.0053426456054811245,OPTIMAL,445
