seed,dimension,var_A,p,k,M,time,solution,dual_gap,rel_dual_gap,termination,ncalls
3,10,1,50,10.0,0.1,1801.332,0.6931471805599454,0.03656994621030041,0.05569785898306966,Time limit reached,211007
