seed,dimension,p,k,Ns,time,solution,dual_gap,rel_dual_gap,termination,ncalls
1,90,90,45.0,0.1,1816.085,0.836027139905809,0.07767706049084033,0.10242902664527248,Time limit reached,1012
