seed,dimension,time,solution,dual_gap,rel_dual_gap,termination,ncalls
8,25,9.294,-11.015493895532131,0.07532581074839051,0.006838169169967272,OPTIMAL,1025
