seed,dimension,p,k,Ns,time,solution,dual_gap,rel_dual_gap,termination,ncalls
6,50,50,25.0,0.1,1804.941,0.909050701593275,0.026872292600926384,0.030461290286644793,Time limit reached,5319
