seed,dimension,time,solution,dual_gap,rel_dual_gap,termination,ncalls
2,40,13.438,-0.4593541976219869,0.004448699208031481,0.00968468173592792,OPTIMAL,1711
