seed,dimension,time,solution,dual_gap,rel_dual_gap,termination,ncalls
9,35,9.265,0.20876409029951215,0.07957440751380562,0.6159501734035505,OPTIMAL,744
