seed,dimension,time,solution,dual_gap,rel_dual_gap,termination,ncalls
5,95,41.72,-0.816658853366452,0.014070185426631743,0.017228963316360636,OPTIMAL,4981
