seed,dimension,time,solution,dual_gap,rel_dual_gap,termination,ncalls
9,65,13.374,-0.13303934746429646,0.0011943367179825248,0.008977319422759849,OPTIMAL,1533
