seed,dimension,p,k,Ns,time,solution,dual_gap,rel_dual_gap,termination,ncalls
7,70,70,35.0,5.0,1810.783,0.5412762140641039,0.046895530388164464,0.09485712516005969,Time limit reached,4720
