seed,dimension,time,solution,dual_gap,rel_dual_gap,termination,ncalls
5,35,7.065,-0.36945514293971593,0.010831553375441061,0.029317641349516813,OPTIMAL,777
