seed,dimension,time,solution,dual_gap,rel_dual_gap,termination,ncalls
6,75,1800.012,-10.84497049462766,0.9729976528728308,0.08971879207553683,Time limit reached,532748
