seed,dimension,time,solution,dual_gap,rel_dual_gap,termination,ncalls
9,30,13.878,5.928429051887901,0.030634257767561124,0.00519418847839555,OPTIMAL,1765
