seed,dimension,time,solution,dual_gap,rel_dual_gap,termination,ncalls
10,35,13.722,-2.5582208594808695,0.020469281956127627,0.008001374033155755,OPTIMAL,1145
