seed,dimension,p,k,Ns,time,solution,dual_gap,rel_dual_gap,termination,ncalls
8,50,50,25.0,1.0,1803.81,-0.205855338816655,0.022964949381822114,0.1115586776317511,Time limit reached,38990
