seed,dimension,time,solution,dual_gap,rel_dual_gap,termination,ncalls
6,55,29.447,-0.42352113216380577,0.000432637453615492,0.0010215250686668458,OPTIMAL,5219
