seed,dimension,p,k,time,solution,dual_gap,rel_dual_gap,termination,ncalls
3,29,145,6.0,1800.179,4.6434855914450495,0.32624209357504075,0.07556722101405637,Time limit reached,149399
