seed,dimension,time,solution,dual_gap,rel_dual_gap,termination,ncalls
6,20,7.271,1.6345951570202115,0.002354222258744265,0.0014423252159696063,OPTIMAL,464
