seed,dimension,time,solution,dual_gap,rel_dual_gap,termination,ncalls
7,65,184.769,13.91925643146901,0.13652663841993906,0.009905631211662613,OPTIMAL,22160
