seed,dimension,time,solution,dual_gap,rel_dual_gap,termination,ncalls
7,70,157.987,22.01141186405133,0.17398820834647566,0.007967432930258814,OPTIMAL,20472
