seed,dimension,time,solution,dual_gap,rel_dual_gap,termination,ncalls
10,105,30.368,-0.20371114846026916,0.04189691636968362,0.2056682547143707,OPTIMAL,3993
