seed,dimension,time,solution,dual_gap,rel_dual_gap,termination,ncalls
7,75,19.624,-0.4686526425030963,0.0031163681433536983,0.0066496331413155516,OPTIMAL,2292
