seed,dimension,p,k,Ns,time,solution,dual_gap,rel_dual_gap,termination,ncalls
8,50,50,25.0,5.0,1803.185,-0.20122475807575974,0.030038615742269764,0.14927892586140137,Time limit reached,33277
