seed,dimension,var_A,p,k,M,time,solution,dual_gap,rel_dual_gap,termination,ncalls
2,15,1,75,15.0,0.1,1801.615,0.6931471805599453,0.06399575811078295,0.10171757676659157,Time limit reached,117221
