seed,dimension,time,solution,dual_gap,rel_dual_gap,termination,ncalls
1,40,198.476,8.098852387127241,0.07575429924316524,0.009442025812642637,OPTIMAL,37667
