seed,dimension,time,solution,dual_gap,rel_dual_gap,termination,ncalls
3,90,23.555,-0.5421447790844409,0.001782322732485686,0.0032875401576228833,OPTIMAL,3038
