seed,dimension,p,k,time,solution,dual_gap,rel_dual_gap,termination,ncalls
4,22,110,5.0,58.793,5.233157398042667,0.04952833490908315,0.009554760633111836,OPTIMAL,5606
