seed,dimension,time,solution,dual_gap,rel_dual_gap,termination,ncalls
6,85,61.647,-0.3591934454363468,0.002152982194622177,0.005993935084218319,OPTIMAL,10536
