seed,dimension,p,k,time,solution,dual_gap,rel_dual_gap,termination,ncalls
10,21,105,5.0,15.485,3.082173404888214,0.027827490640581765,0.009110785556663586,OPTIMAL,645
