seed,dimension,var_A,p,k,M,time,solution,dual_gap,rel_dual_gap,termination,ncalls
10,5,5,25,5.0,1.0,212.25,0.180220380350245,0.0017686520723987909,0.009911095227080292,OPTIMAL,59145
