seed,dimension,p,k,time,solution,dual_gap,rel_dual_gap,termination,ncalls
3,15,75,3.0,31.799,3.3580743194150378,0.03321012894330755,0.009988416681342918,OPTIMAL,6649
