seed,dimension,time,solution,dual_gap,rel_dual_gap,termination,ncalls
7,60,250.971,4.908722066306754,0.04508146434112792,0.009269078048840283,OPTIMAL,33553
