seed,dimension,time,solution,dual_gap,rel_dual_gap,termination,ncalls
5,80,414.259,18.396277358554315,0.181864932997577,0.009984671959135029,OPTIMAL,65815
