seed,dimension,time,solution,dual_gap,rel_dual_gap,termination,ncalls
1,40,10.605,-0.1771522893866181,0.0006664969852497871,0.00376228265272497,OPTIMAL,1010
