seed,dimension,time,solution,dual_gap,rel_dual_gap,termination,ncalls
4,55,189.704,9.11070901180248,0.08803116277249501,0.009756655867078209,OPTIMAL,29367
