seed,dimension,var_A,p,k,M,time,solution,dual_gap,rel_dual_gap,termination,ncalls
2,20,1,100,20.0,0.1,1801.163,0.6931471805599454,0.06164198304949142,0.09761120461478229,Time limit reached,314147
