seed,dimension,time,solution,dual_gap,rel_dual_gap,termination,ncalls
9,45,9.368,0.06010751163351641,0.010849060333975258,0.2202476945123997,OPTIMAL,813
