seed,dimension,p,k,Ns,time,solution,dual_gap,rel_dual_gap,termination,ncalls
6,50,50,25.0,1.0,1807.595,0.6408045808419952,0.026318285311163092,0.042829735182991664,Time limit reached,6738
