seed,n0,m0,M,time,solution,dual_gap,rel_dual_gap,termination,ncalls
1,3,28,20.0,7.62,2.140254855895619,6.086559478646336e-8,2.8438480749021998e-8,OPTIMAL,101
