seed,dimension,time,solution,dual_gap,rel_dual_gap,termination,ncalls
7,105,30.812,-0.17436537605128533,0.0006692021312062479,0.0038379301347614934,OPTIMAL,6010
