seed,dimension,p,k,time,solution,dual_gap,rel_dual_gap,termination,ncalls
2,22,110,5.0,1801.335,2.069724617321463,0.051012268964630625,0.02526970670494634,Time limit reached,367316
