seed,dimension,time,solution,dual_gap,rel_dual_gap,termination,ncalls
4,60,12.981,-0.41707713606213853,0.0038358681239169523,0.009197023265608745,OPTIMAL,1416
