seed,dimension,time,solution,dual_gap,rel_dual_gap,termination,ncalls
10,70,16.938,-0.26539418828596467,0.0012314992768278077,0.004640264674902587,OPTIMAL,2054
