seed,dimension,p,k,time,solution,dual_gap,rel_dual_gap,termination,ncalls
10,24,120,5.0,11.823,2.5919150187022093,0.021980322786502526,0.008552872110499526,OPTIMAL,400
