seed,dimension,time,solution,dual_gap,rel_dual_gap,termination,ncalls
5,85,20.018,-0.20239253990425082,0.0006370450809414785,0.0031475719472805466,OPTIMAL,3439
