seed,n0,m0,M,time,solution,dual_gap,rel_dual_gap,termination,ncalls
1,2,17,20.0,13.362,2.8504539680521126,6.682881803499185e-8,2.3444974151769915e-8,OPTIMAL,59
