seed,dimension,time,solution,dual_gap,rel_dual_gap,termination,ncalls
3,25,10.515,-1.7242305681112127,0.017086801159693188,0.009909812223321568,OPTIMAL,1090
