seed,dimension,p,k,time,solution,dual_gap,rel_dual_gap,termination,ncalls
2,16,80,4.0,447.298,1.5377815557831882,0.015140553917634136,0.009943613694287614,OPTIMAL,60270
