seed,dimension,var_A,p,k,M,time,solution,dual_gap,rel_dual_gap,termination,ncalls
9,10,5,50,10.0,1.0,1801.409,0.24349329535223507,0.07066846168297505,0.40890224039338796,Time limit reached,220681
