seed,dimension,time,solution,dual_gap,rel_dual_gap,termination,ncalls
6,50,14.065,-0.24210862997158328,0.0005268989086116282,0.0021762913146609903,OPTIMAL,1875
