seed,dimension,var_A,p,k,M,time,solution,dual_gap,rel_dual_gap,termination,ncalls
8,5,1,25,5.0,1.0,74.602,0.6431172079102089,0.006348536145797334,0.009969925386257277,OPTIMAL,30162
