seed,dimension,time,solution,dual_gap,rel_dual_gap,termination,ncalls
9,100,24.513,0.16081072112706996,0.0011867391126908489,0.007434591580254815,OPTIMAL,4083
