seed,dimension,time,solution,dual_gap,rel_dual_gap,termination,ncalls
5,40,96.939,6.8235525136778294,0.06357138758403469,0.009404077673922286,OPTIMAL,17339
