seed,dimension,time,solution,dual_gap,rel_dual_gap,termination,ncalls
1,40,108.735,8.098852387127241,0.07961056315084036,0.009927442630900096,OPTIMAL,21420
