seed,dimension,p,k,Ns,time,solution,dual_gap,rel_dual_gap,termination,ncalls
10,50,50,25.0,1.0,1804.346,0.5397472033020508,0.07051745580925872,0.1502834297826396,Time limit reached,6844
