seed,dimension,time,solution,dual_gap,rel_dual_gap,termination,ncalls
6,80,29.377,-0.5379532094592923,0.004551126961335528,0.008460079578129031,OPTIMAL,4430
