seed,dimension,time,solution,dual_gap,rel_dual_gap,termination,ncalls
2,20,9.958,-10.16823625803453,0.08930310558208276,0.008782556120440165,OPTIMAL,353
