seed,dimension,p,k,time,solution,dual_gap,rel_dual_gap,termination,ncalls
4,25,125,5.0,15.101,4.560058701673463,0.042248317898684995,0.009351503119833274,OPTIMAL,810
