seed,dimension,p,k,time,solution,dual_gap,rel_dual_gap,termination,ncalls
8,22,110,5.0,8.187,3.4205385181369294,0.029345585320667222,0.008653469708754313,OPTIMAL,89
