seed,dimension,p,k,Ns,time,solution,dual_gap,rel_dual_gap,termination,ncalls
4,70,70,35.0,1.0,1801.942,0.5297678963076655,0.056356089480872895,0.11904242494207991,Time limit reached,24832
