seed,dimension,time,solution,dual_gap,rel_dual_gap,termination,ncalls
10,35,9.34,-2.5563904822408072,0.008915556826095017,0.0034875567281411855,OPTIMAL,899
