seed,dimension,p,k,time,solution,dual_gap,rel_dual_gap,termination,ncalls
2,20,100,4.0,82.784,1.7116317565128987,0.01694674657133688,0.009999938910134844,OPTIMAL,14370
