seed,dimension,p,k,time,solution,dual_gap,rel_dual_gap,termination,ncalls
8,24,120,5.0,10.076,3.2150222899024037,0.02190554150447621,0.006860238203149575,OPTIMAL,130
