seed,dimension,time,solution,dual_gap,rel_dual_gap,termination,ncalls
2,110,1801.651,-0.9859971006487216,0.9421841419099488,0.9555648199067251,Time limit reached,357005
