seed,dimension,time,solution,dual_gap,rel_dual_gap,termination,ncalls
7,45,48.388,-2.085306643336115,0.017481040499771616,0.008382959194818993,OPTIMAL,15570
