seed,dimension,p,k,time,solution,dual_gap,rel_dual_gap,termination,ncalls
7,29,145,6.0,1800.002,4.048275096032361,0.10861315090476253,0.02756915502333659,Time limit reached,171124
