seed,dimension,time,solution,dual_gap,rel_dual_gap,termination,ncalls
8,120,1800.027,9.631946946280278,2.73621240573169,0.3967978160473114,Time limit reached,176965
