seed,dimension,time,solution,dual_gap,rel_dual_gap,termination,ncalls
4,55,15.353,-0.42681213059484857,0.001946737099293494,0.004561110052285356,OPTIMAL,978
