seed,dimension,time,solution,dual_gap,rel_dual_gap,termination,ncalls
10,50,10.977,0.015598866599106032,0.0009028262446636459,0.06143329923496947,OPTIMAL,1059
