seed,dimension,var_A,p,k,M,time,solution,dual_gap,rel_dual_gap,termination,ncalls
7,10,1,50,10.0,1.0,1801.333,0.4274189740615033,0.036602330246501946,0.09365601702426006,Time limit reached,521921
