seed,dimension,p,k,time,solution,dual_gap,rel_dual_gap,termination,ncalls
2,18,90,4.0,378.638,1.9086114227602864,0.01883374134637794,0.00996611481424988,OPTIMAL,60496
