seed,dimension,time,solution,dual_gap,rel_dual_gap,termination,ncalls
1,110,1800.008,-47.294349148131815,3.676656394284336,0.07773986661215251,Time limit reached,342322
