seed,dimension,time,solution,dual_gap,rel_dual_gap,termination,ncalls
7,55,29.851,-0.4888052809904961,0.0007783778128739871,0.001592408763049189,OPTIMAL,5772
