seed,dimension,p,k,Ns,time,solution,dual_gap,rel_dual_gap,termination,ncalls
2,70,70,35.0,5.0,1806.639,0.28582501996519755,0.038534079732759935,0.15582487452447863,Time limit reached,4377
