seed,dimension,time,solution,dual_gap,rel_dual_gap,termination,ncalls
6,20,8.751,1.6345951570202115,0.0030103318391112577,0.001845035448142956,OPTIMAL,527
