seed,dimension,time,solution,dual_gap,rel_dual_gap,termination,ncalls
2,20,8.43,-10.139436507769817,0.0885481297737698,0.008733042482776598,OPTIMAL,529
