seed,dimension,time,solution,dual_gap,rel_dual_gap,termination,ncalls
4,25,8.321,-0.3393696126619775,0.0057815044378581315,0.017036010951330182,OPTIMAL,254
