seed,dimension,time,solution,dual_gap,rel_dual_gap,termination,ncalls
2,70,386.652,-1.2729099421545946,0.012411692242142003,0.009750644433755711,OPTIMAL,139715
