seed,dimension,p,k,time,solution,dual_gap,rel_dual_gap,termination,ncalls
8,30,150,6.0,11.226,3.985746549412991,0.03641923873102071,0.009221630892054838,OPTIMAL,193
