seed,dimension,time,solution,dual_gap,rel_dual_gap,termination,ncalls
7,100,1800.147,8.8061193962182,0.11879660158017558,0.01367470789199856,Time limit reached,219577
