seed,dimension,p,k,Ns,time,solution,dual_gap,rel_dual_gap,termination,ncalls
7,50,50,25.0,5.0,1803.884,0.1868425611725297,0.024169938257201012,0.14858024555109986,Time limit reached,40350
