seed,dimension,p,k,Ns,time,solution,dual_gap,rel_dual_gap,termination,ncalls
7,50,50,25.0,0.1,1803.318,0.7742116418497522,0.006040089116957081,0.007862942978647503,Time limit reached,18362
