seed,dimension,p,k,time,solution,dual_gap,rel_dual_gap,termination,ncalls
2,30,150,6.0,1800.071,2.4379929949236283,0.6442216819569324,0.3591437087325598,Time limit reached,137293
