seed,dimension,p,k,time,solution,dual_gap,rel_dual_gap,termination,ncalls
4,20,100,4.0,28.225,5.58043616690493,0.05408250953685734,0.009786291810107236,OPTIMAL,4060
