seed,dimension,p,k,time,solution,dual_gap,rel_dual_gap,termination,ncalls
4,18,90,4.0,14.073,4.507734990471111,0.038755742592081255,0.008672168842689227,OPTIMAL,1332
