seed,dimension,p,k,Ns,time,solution,dual_gap,rel_dual_gap,termination,ncalls
6,50,50,25.0,10.0,1801.957,0.6408045808419942,0.02541597443835475,0.04130069061058332,Time limit reached,62814
