seed,dimension,p,k,time,solution,dual_gap,rel_dual_gap,termination,ncalls
2,23,115,5.0,1658.525,2.149508843388025,0.021281301612711356,0.00999954243377521,OPTIMAL,267295
