seed,dimension,p,k,time,solution,dual_gap,rel_dual_gap,termination,ncalls
1,23,115,5.0,39.074,1.8673957031119208,0.01830662207689282,0.009900346210819483,OPTIMAL,5005
