seed,dimension,time,solution,dual_gap,rel_dual_gap,termination,ncalls
6,105,25.998,-0.44171957797400996,0.003874970235404951,0.00877246657976511,OPTIMAL,4381
