seed,dimension,p,k,time,solution,dual_gap,rel_dual_gap,termination,ncalls
8,15,75,3.0,8.918,2.6567380141428654,0.0037281010236593914,0.0014052344867706036,OPTIMAL,11
