seed,dimension,time,solution,dual_gap,rel_dual_gap,termination,ncalls
9,105,1193.472,21.642701570326835,0.21329121390431283,0.009953200314743525,OPTIMAL,119868
