seed,dimension,p,k,Ns,time,solution,dual_gap,rel_dual_gap,termination,ncalls
6,50,50,25.0,1.0,1801.596,0.6408045808419952,0.025490847959375507,0.04142739971031699,Time limit reached,56212
