seed,dimension,time,solution,dual_gap,rel_dual_gap,termination,ncalls
4,115,658.455,32.55709720621315,0.2949538305737178,0.009142412738653693,OPTIMAL,83911
