seed,dimension,time,solution,dual_gap,rel_dual_gap,termination,ncalls
6,95,1800.251,8.969032402525135,6.764286400189633,3.0680569975063694,Time limit reached,122046
