seed,dimension,time,solution,dual_gap,rel_dual_gap,termination,ncalls
6,70,16.065,0.010341203644245067,0.0013132778372965115,0.14546839056715732,OPTIMAL,2189
