seed,dimension,p,k,Ns,time,solution,dual_gap,rel_dual_gap,termination,ncalls
10,70,70,35.0,10.0,1801.91,0.9973938131105916,0.018574635712682586,0.018976575185277185,Time limit reached,21374
