seed,dimension,p,k,time,solution,dual_gap,rel_dual_gap,termination,ncalls
3,28,140,6.0,1800.103,4.363373393383866,0.253826881157976,0.06176518027058259,Time limit reached,121919
