seed,dimension,p,k,Ns,time,solution,dual_gap,rel_dual_gap,termination,ncalls
10,50,50,25.0,10.0,1804.376,0.5041681366742824,0.034015922547686206,0.07235087175092375,Time limit reached,32630
