seed,dimension,time,solution,dual_gap,rel_dual_gap,termination,ncalls
4,80,15.474,-0.26750609512763507,0.0002561681310802588,0.0009576160534137864,OPTIMAL,2057
