seed,dimension,time,solution,dual_gap,rel_dual_gap,termination,ncalls
9,120,152.749,-0.43087792434703226,0.002925324842500854,0.006789219584489029,OPTIMAL,37128
