seed,dimension,time,solution,dual_gap,rel_dual_gap,termination,ncalls
3,110,1800.071,-10.583246575312089,3.4009039408328583,0.321347888536044,Time limit reached,279389
