seed,dimension,time,solution,dual_gap,rel_dual_gap,termination,ncalls
9,80,21.553,-0.5731547399898286,0.005540285182732085,0.00966629916177681,OPTIMAL,2672
