seed,dimension,p,k,time,solution,dual_gap,rel_dual_gap,termination,ncalls
2,25,125,5.0,1503.796,1.8317048856028446,0.018134848175874296,0.009999530098988282,OPTIMAL,253349
