seed,dimension,time,solution,dual_gap,rel_dual_gap,termination,ncalls
4,75,25.197,0.07325732737194679,0.02810089945700922,0.62230120393809,OPTIMAL,2169
