seed,dimension,p,k,time,solution,dual_gap,rel_dual_gap,termination,ncalls
3,20,100,4.0,168.122,3.4232738207320144,0.03377892262566906,0.009965768836100265,OPTIMAL,31420
