seed,dimension,time,solution,dual_gap,rel_dual_gap,termination,ncalls
9,85,18.835,-0.10533279019150943,0.0003199845005880664,0.0030378432015926928,OPTIMAL,2053
