seed,dimension,time,solution,dual_gap,rel_dual_gap,termination,ncalls
9,45,15.295,0.06010751416323129,0.0035776262728393626,0.0632873406679342,OPTIMAL,873
