seed,dimension,var_A,p,k,M,time,solution,dual_gap,rel_dual_gap,termination,ncalls
3,15,1,75,15.0,1.0,1802.181,0.6931471805599453,0.12372620787340849,0.2172842480487966,Time limit reached,169204
