seed,dimension,time,solution,dual_gap,rel_dual_gap,termination,ncalls
2,80,14.519,-0.2764572320420092,0.0008108040928465621,0.0029328373392791397,OPTIMAL,2072
