seed,dimension,p,k,time,solution,dual_gap,rel_dual_gap,termination,ncalls
2,22,110,5.0,1800.011,2.072178339129685,0.14110605670371523,0.07307134900535486,Time limit reached,205811
