seed,dimension,p,k,Ns,time,solution,dual_gap,rel_dual_gap,termination,ncalls
7,90,90,45.0,5.0,16.277,-12565.263113646068,3.6080410836402734,0.00028714409328379966,OPTIMAL,30
