seed,dimension,time,solution,dual_gap,rel_dual_gap,termination,ncalls
2,30,13.269,-5.964209770427987,0.050304583861118246,0.008434408881884185,OPTIMAL,1658
