seed,dimension,time,solution,dual_gap,rel_dual_gap,termination,ncalls
6,55,19.682,-0.42352145114300455,0.003461808954913992,0.008173869223320855,OPTIMAL,3872
