seed,dimension,time,solution,dual_gap,rel_dual_gap,termination,ncalls
9,30,17.294,5.928429051887901,0.046776288338481464,0.007952915654655756,OPTIMAL,2394
