seed,dimension,time,solution,dual_gap,rel_dual_gap,termination,ncalls
10,55,13.487,-0.17411793714361007,0.0005163467756996443,0.002965500190102577,OPTIMAL,1088
