seed,dimension,var_A,p,k,M,time,solution,dual_gap,rel_dual_gap,termination,ncalls
2,15,5,75,15.0,0.1,1801.726,0.6931471805599453,0.41127008818554395,1.4590404800943428,Time limit reached,125024
