seed,dimension,time,solution,dual_gap,rel_dual_gap,termination,ncalls
5,85,25.267,-0.20231661538937323,0.0007114734577858828,0.0035166338484686472,OPTIMAL,3715
