seed,dimension,time,solution,dual_gap,rel_dual_gap,termination,ncalls
2,105,21.732,-0.03548493932765001,2.3910162183504724e-8,6.738115560162118e-7,OPTIMAL,3819
