seed,dimension,time,solution,dual_gap,rel_dual_gap,termination,ncalls
7,85,597.071,-1.302068845633956,0.012577790786817644,0.009659850805119082,OPTIMAL,149715
