seed,dimension,p,k,Ns,time,solution,dual_gap,rel_dual_gap,termination,ncalls
4,50,50,25.0,0.1,1805.358,0.4799528044676502,0.008023001368784644,0.017000412595480623,Time limit reached,9868
