seed,dimension,p,k,Ns,time,solution,dual_gap,rel_dual_gap,termination,ncalls
7,70,70,35.0,1.0,1801.822,0.5380874348374264,0.04287303394073727,0.08657469141266225,Time limit reached,25016
