seed,dimension,time,solution,dual_gap,rel_dual_gap,termination,ncalls
4,120,1801.546,-0.1885787095444419,13.166797397577788,69.82122971031787,Time limit reached,468455
