seed,dimension,p,k,Ns,time,solution,dual_gap,rel_dual_gap,termination,ncalls
1,50,50,25.0,1.0,1805.193,0.5168328907091084,0.02939095914550477,0.0602963291467872,Time limit reached,36320
