seed,dimension,time,solution,dual_gap,rel_dual_gap,termination,ncalls
2,50,12.491,0.21808608808808466,0.0019000709170014507,0.008789055563652809,OPTIMAL,1128
