seed,dimension,time,solution,dual_gap,rel_dual_gap,termination,ncalls
8,20,8.046,-4.346379937622516,0.02395855366281019,0.005512300812780669,OPTIMAL,315
