seed,dimension,time,solution,dual_gap,rel_dual_gap,termination,ncalls
10,75,19.564,-0.6025018022064453,0.004801043878357558,0.00796851372190999,OPTIMAL,3468
