seed,dimension,time,solution,dual_gap,rel_dual_gap,termination,ncalls
7,70,12.576,0.15383885226758448,0.002274083187105702,0.015004035574376759,OPTIMAL,1776
