seed,dimension,p,k,Ns,time,solution,dual_gap,rel_dual_gap,termination,ncalls
8,70,70,35.0,0.1,1813.932,0.9428759082602531,0.0322555761705966,0.0354215418148832,Time limit reached,2002
