seed,dimension,time,solution,dual_gap,rel_dual_gap,termination,ncalls
1,20,9.8,-2.594074729734092,0.0048700187996733035,0.0018773625693399008,OPTIMAL,365
