seed,dimension,time,solution,dual_gap,rel_dual_gap,termination,ncalls
2,105,26.049,-0.03548493932761759,0.001165419696143033,0.03284265714485801,OPTIMAL,3826
