seed,dimension,time,solution,dual_gap,rel_dual_gap,termination,ncalls
1,95,22.387,-0.03257544061508849,0.06381921740727842,1.9591206197750781,OPTIMAL,3733
