seed,dimension,time,solution,dual_gap,rel_dual_gap,termination,ncalls
8,60,58.684,-2.9591055420625807,0.028807312037445243,0.009735141794694395,OPTIMAL,18730
