seed,dimension,p,k,time,solution,dual_gap,rel_dual_gap,termination,ncalls
7,28,140,6.0,1800.228,4.096105250978201,0.10105322434467601,0.02529459533217384,Time limit reached,133977
