seed,dimension,p,k,Ns,time,solution,dual_gap,rel_dual_gap,termination,ncalls
2,50,50,25.0,1.0,1801.831,0.29674654871157585,0.03210013023948166,0.12129440641898005,Time limit reached,8039
