seed,dimension,time,solution,dual_gap,rel_dual_gap,termination,ncalls
1,80,613.027,20.417363511271507,0.19574209406644272,0.009679841691621248,OPTIMAL,76257
