seed,dimension,time,solution,dual_gap,rel_dual_gap,termination,ncalls
10,110,50.904,-0.23205329196867036,0.00031623676643754983,0.0013627764715367413,OPTIMAL,8080
