seed,dimension,p,k,Ns,time,solution,dual_gap,rel_dual_gap,termination,ncalls
4,90,90,45.0,0.1,1809.134,0.4381259172059552,0.019593286781431574,0.0468142394574058,Time limit reached,10124
