seed,dimension,p,k,Ns,time,solution,dual_gap,rel_dual_gap,termination,ncalls
7,50,50,25.0,5.0,1801.79,0.22559359007699387,0.06309070407391282,0.38824359139514986,Time limit reached,17943
