seed,dimension,p,k,time,solution,dual_gap,rel_dual_gap,termination,ncalls
7,19,95,4.0,22.74,3.1937334111517086,0.03149941505184284,0.009961127193842255,OPTIMAL,2940
