seed,dimension,time,solution,dual_gap,rel_dual_gap,termination,ncalls
10,70,16.633,-0.2654294599213914,0.001126316159744234,0.004243372834642393,OPTIMAL,2106
