seed,dimension,p,k,Ns,time,solution,dual_gap,rel_dual_gap,termination,ncalls
10,70,70,35.0,5.0,1815.685,0.9971470436774174,0.01925595088016341,0.019691304095103095,Time limit reached,3950
