seed,dimension,p,k,time,solution,dual_gap,rel_dual_gap,termination,ncalls
7,30,150,6.0,1801.706,4.603735167703079,0.2728606081687035,0.06300358147478635,Time limit reached,141167
