seed,dimension,p,k,Ns,time,solution,dual_gap,rel_dual_gap,termination,ncalls
2,50,50,25.0,10.0,1802.412,0.29412725211384577,0.029323204984728124,0.11073548649515247,Time limit reached,11586
