seed,dimension,time,solution,dual_gap,rel_dual_gap,termination,ncalls
8,25,7.028,-11.005415194302833,0.0692896905285636,0.0062959633330719545,OPTIMAL,1008
