seed,dimension,p,k,time,solution,dual_gap,rel_dual_gap,termination,ncalls
7,23,115,5.0,552.61,3.351295718306617,0.033160829763907884,0.009993816067698134,OPTIMAL,84721
