seed,dimension,time,solution,dual_gap,rel_dual_gap,termination,ncalls
3,120,1800.289,37.13028787025724,1.6459829816180758,0.046386225876022785,Time limit reached,154376
