seed,dimension,var_A,p,k,M,time,solution,dual_gap,rel_dual_gap,termination,ncalls
3,5,1,25,5.0,0.1,26.348,0.6595374915715047,0.006514474190160269,0.009975872238445196,OPTIMAL,4926
