seed,dimension,p,k,time,solution,dual_gap,rel_dual_gap,termination,ncalls
4,22,110,5.0,32.573,5.233157398042667,0.049932455945794096,0.009633472693854173,OPTIMAL,4063
