seed,dimension,p,k,Ns,time,solution,dual_gap,rel_dual_gap,termination,ncalls
4,50,50,25.0,0.1,1803.559,0.47880180423135565,0.004640754951042603,0.009787296864823445,Time limit reached,24641
