seed,dimension,time,solution,dual_gap,rel_dual_gap,termination,ncalls
8,20,8.009,-4.346691438476726,0.025386868658056727,0.00584050398271505,OPTIMAL,311
