seed,dimension,time,solution,dual_gap,rel_dual_gap,termination,ncalls
4,110,133.154,-0.23983443317032016,0.0004872332397939383,0.0020315399809498,OPTIMAL,20085
