seed,dimension,p,k,time,solution,dual_gap,rel_dual_gap,termination,ncalls
3,30,150,6.0,1800.382,4.319300767044491,0.30061331677537684,0.07480385585976487,Time limit reached,113099
