seed,dimension,p,k,Ns,time,solution,dual_gap,rel_dual_gap,termination,ncalls
6,50,50,25.0,0.1,1802.304,0.909050701593275,0.026869005876837715,0.03045745112067516,Time limit reached,5427
