seed,dimension,p,k,Ns,time,solution,dual_gap,rel_dual_gap,termination,ncalls
4,90,90,45.0,1.0,1801.79,-1.3631633489115382,0.23934511246707935,0.17558065411470472,Time limit reached,14547
