seed,dimension,p,k,time,solution,dual_gap,rel_dual_gap,termination,ncalls
3,23,115,5.0,672.491,4.014525717592983,0.03972747577141078,0.00999484083328075,OPTIMAL,153509
