seed,dimension,time,solution,dual_gap,rel_dual_gap,termination,ncalls
10,50,38.02,9.607112863357726,0.08670990822114355,0.009107798128897537,OPTIMAL,4696
