seed,dimension,p,k,time,solution,dual_gap,rel_dual_gap,termination,ncalls
3,19,95,4.0,195.415,3.632956866161044,0.035862351222731625,0.00996981065518281,OPTIMAL,54012
