seed,dimension,var_A,p,k,M,time,solution,dual_gap,rel_dual_gap,termination,ncalls
9,20,1,100,20.0,1.0,1801.156,0.6931471805599454,0.22723609831304198,0.48772417521638006,Time limit reached,310181
