seed,dimension,p,k,time,solution,dual_gap,rel_dual_gap,termination,ncalls
3,21,105,5.0,156.556,3.718586133585336,0.036762865829808256,0.0099849621115082,OPTIMAL,30644
