seed,dimension,time,solution,dual_gap,rel_dual_gap,termination,ncalls
6,85,54.524,-0.35857338553949064,0.0027581511151905103,0.0076920129223777755,OPTIMAL,8301
