seed,dimension,p,k,time,solution,dual_gap,rel_dual_gap,termination,ncalls
3,15,75,3.0,56.348,3.3580743194150378,0.03230561144344035,0.009713727646184903,OPTIMAL,9317
