seed,dimension,time,solution,dual_gap,rel_dual_gap,termination,ncalls
7,50,1800.078,3.0724240331621617,2.6673088632870945,6.584075496628925,Time limit reached,198963
