seed,dimension,time,solution,dual_gap,rel_dual_gap,termination,ncalls
9,20,8.245,-0.138699866379017,0.006805427190057722,0.04906585253269769,OPTIMAL,348
