seed,dimension,p,k,time,solution,dual_gap,rel_dual_gap,termination,ncalls
5,24,120,5.0,34.779,5.482109670783845,0.05356300428212801,0.009866914217142628,OPTIMAL,3916
