seed,dimension,time,solution,dual_gap,rel_dual_gap,termination,ncalls
8,20,8.708,-4.224283350954455,0.021335470761229658,0.005050672265251577,OPTIMAL,806
