seed,dimension,p,k,Ns,time,solution,dual_gap,rel_dual_gap,termination,ncalls
1,50,50,25.0,1.0,1804.927,0.509489455318796,0.02205539623913816,0.045247958833204566,Time limit reached,39069
