seed,dimension,time,solution,dual_gap,rel_dual_gap,termination,ncalls
9,50,1800.091,-0.596084546122059,0.45470911355620025,0.7628265428359058,Time limit reached,269693
