seed,dimension,var_A,p,k,M,time,solution,dual_gap,rel_dual_gap,termination,ncalls
9,20,1,100,20.0,1.0,1801.713,0.6931471805599454,0.22977382913823896,0.49587191070279435,Time limit reached,99226
