seed,dimension,var_A,p,k,M,time,solution,dual_gap,rel_dual_gap,termination,ncalls
6,5,1,25,5.0,1.0,106.351,0.6095638239990273,0.006034592983974685,0.00999884127207117,OPTIMAL,47875
