seed,dimension,p,k,Ns,time,solution,dual_gap,rel_dual_gap,termination,ncalls
10,50,50,25.0,1.0,1804.98,0.5397472033020508,0.07043366744026258,0.15007806521268785,Time limit reached,7972
