seed,dimension,p,k,time,solution,dual_gap,rel_dual_gap,termination,ncalls
2,22,110,5.0,1801.382,2.069724617321463,0.11640557290668996,0.059593732646765755,Time limit reached,262612
