seed,dimension,p,k,Ns,time,solution,dual_gap,rel_dual_gap,termination,ncalls
2,50,50,25.0,1.0,1804.374,0.29674654871157585,0.03211092083596745,0.12134012753211423,Time limit reached,7704
