seed,dimension,var_A,p,k,M,time,solution,dual_gap,rel_dual_gap,termination,ncalls
2,20,5,100,20.0,0.1,1801.225,0.6931471805599454,0.40204477883708084,1.3811111707001156,Time limit reached,280800
