seed,dimension,time,solution,dual_gap,rel_dual_gap,termination,ncalls
7,105,38.071,-0.17436537605151148,0.0006689721941923743,0.003836611426770558,OPTIMAL,6308
