seed,dimension,time,solution,dual_gap,rel_dual_gap,termination,ncalls
10,50,19.046,0.015598866396912991,9.055434779803306e-8,5.80522142967993e-6,OPTIMAL,1118
