seed,dimension,p,k,time,solution,dual_gap,rel_dual_gap,termination,ncalls
9,30,150,6.0,10.875,2.6758642589822386,0.02385082391466753,0.008993477785326465,OPTIMAL,435
