seed,dimension,p,k,Ns,time,solution,dual_gap,rel_dual_gap,termination,ncalls
8,70,70,35.0,10.0,1810.609,0.8239742884462351,0.015682751680395124,0.01940234552392496,Time limit reached,25968
