seed,dimension,p,k,Ns,time,solution,dual_gap,rel_dual_gap,termination,ncalls
10,90,90,45.0,0.1,1801.696,0.8413702127272606,0.08844148287645348,0.11746328619174641,Time limit reached,20640
