seed,dimension,var_A,p,k,M,time,solution,dual_gap,rel_dual_gap,termination,ncalls
7,5,1,25,5.0,0.1,10.902,0.6236465617884889,0.006165258003150376,0.009984525791073456,OPTIMAL,1304
