seed,dimension,time,solution,dual_gap,rel_dual_gap,termination,ncalls
7,100,29.725,-0.5763522668432686,0.013560343315225376,0.023527873655284734,OPTIMAL,4367
