seed,dimension,time,solution,dual_gap,rel_dual_gap,termination,ncalls
8,80,28.78,-0.77982963511524,0.02438432723263073,0.03126878761029301,OPTIMAL,3695
