seed,dimension,p,k,Ns,time,solution,dual_gap,rel_dual_gap,termination,ncalls
2,70,70,35.0,10.0,1814.717,0.285750203476161,0.03839735007432474,0.15523309938109528,Time limit reached,4622
