seed,dimension,p,k,Ns,time,solution,dual_gap,rel_dual_gap,termination,ncalls
9,90,90,45.0,0.1,1820.116,0.5088896281060962,0.028970578801129354,0.0603655529887497,Time limit reached,2110
