seed,dimension,time,solution,dual_gap,rel_dual_gap,termination,ncalls
7,105,44.766,-0.17436537605147423,0.0007752823794625607,0.0044463092215835925,OPTIMAL,4431
