seed,dimension,time,solution,dual_gap,rel_dual_gap,termination,ncalls
6,35,11.112,-13.954669016510882,0.1298544795407306,0.009305450339745744,OPTIMAL,2188
