seed,dimension,time,solution,dual_gap,rel_dual_gap,termination,ncalls
8,100,939.119,-1.3964230331087952,0.010107738668063027,0.007238307037632151,OPTIMAL,276952
