seed,dimension,p,k,time,solution,dual_gap,rel_dual_gap,termination,ncalls
4,16,80,4.0,12.315,4.873912590274357,0.04615962989201616,0.009561307355784933,OPTIMAL,1001
