seed,dimension,p,k,Ns,time,solution,dual_gap,rel_dual_gap,termination,ncalls
5,70,70,35.0,0.1,1807.983,0.4712555964337673,0.025259193544461545,0.05663541988416162,Time limit reached,2960
