seed,dimension,time,solution,dual_gap,rel_dual_gap,termination,ncalls
5,90,344.908,-0.758392715854522,0.009280166322959471,0.01223662375567915,OPTIMAL,92858
