seed,dimension,time,solution,dual_gap,rel_dual_gap,termination,ncalls
4,105,1800.051,28.79427705775312,3.0945300721684355,0.12041091587026895,Time limit reached,167295
