seed,dimension,time,solution,dual_gap,rel_dual_gap,termination,ncalls
10,65,12.602,-0.19471070484257746,0.007818958048839919,0.04015679597668502,OPTIMAL,1392
