seed,dimension,time,solution,dual_gap,rel_dual_gap,termination,ncalls
2,80,478.325,11.009298728836544,0.09763804480758331,0.008948046281396279,OPTIMAL,56851
