seed,dimension,time,solution,dual_gap,rel_dual_gap,termination,ncalls
9,120,93.657,-0.43065436523443607,0.0035881476321181216,0.008331850137324941,OPTIMAL,15695
