seed,dimension,var_A,p,k,M,time,solution,dual_gap,rel_dual_gap,termination,ncalls
4,20,5,100,20.0,1.0,1801.421,0.3106050513066139,0.07840510722178476,0.3376620417838739,Time limit reached,254133
