seed,dimension,time,solution,dual_gap,rel_dual_gap,termination,ncalls
4,85,1800.012,-5.204575447140543,2.11773533545907,0.40689876762620075,Time limit reached,512846
