seed,dimension,p,k,time,solution,dual_gap,rel_dual_gap,termination,ncalls
10,22,110,5.0,10.164,3.009951121912594,0.02607648660232309,0.008739136119775887,OPTIMAL,130
