seed,dimension,p,k,Ns,time,solution,dual_gap,rel_dual_gap,termination,ncalls
10,70,70,35.0,5.0,1801.962,0.9971470436774174,0.018225964838942788,0.018618421068804195,Time limit reached,26775
