seed,dimension,time,solution,dual_gap,rel_dual_gap,termination,ncalls
2,20,8.373,-10.139436507769817,0.0903699731977401,0.008912721444479669,OPTIMAL,468
