seed,dimension,p,k,Ns,time,solution,dual_gap,rel_dual_gap,termination,ncalls
6,50,50,25.0,10.0,14.794,-77.8833624178709,7.3068093797701295e-9,9.381733341925578e-11,OPTIMAL,128
