seed,dimension,time,solution,dual_gap,rel_dual_gap,termination,ncalls
8,95,25.358,-0.8063172547581088,0.006246330890761875,0.0077467409433470994,OPTIMAL,4242
