seed,dimension,time,solution,dual_gap,rel_dual_gap,termination,ncalls
2,65,175.806,17.475556187178498,0.14934406903937258,0.008619545231298513,OPTIMAL,26847
