seed,dimension,time,solution,dual_gap,rel_dual_gap,termination,ncalls
4,55,10.081,-0.42671853706147694,0.0018793824451249774,0.004404267173549615,OPTIMAL,889
