seed,dimension,time,solution,dual_gap,rel_dual_gap,termination,ncalls
2,85,19.337,-0.26963487057258695,0.00025689470592565877,0.0009527503077777973,OPTIMAL,2484
