seed,dimension,time,solution,dual_gap,rel_dual_gap,termination,ncalls
5,90,286.294,-0.7583907420123113,0.007328517101787946,0.009663247051701192,OPTIMAL,53030
