seed,dimension,time,solution,dual_gap,rel_dual_gap,termination,ncalls
1,95,28.341,-0.03257544061416462,0.0012855534915089395,0.03946388651301768,OPTIMAL,3959
