seed,dimension,time,solution,dual_gap,rel_dual_gap,termination,ncalls
6,55,21.846,-0.4235213852996723,0.0034366223418436093,0.00811440097508169,OPTIMAL,4337
