seed,dimension,p,k,Ns,time,solution,dual_gap,rel_dual_gap,termination,ncalls
10,50,50,25.0,1.0,1804.378,0.5397472033020508,0.07042473185488818,0.15005616849696649,Time limit reached,8375
