seed,dimension,time,solution,dual_gap,rel_dual_gap,termination,ncalls
1,55,11.826,0.3987037738637442,0.0044715312679021735,0.011342378387062283,OPTIMAL,1325
