seed,dimension,time,solution,dual_gap,rel_dual_gap,termination,ncalls
1,45,9.271,-0.4494690414534109,0.000860787700174892,0.0019151212225683753,OPTIMAL,844
