seed,dimension,time,solution,dual_gap,rel_dual_gap,termination,ncalls
1,60,48.28,-0.5014203701313314,0.004618870138177411,0.009211572591212523,OPTIMAL,12779
