seed,dimension,time,solution,dual_gap,rel_dual_gap,termination,ncalls
7,45,100.954,-2.084422412170995,0.019928002890058583,0.009560443590367514,OPTIMAL,25079
