seed,dimension,time,solution,dual_gap,rel_dual_gap,termination,ncalls
1,65,12.907,-0.17394992625350708,0.00042949083790808085,0.002469048692105563,OPTIMAL,1246
