seed,dimension,time,solution,dual_gap,rel_dual_gap,termination,ncalls
1,65,143.318,14.605036632131924,0.13967013701703124,0.009655485539491814,OPTIMAL,23690
