seed,dimension,var_A,p,k,M,time,solution,dual_gap,rel_dual_gap,termination,ncalls
7,5,1,25,5.0,0.1,16.039,0.6236465617884889,0.00456897948910473,0.007380301952034154,OPTIMAL,2443
