seed,dimension,time,solution,dual_gap,rel_dual_gap,termination,ncalls
5,20,10.035,-10.31894143962969,0.013315793442529866,0.0012904224256366865,OPTIMAL,253
