seed,dimension,time,solution,dual_gap,rel_dual_gap,termination,ncalls
7,30,6.622,-0.2685970045147899,0.002702835584271368,0.01006279124055734,OPTIMAL,498
