seed,dimension,p,k,Ns,time,solution,dual_gap,rel_dual_gap,termination,ncalls
4,90,90,45.0,0.1,1821.257,0.4381259172059552,0.020187920398916703,0.04830362530602223,Time limit reached,1289
