seed,dimension,time,solution,dual_gap,rel_dual_gap,termination,ncalls
2,95,1800.038,2.847123627488698,1.9083969239466585,2.032963286061664,Time limit reached,266002
