seed,dimension,time,solution,dual_gap,rel_dual_gap,termination,ncalls
5,100,41.093,-1.8763783325821715,0.01501224720269434,0.008000650477580014,OPTIMAL,8828
