seed,dimension,p,k,Ns,time,solution,dual_gap,rel_dual_gap,termination,ncalls
10,50,50,25.0,10.0,12.298,0.8661406604567691,0.004954768906420104,0.005753425543816431,OPTIMAL,28
