seed,dimension,time,solution,dual_gap,rel_dual_gap,termination,ncalls
10,85,25.743,-0.08884046206500751,0.029774984672338523,0.33515116851318466,OPTIMAL,3393
