seed,dimension,p,k,time,solution,dual_gap,rel_dual_gap,termination,ncalls
3,22,110,5.0,291.949,3.5577863670987497,0.02723101204474876,0.00771295428232487,OPTIMAL,54251
