seed,dimension,p,k,time,solution,dual_gap,rel_dual_gap,termination,ncalls
3,19,95,4.0,592.707,3.632956866161044,0.035950051694378704,0.009994435248160375,OPTIMAL,116885
