seed,dimension,time,solution,dual_gap,rel_dual_gap,termination,ncalls
5,65,22.168,-0.4141124922331635,0.002340105801117376,0.005650894008287472,OPTIMAL,1713
