seed,dimension,var_A,p,k,M,time,solution,dual_gap,rel_dual_gap,termination,ncalls
5,5,5,25,5.0,1.0,117.033,0.26174990052069796,0.0025646704201463533,0.009895125656471175,OPTIMAL,52743
