seed,dimension,p,k,Ns,time,solution,dual_gap,rel_dual_gap,termination,ncalls
9,90,90,45.0,5.0,14.237,-2.224705035985826e6,4.7031790018081665e-8,2.1140685734655437e-14,OPTIMAL,18
