seed,dimension,time,solution,dual_gap,rel_dual_gap,termination,ncalls
7,115,1703.039,10.372055177712,0.10213482540572905,0.009945045521486744,OPTIMAL,221301
