seed,dimension,time,solution,dual_gap,rel_dual_gap,termination,ncalls
6,95,147.06,-0.7510610821823115,0.004519295059917217,0.006017213735513737,OPTIMAL,25764
