seed,num_v,time,solution,dual_gap,rel_dual_gap,number_nodes,termination,ncalls
3,8,1801.44,-0.9868809399417389,0.44129604905975217,0.44716239943371927,22899,Time limit reached,323647
