seed,dimension,p,k,time,solution,dual_gap,rel_dual_gap,termination,ncalls
3,16,80,4.0,309.742,3.048834351864469,0.03011741122014877,0.0099768914450523,OPTIMAL,59376
