seed,dimension,time,solution,dual_gap,rel_dual_gap,termination,ncalls
2,45,133.013,5.830242767434988,0.05498083606653115,0.009520059301189715,OPTIMAL,35369
