seed,dimension,var_A,p,k,M,time,solution,dual_gap,rel_dual_gap,termination,ncalls
7,5,5,25,5.0,1.0,142.674,0.27290913148978924,0.0011025983574504683,0.004056555759510125,OPTIMAL,63348
