seed,dimension,p,k,Ns,time,solution,dual_gap,rel_dual_gap,termination,ncalls
10,70,70,35.0,1.0,13.901,-32.23666016735797,4.799680652922689e-8,1.4888889320435015e-9,OPTIMAL,115
