seed,dimension,time,solution,dual_gap,rel_dual_gap,termination,ncalls
3,90,25.355,-0.5424034687802144,0.0682717620904596,0.12586896290319224,OPTIMAL,3411
