seed,dimension,time,solution,dual_gap,rel_dual_gap,termination,ncalls
4,80,376.866,15.604545326924146,0.1373747287418503,0.008881697390600619,OPTIMAL,41347
