seed,dimension,time,solution,dual_gap,rel_dual_gap,termination,ncalls
9,100,24.121,0.16081072112757633,0.001186739382869173,0.007434593285407273,OPTIMAL,4550
