seed,dimension,time,solution,dual_gap,rel_dual_gap,termination,ncalls
10,80,22.358,-0.2073591693427867,0.00020415370690263224,0.0009845414965235731,OPTIMAL,2699
