seed,dimension,p,k,Ns,time,solution,dual_gap,rel_dual_gap,termination,ncalls
2,50,50,25.0,5.0,1802.855,0.2971152116194541,0.0320631994447968,0.12096946249051148,Time limit reached,14033
