seed,dimension,time,solution,dual_gap,rel_dual_gap,termination,ncalls
7,40,39.332,5.2592356920605745,0.044995664389159806,0.008629381108344193,OPTIMAL,7708
