seed,dimension,time,solution,dual_gap,rel_dual_gap,termination,ncalls
5,75,18.933,-0.2622444441958745,6.530352180983412e-5,0.00024901775139631895,OPTIMAL,2117
