seed,dimension,time,solution,dual_gap,rel_dual_gap,termination,ncalls
1,100,126.974,-0.8238588324349687,0.005025757336838188,0.006100265165555406,OPTIMAL,34778
