seed,dimension,time,solution,dual_gap,rel_dual_gap,termination,ncalls
4,55,226.218,9.11070901180248,0.08777838199373633,0.009728367156425421,OPTIMAL,28900
