seed,dimension,p,k,Ns,time,solution,dual_gap,rel_dual_gap,termination,ncalls
2,50,50,25.0,10.0,1801.897,0.29412725211384577,0.028608216517558682,0.10774450296308144,Time limit reached,65916
