seed,dimension,p,k,Ns,time,solution,dual_gap,rel_dual_gap,termination,ncalls
10,50,50,25.0,0.1,1803.289,0.8328507229982246,0.004508506559004477,0.005442806692124318,Time limit reached,27877
