seed,dimension,p,k,time,solution,dual_gap,rel_dual_gap,termination,ncalls
1,29,145,6.0,451.825,2.067935512304311,0.02044228476562937,0.00998405488754818,OPTIMAL,73648
