seed,dimension,time,solution,dual_gap,rel_dual_gap,termination,ncalls
10,65,13.657,-0.19471070521815226,0.007778438288294859,0.03994869352242324,OPTIMAL,1524
