seed,n0,m0,M,time,solution,dual_gap,rel_dual_gap,termination,ncalls
8,2,21,20.0,6.928,1.0971610544385286,6.39916626354875e-8,5.8324770195688553e-8,OPTIMAL,39
