seed,dimension,time,solution,dual_gap,rel_dual_gap,termination,ncalls
10,70,20.12,-0.2657838396697336,0.03283012847751937,0.12352191359081315,OPTIMAL,2135
