seed,dimension,time,solution,dual_gap,rel_dual_gap,termination,ncalls
5,115,1800.021,25.22438113864705,2.594847222737865,0.11466640154323356,Time limit reached,161707
