seed,dimension,time,solution,dual_gap,rel_dual_gap,termination,ncalls
4,120,1651.315,-0.3251347196031998,0.0008732228031092526,0.002685726102013803,OPTIMAL,319175
