seed,dimension,p,k,time,solution,dual_gap,rel_dual_gap,termination,ncalls
3,28,140,6.0,1800.148,4.363373393383866,0.2610484110418758,0.06363425914951404,Time limit reached,166587
