seed,dimension,time,solution,dual_gap,rel_dual_gap,termination,ncalls
5,30,8.552,-0.357645812939671,0.0019775662460795873,0.00552939856844674,OPTIMAL,453
