seed,dimension,p,k,time,solution,dual_gap,rel_dual_gap,termination,ncalls
7,30,150,6.0,1800.101,4.615624407950921,0.2614393728212763,0.060043239024519766,Time limit reached,148141
