seed,dimension,var_A,p,k,M,time,solution,dual_gap,rel_dual_gap,termination,ncalls
2,10,1,50,10.0,0.1,1801.408,0.6484994987895639,0.007350402179768678,0.011464419459740968,Time limit reached,562327
