seed,dimension,time,solution,dual_gap,rel_dual_gap,termination,ncalls
8,50,12.973,-0.23031351595835514,0.0010751143737349755,0.004668047245344366,OPTIMAL,1103
