seed,dimension,time,solution,dual_gap,rel_dual_gap,termination,ncalls
4,110,174.473,-0.23983443317040393,0.000522413181828163,0.00217822426464087,OPTIMAL,31981
