seed,n0,m0,M,time,solution,dual_gap,rel_dual_gap,termination,ncalls
5,2,15,20.0,9.244,0.4872728372600649,5.7724846458384604e-8,1.1846515726457166e-7,OPTIMAL,64
