seed,dimension,time,solution,dual_gap,rel_dual_gap,termination,ncalls
10,35,10.29,-2.558213713028721,0.009830770563831859,0.003842826153954515,OPTIMAL,1113
