seed,dimension,p,k,time,solution,dual_gap,rel_dual_gap,termination,ncalls
1,18,90,4.0,13.116,2.1566595398692447,0.021183545692563754,0.009919823847390489,OPTIMAL,1086
