seed,dimension,time,solution,dual_gap,rel_dual_gap,termination,ncalls
2,95,126.782,-1.1118430282694618,0.006961562920572151,0.006261282162651628,OPTIMAL,32651
