seed,dimension,p,k,time,solution,dual_gap,rel_dual_gap,termination,ncalls
3,28,140,6.0,1800.006,4.363373393383866,0.06295100074637094,0.014638329679927654,Time limit reached,318626
