seed,dimension,p,k,Ns,time,solution,dual_gap,rel_dual_gap,termination,ncalls
7,90,90,45.0,10.0,1806.688,0.1145091530557168,0.05255465259372897,0.8482782074237507,Time limit reached,2400
