seed,dimension,time,solution,dual_gap,rel_dual_gap,termination,ncalls
7,75,16.509,-0.46811721224448705,0.003708463169843912,0.007922082488834154,OPTIMAL,2500
