seed,dimension,var_A,p,k,M,time,solution,dual_gap,rel_dual_gap,termination,ncalls
7,10,1,50,10.0,0.1,8.189,0.4994724354454023,0.004377389052029279,0.008841512521519487,OPTIMAL,104
