seed,dimension,time,solution,dual_gap,rel_dual_gap,termination,ncalls
8,20,5.254,-4.346427329511638,0.023649941095081672,0.005441236975136305,OPTIMAL,272
