seed,dimension,p,k,Ns,time,solution,dual_gap,rel_dual_gap,termination,ncalls
8,90,90,45.0,10.0,11.575,-12396.190259000172,3.350032784510404e-8,2.702469641491776e-12,OPTIMAL,44
