seed,dimension,time,solution,dual_gap,rel_dual_gap,termination,ncalls
4,65,13.186,-0.13803964899072618,0.0005768406275180049,0.004178803928694128,OPTIMAL,1634
