seed,dimension,time,solution,dual_gap,rel_dual_gap,termination,ncalls
7,95,150.637,-0.8839081150303897,0.01298168395752064,0.01468668941575937,OPTIMAL,28365
