seed,dimension,time,solution,dual_gap,rel_dual_gap,termination,ncalls
10,45,34.149,9.328100522892324,0.06180703409363986,0.006670092434300043,OPTIMAL,4469
