seed,dimension,p,k,time,solution,dual_gap,rel_dual_gap,termination,ncalls
2,23,115,5.0,1790.82,2.149508807366485,0.021275891455204476,0.009996975094285874,OPTIMAL,283747
