seed,dimension,time,solution,dual_gap,rel_dual_gap,termination,ncalls
7,65,12.413,0.18762702051223312,0.0007628172758701868,0.004082201206323641,OPTIMAL,1681
