seed,dimension,p,k,time,solution,dual_gap,rel_dual_gap,termination,ncalls
4,28,140,6.0,87.401,5.8042455912059845,0.05680732109065101,0.009883937577203602,OPTIMAL,5918
