seed,dimension,p,k,time,solution,dual_gap,rel_dual_gap,termination,ncalls
7,28,140,6.0,1802.201,4.096105250978201,0.05047408092962424,0.012476194395402136,Time limit reached,211977
