seed,dimension,var_A,p,k,M,time,solution,dual_gap,rel_dual_gap,termination,ncalls
5,20,1,100,20.0,1.0,1801.629,0.6931471805599454,0.32286757389643833,0.8719561328416485,Time limit reached,76392
