seed,dimension,p,k,time,solution,dual_gap,rel_dual_gap,termination,ncalls
2,22,110,5.0,1800.054,2.0943011403534477,0.2131283015499983,0.11329543843805549,Time limit reached,181274
