seed,dimension,p,k,time,solution,dual_gap,rel_dual_gap,termination,ncalls
7,15,75,3.0,14.459,3.1573096230195286,0.030752512397220766,0.009835902978628082,OPTIMAL,1618
