seed,dimension,time,solution,dual_gap,rel_dual_gap,termination,ncalls
9,50,26.359,-2.3790802524290644,0.00823597580569757,0.003461831855940361,OPTIMAL,6811
