seed,dimension,p,k,time,solution,dual_gap,rel_dual_gap,termination,ncalls
10,26,130,6.0,16.425,3.02700127548009,0.029922718215695365,0.009983961929582367,OPTIMAL,505
