seed,dimension,p,k,Ns,time,solution,dual_gap,rel_dual_gap,termination,ncalls
5,90,90,45.0,0.1,1824.653,0.8692761132992008,0.09073198358162338,0.11654057890660233,Time limit reached,1206
