seed,dimension,p,k,time,solution,dual_gap,rel_dual_gap,termination,ncalls
1,16,80,4.0,38.08,2.250303004538984,0.02205172393126187,0.009896426010466643,OPTIMAL,6550
