seed,dimension,time,solution,dual_gap,rel_dual_gap,termination,ncalls
6,25,8.573,-1.4107800251245082,0.012844249584518685,0.009104360251616915,OPTIMAL,548
