seed,dimension,time,solution,dual_gap,rel_dual_gap,termination,ncalls
7,20,7.64,-0.3379702224618053,0.033910045875074624,0.10033441889664367,OPTIMAL,507
