seed,dimension,p,k,time,solution,dual_gap,rel_dual_gap,termination,ncalls
7,29,145,6.0,1143.291,4.048275096032361,0.04005700841089421,0.00999371978650608,OPTIMAL,172717
