seed,dimension,time,solution,dual_gap,rel_dual_gap,termination,ncalls
9,65,181.074,12.769778326187105,0.1260746745207797,0.009971340518105564,OPTIMAL,26886
