seed,dimension,p,k,time,solution,dual_gap,rel_dual_gap,termination,ncalls
6,24,120,5.0,12.697,5.446785231708145,0.052815736178574824,0.009791626782900348,OPTIMAL,328
