seed,dimension,time,solution,dual_gap,rel_dual_gap,termination,ncalls
7,75,19.938,-0.4686526425030963,0.0015590518176214485,0.003326668146571153,OPTIMAL,2444
