seed,dimension,time,solution,dual_gap,rel_dual_gap,termination,ncalls
1,40,10.358,-0.17715720378178262,0.0005672601989796244,0.0032020159884571216,OPTIMAL,921
