seed,dimension,p,k,Ns,time,solution,dual_gap,rel_dual_gap,termination,ncalls
4,50,50,25.0,0.1,1804.32,0.47890826050237123,0.004231331591183107,0.00891412944987429,Time limit reached,33417
