seed,dimension,p,k,Ns,time,solution,dual_gap,rel_dual_gap,termination,ncalls
7,50,50,25.0,5.0,1805.746,0.22559359007699387,0.06328789886087494,0.3899302506688051,Time limit reached,10553
