seed,dimension,time,solution,dual_gap,rel_dual_gap,termination,ncalls
9,110,698.832,29.181177527822847,0.2867647939434228,0.009924575958146534,OPTIMAL,63899
