seed,dimension,p,k,time,solution,dual_gap,rel_dual_gap,termination,ncalls
7,25,125,5.0,130.285,3.8324391592107374,0.03790097816462357,0.009988298010530142,OPTIMAL,18037
