seed,dimension,p,k,Ns,time,solution,dual_gap,rel_dual_gap,termination,ncalls
8,90,90,45.0,0.1,1827.071,0.6336920308984719,0.014833582275176171,0.023969265198164072,Time limit reached,1228
