seed,dimension,time,solution,dual_gap,rel_dual_gap,termination,ncalls
4,45,40.537,-11.175605285822654,0.0700458315021919,0.006267743868070563,OPTIMAL,14773
