seed,dimension,time,solution,dual_gap,rel_dual_gap,termination,ncalls
9,80,21.661,-0.5742550867280652,0.00105082239220744,0.0018298878259741913,OPTIMAL,2545
