seed,dimension,p,k,Ns,time,solution,dual_gap,rel_dual_gap,termination,ncalls
3,50,50,25.0,10.0,1804.175,0.5024275782277788,0.018971417575046667,0.03924123657754749,Time limit reached,39348
