seed,dimension,p,k,Ns,time,solution,dual_gap,rel_dual_gap,termination,ncalls
2,70,70,35.0,0.1,1811.675,0.8635729374480843,0.047362792753497196,0.05802769429093484,Time limit reached,1866
