seed,dimension,p,k,time,solution,dual_gap,rel_dual_gap,termination,ncalls
9,17,85,4.0,9.557,2.3354428480125677,0.022224895115183774,0.00960778256426133,OPTIMAL,101
