seed,dimension,time,solution,dual_gap,rel_dual_gap,termination,ncalls
10,80,19.915,-0.2073591920203321,0.00039756147089939353,0.0019172599344446308,OPTIMAL,2737
