seed,dimension,p,k,Ns,time,solution,dual_gap,rel_dual_gap,termination,ncalls
6,70,70,35.0,5.0,1807.388,0.1291576448029713,0.06074028316227205,0.8877904921451933,Time limit reached,6915
