seed,dimension,time,solution,dual_gap,rel_dual_gap,termination,ncalls
10,95,37.569,-0.03513393824872879,0.0021894797137551603,0.06231808396356989,OPTIMAL,3207
