seed,dimension,time,solution,dual_gap,rel_dual_gap,termination,ncalls
1,70,192.788,-27.91418214538017,0.10523464572783325,0.003769934765767433,OPTIMAL,53190
