seed,dimension,p,k,time,solution,dual_gap,rel_dual_gap,termination,ncalls
7,20,100,4.0,53.101,3.5343833384124004,0.03487037822334038,0.009964351788386153,OPTIMAL,7673
