seed,dimension,time,solution,dual_gap,rel_dual_gap,termination,ncalls
6,100,28.589,-0.09693406023529216,0.0030166629644203247,0.031120773823956723,OPTIMAL,3977
