seed,n0,m0,M,time,solution,dual_gap,rel_dual_gap,termination,ncalls
2,2,17,20.0,6.678,3.2896187047479772,6.360634019486611e-8,1.9335475364643488e-8,OPTIMAL,16
