seed,dimension,p,k,Ns,time,solution,dual_gap,rel_dual_gap,termination,ncalls
1,70,70,35.0,10.0,1801.841,-1.4468192034163698,0.1998547889704374,0.13813390677876053,Time limit reached,14653
