seed,dimension,var_A,p,k,M,time,solution,dual_gap,rel_dual_gap,termination,ncalls
1,5,5,25,5.0,0.1,13.781,0.28694865548636417,0.002239010804371777,0.007864190223947803,OPTIMAL,2069
