seed,dimension,p,k,time,solution,dual_gap,rel_dual_gap,termination,ncalls
3,26,130,6.0,1800.055,4.063474839873491,0.337885980314347,0.09069330864230943,Time limit reached,174228
