seed,dimension,p,k,time,solution,dual_gap,rel_dual_gap,termination,ncalls
3,21,105,5.0,412.455,3.718586133585336,0.03680497831324514,0.009996514393731037,OPTIMAL,50439
