seed,dimension,time,solution,dual_gap,rel_dual_gap,termination,ncalls
4,95,29.238,-0.14401633796621638,0.00043060341877304564,0.00298996228382128,OPTIMAL,5036
