seed,dimension,p,k,time,solution,dual_gap,rel_dual_gap,termination,ncalls
10,29,145,6.0,10.525,3.0958485141887326,0.019922507915571597,0.00647691390330615,OPTIMAL,150
