seed,dimension,p,k,time,solution,dual_gap,rel_dual_gap,termination,ncalls
3,30,150,6.0,1800.082,4.364181386725103,0.3843582732223285,0.09657672269862316,Time limit reached,167752
