seed,dimension,p,k,Ns,time,solution,dual_gap,rel_dual_gap,termination,ncalls
9,70,70,35.0,5.0,1812.093,-2.509005073293224,0.25716506588821364,0.10249682976952637,Time limit reached,4288
