seed,dimension,time,solution,dual_gap,rel_dual_gap,termination,ncalls
2,75,25.309,-0.1532549992528594,0.023906467708639495,0.15599143796409273,OPTIMAL,2120
