seed,dimension,time,solution,dual_gap,rel_dual_gap,termination,ncalls
5,35,9.111,-0.3694551895427802,0.004227478516383443,0.011442466193573203,OPTIMAL,732
