seed,dimension,time,solution,dual_gap,rel_dual_gap,termination,ncalls
9,90,1041.41,-1.8365313476435592,0.01734292620117195,0.00944330529583638,OPTIMAL,337552
