seed,dimension,time,solution,dual_gap,rel_dual_gap,termination,ncalls
6,105,26.691,-0.44171882238086374,0.002418920807670144,0.005476155158234292,OPTIMAL,3558
