seed,dimension,var_A,p,k,M,time,solution,dual_gap,rel_dual_gap,termination,ncalls
10,20,1,100,20.0,1.0,1802.127,0.6931471805599454,0.3893925332089444,1.2819311131690614,Time limit reached,80554
