seed,dimension,time,solution,dual_gap,rel_dual_gap,termination,ncalls
3,25,7.383,-1.7242319082044237,0.01707283988482855,0.009901707423224652,OPTIMAL,865
