seed,dimension,p,k,time,solution,dual_gap,rel_dual_gap,termination,ncalls
7,16,80,4.0,34.361,3.2775182354340826,0.0323520816233982,0.00996931438638613,OPTIMAL,6720
