seed,dimension,var_A,p,k,M,time,solution,dual_gap,rel_dual_gap,termination,ncalls
8,5,5,25,5.0,1.0,88.478,0.3093680870567631,0.0030611156719910215,0.009993620641907478,OPTIMAL,40217
