seed,dimension,time,solution,dual_gap,rel_dual_gap,termination,ncalls
7,95,208.434,-0.8836920833686754,0.008561391000408314,0.009688206063555409,OPTIMAL,33917
