seed,dimension,time,solution,dual_gap,rel_dual_gap,termination,ncalls
4,120,1519.806,-0.3251821635191992,0.0004052702296766797,0.0012462867744366672,OPTIMAL,317139
