seed,dimension,p,k,Ns,time,solution,dual_gap,rel_dual_gap,termination,ncalls
3,50,50,25.0,10.0,1804.4,0.5269326994368861,0.04359765198576909,0.09020171869530819,Time limit reached,14902
