seed,dimension,p,k,Ns,time,solution,dual_gap,rel_dual_gap,termination,ncalls
10,90,90,45.0,5.0,1824.211,0.08090791450766951,0.075766860801596,14.737613169083794,Time limit reached,2157
