seed,dimension,time,solution,dual_gap,rel_dual_gap,termination,ncalls
4,60,266.498,6.211856795992851,0.059775726559047726,0.009716342467598381,OPTIMAL,43501
