seed,dimension,var_A,p,k,M,time,solution,dual_gap,rel_dual_gap,termination,ncalls
6,10,5,50,10.0,1.0,1801.556,0.37134393076684724,0.11017994338647574,0.4218803078159643,Time limit reached,220246
