seed,dimension,time,solution,dual_gap,rel_dual_gap,termination,ncalls
2,30,125.778,-5.097761657956127,0.05089463739590272,0.00998372242775826,OPTIMAL,20478
