seed,dimension,var_A,p,k,M,time,solution,dual_gap,rel_dual_gap,termination,ncalls
1,20,5,100,20.0,0.1,1802.082,0.19686581014926047,0.05231249280768649,0.3618906419426824,Time limit reached,70250
