seed,dimension,p,k,time,solution,dual_gap,rel_dual_gap,termination,ncalls
7,26,130,6.0,930.295,4.277812685027019,0.042352830160293564,0.009999582480194764,OPTIMAL,185054
