seed,dimension,var_A,p,k,M,time,solution,dual_gap,rel_dual_gap,termination,ncalls
4,15,5,75,15.0,1.0,1801.359,0.2806204647470879,0.06361146471762447,0.29312823297184865,Time limit reached,290099
