seed,dimension,time,solution,dual_gap,rel_dual_gap,termination,ncalls
5,75,17.486,-0.26219858872779755,4.7561435560339316e-5,0.00018139470464394986,OPTIMAL,2120
