seed,dimension,p,k,time,solution,dual_gap,rel_dual_gap,termination,ncalls
7,30,150,6.0,1800.197,4.643274742994758,0.3018100253046878,0.06951801867118929,Time limit reached,158810
