seed,dimension,time,solution,dual_gap,rel_dual_gap,termination,ncalls
7,65,20.367,0.18762702051223745,8.137402696117846e-8,4.337011909640353e-7,OPTIMAL,1851
