seed,dimension,p,k,time,solution,dual_gap,rel_dual_gap,termination,ncalls
7,28,140,6.0,507.945,4.096105250978201,0.04053319362457497,0.009994445432446344,OPTIMAL,92750
