seed,dimension,p,k,Ns,time,solution,dual_gap,rel_dual_gap,termination,ncalls
3,50,50,25.0,1.0,1804.504,0.49982036461461943,0.01635782625900728,0.03383473374099409,Time limit reached,33709
