seed,dimension,time,solution,dual_gap,rel_dual_gap,termination,ncalls
7,40,14.627,-0.17701244948628958,0.0003716330975023219,0.002099474350989683,OPTIMAL,756
