seed,dimension,time,solution,dual_gap,rel_dual_gap,termination,ncalls
7,35,54.939,1.780976860022543,0.014881621396939382,0.008426284761698603,OPTIMAL,11188
