seed,dimension,time,solution,dual_gap,rel_dual_gap,termination,ncalls
7,40,8.764,-0.17701244920772907,0.0005167955560762827,0.0029195435597290033,OPTIMAL,797
