seed,dimension,p,k,time,solution,dual_gap,rel_dual_gap,termination,ncalls
2,28,140,6.0,1800.102,1.9495269184815265,0.4713258963975151,0.3188510150892914,Time limit reached,260283
