seed,dimension,time,solution,dual_gap,rel_dual_gap,termination,ncalls
3,20,8.013,0.2228419303579191,0.0013686906767659823,0.0061799370377045824,OPTIMAL,294
