seed,dimension,time,solution,dual_gap,rel_dual_gap,termination,ncalls
2,45,9.863,-0.34715340543884415,0.0019455234206577354,0.005604218164584493,OPTIMAL,928
