seed,dimension,var_A,p,k,M,time,solution,dual_gap,rel_dual_gap,termination,ncalls
3,20,1,100,20.0,1.0,1803.176,0.6931471805599454,0.10026248192982978,0.1691095792512277,Time limit reached,64683
