seed,dimension,p,k,time,solution,dual_gap,rel_dual_gap,termination,ncalls
7,16,80,4.0,30.744,3.2775182354340826,0.03209571268459266,0.009889532860393626,OPTIMAL,6064
