seed,dimension,p,k,Ns,time,solution,dual_gap,rel_dual_gap,termination,ncalls
5,70,70,35.0,1.0,1806.712,-1.3961402249775712,0.18913562213581603,0.13547036232614418,Time limit reached,3213
