seed,dimension,time,solution,dual_gap,rel_dual_gap,termination,ncalls
6,30,10.705,-0.1631611645035046,0.0008880635598881859,0.00544286112807874,OPTIMAL,483
