seed,dimension,p,k,Ns,time,solution,dual_gap,rel_dual_gap,termination,ncalls
9,50,50,25.0,1.0,1803.869,0.14564271129897696,0.025833196543452328,0.21561890636286973,Time limit reached,37428
