seed,dimension,p,k,Ns,time,solution,dual_gap,rel_dual_gap,termination,ncalls
5,50,50,25.0,5.0,1803.985,0.46633992688486037,0.01860928063801187,0.041563562365020616,Time limit reached,41285
