seed,dimension,time,solution,dual_gap,rel_dual_gap,termination,ncalls
10,30,8.129,-0.40093645661554145,0.017433983532726405,0.043483158602970036,OPTIMAL,363
