seed,dimension,p,k,Ns,time,solution,dual_gap,rel_dual_gap,termination,ncalls
4,70,70,35.0,5.0,1813.83,0.5310425371699998,0.0586881055093309,0.12424590852889764,Time limit reached,3996
