seed,dimension,p,k,Ns,time,solution,dual_gap,rel_dual_gap,termination,ncalls
8,90,90,45.0,0.1,1806.757,0.6336920308984719,0.013908372372080313,0.022440689070681696,Time limit reached,15112
