seed,dimension,p,k,time,solution,dual_gap,rel_dual_gap,termination,ncalls
2,23,115,5.0,1800.01,2.1495088074195303,0.0457330665471023,0.021738565408182225,Time limit reached,298359
