seed,dimension,time,solution,dual_gap,rel_dual_gap,termination,ncalls
8,75,351.33,10.74842082034713,0.10425798512545903,0.00979485063686437,OPTIMAL,42796
