seed,dimension,p,k,time,solution,dual_gap,rel_dual_gap,termination,ncalls
3,27,135,6.0,1800.016,4.457530395820922,0.05068217439130418,0.01150077602964562,Time limit reached,282538
