seed,dimension,p,k,time,solution,dual_gap,rel_dual_gap,termination,ncalls
10,21,105,5.0,13.991,3.082173404888214,0.027843928218034275,0.00911621631874163,OPTIMAL,592
