seed,dimension,p,k,Ns,time,solution,dual_gap,rel_dual_gap,termination,ncalls
1,70,70,35.0,1.0,1810.451,-1.2120706695776509,0.22549903731245147,0.18604446339009853,Time limit reached,3147
