seed,dimension,time,solution,dual_gap,rel_dual_gap,termination,ncalls
6,100,963.94,30.71444381615608,0.30100786062079266,0.009897200075021737,OPTIMAL,105492
