seed,dimension,time,solution,dual_gap,rel_dual_gap,termination,ncalls
10,40,9.893,-0.3820223314565273,0.003718050844242704,0.009732548435236708,OPTIMAL,688
