seed,dimension,p,k,time,solution,dual_gap,rel_dual_gap,termination,ncalls
2,19,95,4.0,164.248,2.098437741911695,0.020752964668719454,0.009988504943593036,OPTIMAL,37360
