seed,dimension,p,k,Ns,time,solution,dual_gap,rel_dual_gap,termination,ncalls
9,50,50,25.0,0.1,1803.624,0.7862469046400222,0.009019856335842125,0.011605175547508817,Time limit reached,32040
