seed,dimension,time,solution,dual_gap,rel_dual_gap,termination,ncalls
9,20,8.246,-0.13869954393647022,0.006939646861478632,0.05003366748384739,OPTIMAL,395
