seed,dimension,p,k,Ns,time,solution,dual_gap,rel_dual_gap,termination,ncalls
10,70,70,35.0,1.0,1801.93,0.9969404444481795,0.01842067181457252,0.01882503790903966,Time limit reached,8529
