seed,dimension,p,k,time,solution,dual_gap,rel_dual_gap,termination,ncalls
3,29,145,6.0,1800.011,4.6434855914450495,0.09797957530726187,0.02155526248549834,Time limit reached,357755
