seed,dimension,time,solution,dual_gap,rel_dual_gap,termination,ncalls
1,100,1800.04,5.124362714402975,4.215238294335946,4.636591209402518,Time limit reached,149757
