seed,dimension,p,k,Ns,time,solution,dual_gap,rel_dual_gap,termination,ncalls
3,50,50,25.0,5.0,1802.12,0.5232232499060389,0.04006001217666488,0.08291196235236552,Time limit reached,10872
