seed,dimension,p,k,Ns,time,solution,dual_gap,rel_dual_gap,termination,ncalls
3,50,50,25.0,1.0,1804.278,0.4989650772063558,0.015476602520685279,0.03201028221147785,Time limit reached,35622
