seed,dimension,var_A,p,k,M,time,solution,dual_gap,rel_dual_gap,termination,ncalls
2,20,1,100,20.0,0.1,1801.721,0.6931471805599454,0.06309921708234867,0.10014986277245916,Time limit reached,74388
