seed,dimension,p,k,time,solution,dual_gap,rel_dual_gap,termination,ncalls
5,17,85,4.0,10.255,4.7972456633480265,0.046789511422502095,0.009849477592491131,OPTIMAL,700
