seed,dimension,p,k,time,solution,dual_gap,rel_dual_gap,termination,ncalls
5,23,115,5.0,17.967,5.519353385927931,0.054640782371133234,0.009998839158635604,OPTIMAL,1736
