seed,dimension,time,solution,dual_gap,rel_dual_gap,termination,ncalls
2,80,282.008,11.009298728836544,0.06984365831064387,0.006384564666189194,OPTIMAL,31868
