seed,dimension,var_A,p,k,M,time,solution,dual_gap,rel_dual_gap,termination,ncalls
9,5,1,25,5.0,0.1,13.473,0.5919991531714344,0.005842061779014918,0.009966716883245526,OPTIMAL,859
