seed,dimension,time,solution,dual_gap,rel_dual_gap,termination,ncalls
2,95,1800.005,2.847123627488698,2.70913341607974,19.632794155599548,Time limit reached,186526
