seed,dimension,time,solution,dual_gap,rel_dual_gap,termination,ncalls
7,95,228.947,-0.8837071405627844,0.005467656464752779,0.006187181492355861,OPTIMAL,33570
