seed,dimension,p,k,time,solution,dual_gap,rel_dual_gap,termination,ncalls
4,20,100,4.0,24.55,5.58043616690493,0.05420406010845635,0.009808502259938219,OPTIMAL,3729
