seed,dimension,time,solution,dual_gap,rel_dual_gap,termination,ncalls
9,35,9.258,0.20876408688270842,0.006977844757370122,0.034580379137225205,OPTIMAL,739
