seed,dimension,p,k,time,solution,dual_gap,rel_dual_gap,termination,ncalls
9,23,115,5.0,8.358,2.5064690111437673,0.0231972800115412,0.009341418307437746,OPTIMAL,150
