seed,dimension,time,solution,dual_gap,rel_dual_gap,termination,ncalls
6,80,35.437,-0.5385313619537868,0.0022575414686628603,0.00419203342303505,OPTIMAL,4458
