seed,dimension,time,solution,dual_gap,rel_dual_gap,termination,ncalls
8,40,16.621,-1.867371232759246,0.0007672790022512643,0.0004108872348416364,OPTIMAL,3534
