seed,dimension,p,k,Ns,time,solution,dual_gap,rel_dual_gap,termination,ncalls
6,70,70,35.0,1.0,1805.489,0.12583764119430313,0.057320864246588416,0.8365960396871861,Time limit reached,3419
