seed,dimension,time,solution,dual_gap,rel_dual_gap,termination,ncalls
4,25,7.912,-0.33898545123057044,0.0033844780928981577,0.009984139675056763,OPTIMAL,189
