seed,dimension,time,solution,dual_gap,rel_dual_gap,termination,ncalls
6,35,8.451,-13.954682785250228,0.1315657672413142,0.00942807294626404,OPTIMAL,1966
