seed,dimension,time,solution,dual_gap,rel_dual_gap,termination,ncalls
6,40,19.667,-0.6073596176424232,0.00023709081809386578,0.00039036315752136587,OPTIMAL,2039
