seed,dimension,time,solution,dual_gap,rel_dual_gap,termination,ncalls
2,85,17.773,-0.2696208713437723,0.0007949044754624879,0.002948230496773998,OPTIMAL,2474
