seed,dimension,p,k,time,solution,dual_gap,rel_dual_gap,termination,ncalls
1,21,105,5.0,56.114,1.761794053295641,0.01728585476781075,0.009908726586895995,OPTIMAL,7796
