seed,dimension,p,k,time,solution,dual_gap,rel_dual_gap,termination,ncalls
5,25,125,5.0,43.602,6.063698098092319,0.059523186223297664,0.009913632946573983,OPTIMAL,6474
