seed,dimension,p,k,time,solution,dual_gap,rel_dual_gap,termination,ncalls
7,28,140,6.0,1802.233,4.096105250978201,0.08678642359886801,0.02164617665380217,Time limit reached,184486
