seed,dimension,time,solution,dual_gap,rel_dual_gap,termination,ncalls
9,75,19.284,-0.1319496404238627,0.013543420045575127,0.10264082571251812,OPTIMAL,1757
