seed,dimension,p,k,time,solution,dual_gap,rel_dual_gap,termination,ncalls
10,29,145,6.0,9.95,3.0958485141887326,0.02946476934775477,0.009608963456490932,OPTIMAL,146
