seed,dimension,time,solution,dual_gap,rel_dual_gap,termination,ncalls
6,75,1800.013,-10.714615903826676,1.1011241612494818,0.10276842129788528,Time limit reached,577037
