seed,dimension,p,k,time,solution,dual_gap,rel_dual_gap,termination,ncalls
6,23,115,5.0,10.419,4.385927740908787,0.043014694949787824,0.009904571999158998,OPTIMAL,216
