seed,dimension,p,k,time,solution,dual_gap,rel_dual_gap,termination,ncalls
3,29,145,6.0,1800.012,4.6434855914450495,0.17264015153422196,0.0386146543991611,Time limit reached,250529
