seed,dimension,var_A,p,k,M,time,solution,dual_gap,rel_dual_gap,termination,ncalls
9,10,5,50,10.0,0.1,1223.302,0.21877699085539198,0.0021660476218759994,0.009999714647569335,OPTIMAL,216865
