seed,dimension,p,k,time,solution,dual_gap,rel_dual_gap,termination,ncalls
5,21,105,5.0,23.691,5.48922185529245,0.05372394679418502,0.009883905338311136,OPTIMAL,3202
