seed,dimension,time,solution,dual_gap,rel_dual_gap,termination,ncalls
10,35,8.145,-2.556296945972444,0.009796157548495277,0.0038321672933692404,OPTIMAL,951
