seed,dimension,p,k,Ns,time,solution,dual_gap,rel_dual_gap,termination,ncalls
9,70,70,35.0,0.1,1805.063,0.22895179621613856,0.023283885168449203,0.1132110743471802,Time limit reached,13501
