seed,dimension,time,solution,dual_gap,rel_dual_gap,termination,ncalls
8,55,16.961,-0.46635249636891746,0.00398116129405357,0.00853680708273553,OPTIMAL,2439
