seed,dimension,p,k,Ns,time,solution,dual_gap,rel_dual_gap,termination,ncalls
2,50,50,25.0,1.0,1801.821,0.29674654871157585,0.03141798316823691,0.11841161204749766,Time limit reached,42913
