seed,dimension,p,k,time,solution,dual_gap,rel_dual_gap,termination,ncalls
3,21,105,5.0,565.989,3.718586133585336,0.03673573417864251,0.009977519506105472,OPTIMAL,65679
