seed,dimension,p,k,time,solution,dual_gap,rel_dual_gap,termination,ncalls
1,19,95,4.0,28.658,1.7514415693513994,0.017031071280567467,0.009819515794854195,OPTIMAL,3003
