seed,dimension,time,solution,dual_gap,rel_dual_gap,termination,ncalls
4,25,11.947,-0.33913807186554373,0.0012204235019993015,0.0035986036462551936,OPTIMAL,292
