seed,dimension,p,k,Ns,time,solution,dual_gap,rel_dual_gap,termination,ncalls
2,50,50,25.0,1.0,1807.964,0.2967465487115759,0.03221539422135972,0.12178298727589464,Time limit reached,6529
