seed,dimension,p,k,Ns,time,solution,dual_gap,rel_dual_gap,termination,ncalls
10,70,70,35.0,1.0,1802.001,0.9969404444481795,0.017726058455167948,0.01810232642486367,Time limit reached,33540
