seed,dimension,p,k,Ns,time,solution,dual_gap,rel_dual_gap,termination,ncalls
10,50,50,25.0,1.0,1805.214,0.5019220574684387,0.031744644722127846,0.06751631163374495,Time limit reached,42057
