seed,dimension,time,solution,dual_gap,rel_dual_gap,termination,ncalls
4,40,9.311,-0.09731295923173566,0.0012616045208420634,0.012964404030071151,OPTIMAL,732
