seed,dimension,p,k,time,solution,dual_gap,rel_dual_gap,termination,ncalls
2,17,85,4.0,225.909,1.9730825424630343,0.019503346242260022,0.009983391653632222,OPTIMAL,48056
