seed,dimension,time,solution,dual_gap,rel_dual_gap,termination,ncalls
3,105,116.437,-0.6699233571376458,0.006740646646377635,0.010061817631166228,OPTIMAL,23448
