seed,dimension,time,solution,dual_gap,rel_dual_gap,termination,ncalls
9,75,14.49,-0.1323444905233676,0.0025190478591933796,0.019034021357682434,OPTIMAL,1594
