seed,dimension,time,solution,dual_gap,rel_dual_gap,termination,ncalls
5,75,17.421,-0.26217344934984105,3.458442268317041e-5,0.00013191428334537942,OPTIMAL,2185
