seed,dimension,time,solution,dual_gap,rel_dual_gap,termination,ncalls
9,40,16.639,-1.7161764254339849,6.204112423802144e-8,3.615078456886071e-8,OPTIMAL,2790
