seed,dimension,time,solution,dual_gap,rel_dual_gap,termination,ncalls
8,55,12.138,-0.46635383270138464,0.0038283046459422487,0.008209012937165215,OPTIMAL,1886
