seed,dimension,time,solution,dual_gap,rel_dual_gap,termination,ncalls
5,100,73.116,-1.8781349680766135,0.015160006729314057,0.008071840941675948,OPTIMAL,13363
