seed,dimension,time,solution,dual_gap,rel_dual_gap,termination,ncalls
7,75,19.613,-0.4686526425030963,0.0024371833804554544,0.0052004046481810935,OPTIMAL,2430
