seed,dimension,time,solution,dual_gap,rel_dual_gap,termination,ncalls
8,40,13.156,-1.8677258958966068,6.822315601340279e-8,3.652739203503525e-8,OPTIMAL,2155
