seed,dimension,time,solution,dual_gap,rel_dual_gap,termination,ncalls
7,115,1800.114,10.372055177712,2.809000967021724,0.3714109258996503,Time limit reached,153235
