seed,dimension,p,k,time,solution,dual_gap,rel_dual_gap,termination,ncalls
2,18,90,4.0,118.283,1.9086114227602864,0.01877931758505813,0.009937029608943427,OPTIMAL,25117
