seed,dimension,p,k,Ns,time,solution,dual_gap,rel_dual_gap,termination,ncalls
4,70,70,35.0,1.0,1814.294,0.5297678963076655,0.05751460771164957,0.12178762774238683,Time limit reached,3714
