seed,dimension,p,k,time,solution,dual_gap,rel_dual_gap,termination,ncalls
7,20,100,4.0,91.262,3.5343833384124004,0.03492237753436944,0.00997935908552249,OPTIMAL,9724
