seed,dimension,time,solution,dual_gap,rel_dual_gap,termination,ncalls
4,110,157.996,-0.24010359686229793,0.00030137274134470204,0.0012551779535295452,OPTIMAL,31734
