seed,dimension,time,solution,dual_gap,rel_dual_gap,termination,ncalls
9,70,16.569,-0.20416925918816764,0.0021056211394524516,0.010313115440713123,OPTIMAL,2223
