seed,dimension,time,solution,dual_gap,rel_dual_gap,termination,ncalls
8,35,9.674,-0.18446122544135496,0.013530455219871812,0.07335121615666322,OPTIMAL,578
