seed,dimension,p,k,time,solution,dual_gap,rel_dual_gap,termination,ncalls
5,22,110,5.0,16.012,5.183929732888859,0.05104621855229574,0.009944939995174151,OPTIMAL,1073
