seed,dimension,p,k,Ns,time,solution,dual_gap,rel_dual_gap,termination,ncalls
2,50,50,25.0,5.0,1803.988,0.2971152116194541,0.03221739855115452,0.12162198765622799,Time limit reached,9890
