seed,dimension,time,solution,dual_gap,rel_dual_gap,termination,ncalls
5,65,14.45,-0.4141125282994277,0.0023187810243469054,0.0055993983902614276,OPTIMAL,1506
