seed,dimension,p,k,time,solution,dual_gap,rel_dual_gap,termination,ncalls
5,30,150,6.0,56.965,6.19206643854921,0.06116309334695469,0.00997619598665145,OPTIMAL,10238
