seed,dimension,time,solution,dual_gap,rel_dual_gap,termination,ncalls
7,50,150.042,-0.6221503011773705,0.004186571004413553,0.006729195495832433,OPTIMAL,41457
