seed,dimension,p,k,time,solution,dual_gap,rel_dual_gap,termination,ncalls
3,26,130,6.0,1800.1,4.057720933359512,0.28384344440842835,0.07521268118518605,Time limit reached,162223
