seed,dimension,p,k,Ns,time,solution,dual_gap,rel_dual_gap,termination,ncalls
1,50,50,25.0,5.0,1803.856,0.5106211622000734,0.02321857488241763,0.04763736485314418,Time limit reached,51522
