seed,dimension,time,solution,dual_gap,rel_dual_gap,termination,ncalls
4,60,13.52,-0.41853300211323846,0.0018457472742195447,0.0044100399846608955,OPTIMAL,1148
