seed,dimension,time,solution,dual_gap,rel_dual_gap,termination,ncalls
2,95,141.017,-1.1135867884280015,0.005217802762032431,0.004685582494560805,OPTIMAL,32651
