seed,dimension,var_A,p,k,M,time,solution,dual_gap,rel_dual_gap,termination,ncalls
7,15,5,75,15.0,0.1,1801.864,0.32495841688821203,0.05369613112573046,0.19794912136347265,Time limit reached,130241
