seed,dimension,var_A,p,k,M,time,solution,dual_gap,rel_dual_gap,termination,ncalls
5,5,5,25,5.0,0.1,18.749,0.2620788821367238,0.0025672915675891694,0.009892781906036815,OPTIMAL,3434
