seed,dimension,p,k,Ns,time,solution,dual_gap,rel_dual_gap,termination,ncalls
2,70,70,35.0,1.0,1801.968,0.2843021667961945,0.036347731813872075,0.14659036776843065,Time limit reached,22824
