seed,dimension,time,solution,dual_gap,rel_dual_gap,termination,ncalls
3,120,1800.238,37.13028787025724,4.050832970008983,0.12245766994118704,Time limit reached,176506
