seed,dimension,time,solution,dual_gap,rel_dual_gap,termination,ncalls
10,80,18.537,-0.20715312023101817,0.0011310079830795239,0.005459768029649847,OPTIMAL,2393
