seed,dimension,time,solution,dual_gap,rel_dual_gap,termination,ncalls
10,35,11.871,-2.5582208594808686,0.009823624111684026,0.003840021894621523,OPTIMAL,1113
