seed,dimension,p,k,time,solution,dual_gap,rel_dual_gap,termination,ncalls
7,17,85,4.0,41.714,3.1153076201338905,0.030646196159686667,0.00993502752733324,OPTIMAL,4948
