seed,dimension,p,k,time,solution,dual_gap,rel_dual_gap,termination,ncalls
4,23,115,5.0,15.276,5.266123075399722,0.05203473299313721,0.009979641612501018,OPTIMAL,990
