seed,dimension,time,solution,dual_gap,rel_dual_gap,termination,ncalls
3,30,587.637,-11.64065520659113,0.11635350775825515,0.009995443185395086,OPTIMAL,19069
