seed,dimension,p,k,Ns,time,solution,dual_gap,rel_dual_gap,termination,ncalls
5,50,50,25.0,1.0,1804.818,0.4660498254785872,0.018326078303812054,0.040931664713907204,Time limit reached,30538
