seed,dimension,time,solution,dual_gap,rel_dual_gap,termination,ncalls
9,40,18.394,-1.7161764254339849,0.012983796466637276,0.007565537129059413,OPTIMAL,3585
