seed,dimension,time,solution,dual_gap,rel_dual_gap,termination,ncalls
5,95,44.2,-0.8163828125575471,0.003434904465275168,0.004207467884477346,OPTIMAL,6051
