seed,dimension,time,solution,dual_gap,rel_dual_gap,termination,ncalls
5,95,49.156,-0.8164401760668949,0.0031030363489313872,0.0038006904117334132,OPTIMAL,9902
