seed,dimension,p,k,Ns,time,solution,dual_gap,rel_dual_gap,termination,ncalls
4,50,50,25.0,10.0,1804.971,-0.9900405142451125,0.09830328648856601,0.09929218559658685,Time limit reached,13108
