seed,dimension,p,k,Ns,time,solution,dual_gap,rel_dual_gap,termination,ncalls
2,70,70,35.0,1.0,1801.678,0.2843021667961945,0.036331897023491905,0.14651714924049108,Time limit reached,25130
