seed,dimension,p,k,Ns,time,solution,dual_gap,rel_dual_gap,termination,ncalls
9,50,50,25.0,10.0,1804.399,0.14244371952167661,0.022618967179558677,0.188767068050999,Time limit reached,50021
