seed,dimension,time,solution,dual_gap,rel_dual_gap,termination,ncalls
1,50,11.716,-0.39785971174730883,0.0025007097672972156,0.006285405869105647,OPTIMAL,1047
