seed,dimension,time,solution,dual_gap,rel_dual_gap,termination,ncalls
7,95,182.755,-0.8839076747354573,0.020286218760715125,0.02295060823720819,OPTIMAL,31469
