seed,dimension,p,k,Ns,time,solution,dual_gap,rel_dual_gap,termination,ncalls
10,50,50,25.0,5.0,1802.76,0.5398655492765562,0.06992775709595633,0.14880215692268198,Time limit reached,10871
