seed,dimension,time,solution,dual_gap,rel_dual_gap,termination,ncalls
8,55,19.278,-0.4663538327013845,0.003828304645942582,0.008209012937165932,OPTIMAL,1886
