seed,dimension,p,k,Ns,time,solution,dual_gap,rel_dual_gap,termination,ncalls
3,90,90,45.0,0.1,1810.145,0.4511744564812673,0.03552055401091336,0.08545704443000346,Time limit reached,4574
