seed,dimension,p,k,time,solution,dual_gap,rel_dual_gap,termination,ncalls
1,21,105,5.0,139.044,1.7617940515070158,0.01734722158322577,0.009944253551129226,OPTIMAL,14012
