seed,dimension,p,k,time,solution,dual_gap,rel_dual_gap,termination,ncalls
2,19,95,4.0,224.875,2.098437741911695,0.02076746462466561,0.00999555360236623,OPTIMAL,38738
