seed,dimension,time,solution,dual_gap,rel_dual_gap,termination,ncalls
1,70,1800.198,-27.341499472969126,0.6591809614487332,0.024109173752537794,Time limit reached,21356
