seed,dimension,p,k,Ns,time,solution,dual_gap,rel_dual_gap,termination,ncalls
9,50,50,25.0,5.0,1801.823,0.17219055341236017,0.05240230647602928,0.43745782926334864,Time limit reached,26756
