seed,dimension,time,solution,dual_gap,rel_dual_gap,termination,ncalls
9,100,22.991,0.16081072112709283,0.0011880088875955153,0.007442605572401446,OPTIMAL,3926
