seed,dimension,time,solution,dual_gap,rel_dual_gap,termination,ncalls
3,20,5.739,0.22284207270504386,0.0015411354356634765,0.006963980607942554,OPTIMAL,284
