seed,dimension,time,solution,dual_gap,rel_dual_gap,termination,ncalls
4,80,19.641,-0.2675060164059642,0.0002738312311236779,0.0010236451306878819,OPTIMAL,1957
