seed,dimension,p,k,time,solution,dual_gap,rel_dual_gap,termination,ncalls
3,21,105,5.0,122.725,3.718586133585336,0.036797815219786756,0.009994549397702026,OPTIMAL,23445
