seed,dimension,p,k,time,solution,dual_gap,rel_dual_gap,termination,ncalls
1,18,90,4.0,20.388,2.1566595398692447,0.018935346317099366,0.008857712502956467,OPTIMAL,1528
