seed,dimension,p,k,time,solution,dual_gap,rel_dual_gap,termination,ncalls
5,22,110,5.0,17.109,5.183929732888859,0.04946367476708513,0.009633655029979751,OPTIMAL,1171
