seed,dimension,time,solution,dual_gap,rel_dual_gap,termination,ncalls
3,55,12.474,-1.1735978779951228,0.016420552428694446,0.013991634389068558,OPTIMAL,1257
