seed,dimension,time,solution,dual_gap,rel_dual_gap,termination,ncalls
2,40,159.341,4.9837457348195215,0.04317900261552943,0.008739686144521972,OPTIMAL,35579
