seed,dimension,p,k,Ns,time,solution,dual_gap,rel_dual_gap,termination,ncalls
2,50,50,25.0,5.0,1801.731,0.2971152116194541,0.03157098799606234,0.11889163908471197,Time limit reached,66559
