seed,dimension,time,solution,dual_gap,rel_dual_gap,termination,ncalls
5,50,21.697,-2.0782638507654045,0.017730322681179356,0.008531314575215967,OPTIMAL,4484
