seed,dimension,time,solution,dual_gap,rel_dual_gap,termination,ncalls
9,60,141.291,17.16879173895233,0.16097454498435226,0.009464738663903549,OPTIMAL,22243
