seed,dimension,time,solution,dual_gap,rel_dual_gap,termination,ncalls
2,70,314.742,-1.2729287315242956,0.011261597193303885,0.00884699741188059,OPTIMAL,114242
