seed,dimension,time,solution,dual_gap,rel_dual_gap,termination,ncalls
3,45,13.059,-0.5469593587753122,0.0020262181026183823,0.0037045130869599787,OPTIMAL,1249
