seed,dimension,p,k,time,solution,dual_gap,rel_dual_gap,termination,ncalls
2,17,85,4.0,505.26,1.9730825424630343,0.019509623472285575,0.00998663693718922,OPTIMAL,88168
