seed,dimension,p,k,Ns,time,solution,dual_gap,rel_dual_gap,termination,ncalls
10,90,90,45.0,5.0,1815.13,0.08090791450766951,0.07584724436648346,14.987589044621544,Time limit reached,2071
