seed,dimension,time,solution,dual_gap,rel_dual_gap,termination,ncalls
6,120,33.149,-0.5153150038409041,0.003503932103954388,0.006799592633317106,OPTIMAL,5759
