seed,dimension,p,k,Ns,time,solution,dual_gap,rel_dual_gap,termination,ncalls
5,50,50,25.0,5.0,1802.634,0.5109458822980257,0.06343997796954043,0.14176344346726924,Time limit reached,10963
