seed,dimension,p,k,Ns,time,solution,dual_gap,rel_dual_gap,termination,ncalls
8,50,50,25.0,10.0,14.805,0.2632042841865468,0.002601080192473959,0.009980998516553612,OPTIMAL,1281
