seed,dimension,p,k,time,solution,dual_gap,rel_dual_gap,termination,ncalls
5,20,100,4.0,15.863,5.1963483368745385,0.05131914541438842,0.009974510057118673,OPTIMAL,1248
