seed,dimension,time,solution,dual_gap,rel_dual_gap,termination,ncalls
7,110,27.512,-0.040598157432799264,3.1396808541916954e-8,7.733555049607119e-7,OPTIMAL,4187
