seed,dimension,var_A,p,k,M,time,solution,dual_gap,rel_dual_gap,termination,ncalls
2,5,5,25,5.0,0.1,7.838,0.20313961626515484,0.0017039520851962475,0.008459038731463019,OPTIMAL,87
