seed,dimension,var_A,p,k,M,time,solution,dual_gap,rel_dual_gap,termination,ncalls
10,10,1,50,10.0,1.0,1801.474,0.6468468204586398,0.01555012157344593,0.024632033718702904,Time limit reached,484216
