seed,dimension,time,solution,dual_gap,rel_dual_gap,termination,ncalls
9,25,6.558,-0.4271715982141472,0.006844413545685546,0.0160226325305793,OPTIMAL,697
