seed,dimension,var_A,p,k,M,time,solution,dual_gap,rel_dual_gap,termination,ncalls
8,5,5,25,5.0,0.1,23.243,0.31132936696396474,0.0030729160970691116,0.009968700049673864,OPTIMAL,5223
