seed,dimension,p,k,Ns,time,solution,dual_gap,rel_dual_gap,termination,ncalls
5,70,70,35.0,0.1,1816.359,0.4712555964337673,0.024865751311121953,0.055704115097623026,Time limit reached,3784
