seed,dimension,time,solution,dual_gap,rel_dual_gap,termination,ncalls
3,55,11.178,-1.1681352248183166,0.01082505868483885,0.009266956817026474,OPTIMAL,938
