seed,dimension,time,solution,dual_gap,rel_dual_gap,termination,ncalls
8,105,1800.012,-0.8050833554604617,2.29413066928769,2.849556699598613,Time limit reached,432520
