seed,dimension,p,k,Ns,time,solution,dual_gap,rel_dual_gap,termination,ncalls
9,70,70,35.0,0.1,1813.951,0.22895179621613856,0.026605454378462345,0.1314847312624285,Time limit reached,3520
