seed,dimension,time,solution,dual_gap,rel_dual_gap,termination,ncalls
6,80,1647.836,5.506135661055845,0.05286643252090073,0.009694447551620999,OPTIMAL,248272
