seed,dimension,time,solution,dual_gap,rel_dual_gap,termination,ncalls
3,40,28.866,10.050698707324818,0.06513307455378126,0.006522722592701697,OPTIMAL,3895
