seed,dimension,var_A,p,k,M,time,solution,dual_gap,rel_dual_gap,termination,ncalls
1,15,1,75,15.0,0.1,1801.337,0.6931471805599453,0.0735100705157482,0.11863406714053154,Time limit reached,119158
