seed,dimension,p,k,Ns,time,solution,dual_gap,rel_dual_gap,termination,ncalls
7,50,50,25.0,5.0,1804.624,0.22559359007699387,0.06333734258743487,0.39035379880525434,Time limit reached,9993
