seed,dimension,time,solution,dual_gap,rel_dual_gap,termination,ncalls
4,20,9.207,-1.3786927431343954,0.013793703292354076,0.010004914699844374,OPTIMAL,1440
