seed,dimension,time,solution,dual_gap,rel_dual_gap,termination,ncalls
1,70,78.254,-27.797894723921846,0.27698764560775757,0.009964338967346048,OPTIMAL,17121
