seed,dimension,time,solution,dual_gap,rel_dual_gap,termination,ncalls
7,35,9.118,-0.9542641754194018,0.01608740956768795,0.016858444424592892,OPTIMAL,675
