seed,dimension,p,k,time,solution,dual_gap,rel_dual_gap,termination,ncalls
2,30,150,6.0,1800.245,2.4379929949236283,0.6431439526819736,0.35832760167881683,Time limit reached,139975
