seed,dimension,p,k,time,solution,dual_gap,rel_dual_gap,termination,ncalls
2,26,130,6.0,1800.287,2.099373600610698,0.6136382585009896,0.413019897359134,Time limit reached,146503
