seed,dimension,time,solution,dual_gap,rel_dual_gap,termination,ncalls
5,60,158.705,-2.4129206797995497,0.02318394044833294,0.009608248063197385,OPTIMAL,47888
