seed,dimension,time,solution,dual_gap,rel_dual_gap,termination,ncalls
10,40,10.753,-0.38219137888072985,0.002787813333088529,0.0072942862846692305,OPTIMAL,764
