seed,dimension,p,k,Ns,time,solution,dual_gap,rel_dual_gap,termination,ncalls
2,50,50,25.0,5.0,1801.808,0.2971152116194541,0.03157109214876791,0.11889207794056644,Time limit reached,66475
