seed,dimension,time,solution,dual_gap,rel_dual_gap,termination,ncalls
7,110,962.211,34.02874444633106,0.3133183210754069,0.009293025688342272,OPTIMAL,115273
