seed,dimension,p,k,time,solution,dual_gap,rel_dual_gap,termination,ncalls
3,26,130,6.0,1801.646,4.0574474090504005,0.2511148131023866,0.06597290351602692,Time limit reached,219305
