seed,dimension,time,solution,dual_gap,rel_dual_gap,termination,ncalls
7,115,1800.006,10.372055177712,1.862609042439141,0.2188872240131309,Time limit reached,154749
