seed,dimension,p,k,time,solution,dual_gap,rel_dual_gap,termination,ncalls
5,15,75,3.0,7.904,3.5392833726599346,0.02937861340777337,0.008370202447895745,OPTIMAL,84
