seed,dimension,p,k,Ns,time,solution,dual_gap,rel_dual_gap,termination,ncalls
1,50,50,25.0,0.1,1802.932,0.8399762136523655,0.003806102284911961,0.004551827712051974,Time limit reached,30723
