seed,dimension,time,solution,dual_gap,rel_dual_gap,termination,ncalls
4,85,1800.013,-5.192098366648397,2.179075972775844,0.41969081070828806,Time limit reached,528283
