seed,dimension,time,solution,dual_gap,rel_dual_gap,termination,ncalls
10,75,20.056,-0.6025006682184929,0.005470393728328915,0.00907948159543802,OPTIMAL,3715
