seed,dimension,p,k,time,solution,dual_gap,rel_dual_gap,termination,ncalls
1,28,140,6.0,1497.248,2.262447847014596,0.022388667732918588,0.009994676899606729,OPTIMAL,145476
