seed,dimension,p,k,Ns,time,solution,dual_gap,rel_dual_gap,termination,ncalls
4,90,90,45.0,5.0,1827.86,-1.6593521636392077,0.24033116454898407,0.14483433343160976,Time limit reached,2306
