seed,dimension,time,solution,dual_gap,rel_dual_gap,termination,ncalls
7,85,437.272,-1.3010504812625943,0.011204430438628066,0.008611833745109425,OPTIMAL,137215
