seed,dimension,time,solution,dual_gap,rel_dual_gap,termination,ncalls
9,50,1800.053,-0.596084546122059,0.5601170208944897,0.9396603628435549,Time limit reached,222572
