seed,dimension,time,solution,dual_gap,rel_dual_gap,termination,ncalls
3,30,10.338,-12.152992911444908,0.0925819466486697,0.0076180367522046336,OPTIMAL,1327
