seed,dimension,p,k,time,solution,dual_gap,rel_dual_gap,termination,ncalls
9,21,105,5.0,8.319,2.420644260855438,0.021017427809740585,0.00875862343273786,OPTIMAL,97
