seed,dimension,time,solution,dual_gap,rel_dual_gap,termination,ncalls
8,105,1800.086,-0.6904120103570004,2.674412469233672,3.8736470819080604,Time limit reached,324219
