seed,dimension,time,solution,dual_gap,rel_dual_gap,termination,ncalls
1,60,58.252,-0.5028847932840317,0.004601542244160206,0.009150291091743618,OPTIMAL,13548
