seed,dimension,p,k,time,solution,dual_gap,rel_dual_gap,termination,ncalls
3,18,90,4.0,399.97,3.2649714704686863,0.03230600710014375,0.009993612845567955,OPTIMAL,53371
