seed,dimension,var_A,p,k,M,time,solution,dual_gap,rel_dual_gap,termination,ncalls
8,15,1,75,15.0,1.0,1802.855,0.6489811122460294,0.044123631332645075,0.07294880649572984,Time limit reached,98581
