seed,dimension,time,solution,dual_gap,rel_dual_gap,termination,ncalls
3,90,21.803,-0.5402972565198768,0.004734584884935278,0.008762926014896578,OPTIMAL,3212
