seed,dimension,time,solution,dual_gap,rel_dual_gap,termination,ncalls
1,105,509.081,24.383439443446974,0.2348831406870424,0.009726591426096875,OPTIMAL,64366
