seed,dimension,time,solution,dual_gap,rel_dual_gap,termination,ncalls
9,45,9.378,0.06010752154207272,0.010956683202875517,0.22291955891498383,OPTIMAL,854
