seed,dimension,p,k,time,solution,dual_gap,rel_dual_gap,termination,ncalls
10,26,130,6.0,10.735,3.02700127548009,0.02928257215491703,0.009768285504052062,OPTIMAL,424
