seed,dimension,p,k,time,solution,dual_gap,rel_dual_gap,termination,ncalls
5,24,120,5.0,43.433,5.482109670783845,0.0534781789423997,0.009851134493614223,OPTIMAL,4014
