seed,dimension,time,solution,dual_gap,rel_dual_gap,termination,ncalls
9,55,11.372,-0.2261471690372605,0.005108480854981445,0.022589187725537085,OPTIMAL,1007
