seed,dimension,time,solution,dual_gap,rel_dual_gap,termination,ncalls
4,55,16.85,-0.42660579914320035,0.0018612590831245113,0.004362948386690204,OPTIMAL,981
