seed,dimension,p,k,Ns,time,solution,dual_gap,rel_dual_gap,termination,ncalls
2,70,70,35.0,5.0,1812.46,0.28582501996519755,0.03813184823013768,0.1539479185600024,Time limit reached,10715
