seed,dimension,time,solution,dual_gap,rel_dual_gap,termination,ncalls
8,50,235.783,12.448809029591464,0.1069039568518999,0.008661868343812352,OPTIMAL,36537
