seed,dimension,time,solution,dual_gap,rel_dual_gap,termination,ncalls
2,55,185.695,-0.906501756567657,0.006645142363086443,0.007330534458363712,OPTIMAL,53549
