seed,dimension,p,k,Ns,time,solution,dual_gap,rel_dual_gap,termination,ncalls
2,50,50,25.0,1.0,1801.584,0.29674654871157585,0.031383921557095906,0.11826805414775256,Time limit reached,48505
