seed,dimension,p,k,time,solution,dual_gap,rel_dual_gap,termination,ncalls
5,26,130,6.0,40.851,5.876645371520513,0.05711541265935782,0.009814437431048975,OPTIMAL,5015
