seed,dimension,p,k,Ns,time,solution,dual_gap,rel_dual_gap,termination,ncalls
6,70,70,35.0,10.0,1801.822,0.1290061466464551,0.06026752548726792,0.8767636660575194,Time limit reached,11504
