seed,dimension,p,k,time,solution,dual_gap,rel_dual_gap,termination,ncalls
7,25,125,5.0,79.633,3.8324391592107374,0.03788241237016221,0.009983356396423344,OPTIMAL,12259
