seed,dimension,time,solution,dual_gap,rel_dual_gap,termination,ncalls
1,65,11.585,-0.17394992649747576,0.0004148657633212538,0.0023849723404584136,OPTIMAL,1248
