seed,dimension,var_A,p,k,M,time,solution,dual_gap,rel_dual_gap,termination,ncalls
10,10,5,50,10.0,0.1,1801.627,0.32765718630139906,0.02030293105957165,0.06605710092934042,Time limit reached,253451
