seed,dimension,time,solution,dual_gap,rel_dual_gap,termination,ncalls
9,50,1364.213,-0.596084546122059,0.005899658277744635,0.00989735150177266,OPTIMAL,284907
