seed,dimension,time,solution,dual_gap,rel_dual_gap,termination,ncalls
9,70,13.953,-0.20416925910936023,0.0027444065172403664,0.013441820424936576,OPTIMAL,1953
