seed,dimension,time,solution,dual_gap,rel_dual_gap,termination,ncalls
8,55,17.475,-0.46743861704887163,0.0027204171502054897,0.005819838265354667,OPTIMAL,1961
