seed,dimension,time,solution,dual_gap,rel_dual_gap,termination,ncalls
2,75,17.056,-0.15346357359775947,0.003292160060193672,0.02145238757975682,OPTIMAL,2111
