seed,dimension,time,solution,dual_gap,rel_dual_gap,termination,ncalls
3,45,11.011,-0.5459618345061866,0.0025208853761520267,0.0046173289355145595,OPTIMAL,1192
