seed,dimension,p,k,Ns,time,solution,dual_gap,rel_dual_gap,termination,ncalls
6,50,50,25.0,1.0,1801.809,0.6408045808419952,0.025524133119297576,0.04148373837291367,Time limit reached,49292
