seed,dimension,time,solution,dual_gap,rel_dual_gap,termination,ncalls
3,70,409.938,-11.582346508168106,0.11312691782051054,0.009767184718634617,OPTIMAL,92019
