seed,dimension,p,k,time,solution,dual_gap,rel_dual_gap,termination,ncalls
3,18,90,4.0,89.765,3.2649714704686863,0.03191103419000019,0.009870225075882092,OPTIMAL,19454
