seed,dimension,time,solution,dual_gap,rel_dual_gap,termination,ncalls
3,35,69.167,-0.2880865954664342,0.0011364291726088105,0.003944748525244101,OPTIMAL,14677
