seed,dimension,p,k,Ns,time,solution,dual_gap,rel_dual_gap,termination,ncalls
9,50,50,25.0,10.0,1804.953,0.1723032179746091,0.05300843797984987,0.4443483443464886,Time limit reached,10311
