seed,dimension,time,solution,dual_gap,rel_dual_gap,termination,ncalls
10,20,7.841,-0.1472865459997752,0.008458686619253364,0.057430137707664586,OPTIMAL,266
