seed,dimension,p,k,time,solution,dual_gap,rel_dual_gap,termination,ncalls
7,17,85,4.0,47.327,3.1153076201338905,0.030176267721601313,0.009781193821133821,OPTIMAL,6372
