seed,dimension,p,k,Ns,time,solution,dual_gap,rel_dual_gap,termination,ncalls
9,70,70,35.0,0.1,1805.158,0.22895179621613856,0.02194575570954635,0.10601504987893083,Time limit reached,26523
