seed,dimension,time,solution,dual_gap,rel_dual_gap,termination,ncalls
4,25,9.641,-0.33937264149388874,0.002230606657830092,0.006572735645428448,OPTIMAL,193
