seed,dimension,time,solution,dual_gap,rel_dual_gap,termination,ncalls
7,60,11.523,-0.28327409907658585,0.00013020112472283962,0.00045962947246948446,OPTIMAL,1361
