seed,dimension,time,solution,dual_gap,rel_dual_gap,termination,ncalls
1,45,20.152,-0.44957660357699925,0.0010039245081942538,0.002233044380438519,OPTIMAL,1099
