seed,dimension,p,k,Ns,time,solution,dual_gap,rel_dual_gap,termination,ncalls
8,50,50,25.0,10.0,1803.952,-0.147072671751204,0.08462358198034511,0.5753861745538892,Time limit reached,12258
