seed,dimension,time,solution,dual_gap,rel_dual_gap,termination,ncalls
6,105,1800.039,11.26227722768438,1.478883405871068,0.1511626162460833,Time limit reached,150476
