seed,dimension,time,solution,dual_gap,rel_dual_gap,termination,ncalls
9,105,32.151,-0.1910406747947046,0.0016936059485928023,0.008865158953258402,OPTIMAL,3894
