seed,dimension,p,k,time,solution,dual_gap,rel_dual_gap,termination,ncalls
5,18,90,4.0,13.496,4.646806399110294,0.045525773068422204,0.009894152686702034,OPTIMAL,695
