seed,dimension,p,k,time,solution,dual_gap,rel_dual_gap,termination,ncalls
2,18,90,4.0,163.074,1.9086116009992053,0.018779495823977088,0.009937123923628033,OPTIMAL,25117
