seed,dimension,p,k,time,solution,dual_gap,rel_dual_gap,termination,ncalls
3,24,120,5.0,1800.026,4.032486033694751,0.11049474524147795,0.028173123578011335,Time limit reached,305430
