seed,dimension,time,solution,dual_gap,rel_dual_gap,termination,ncalls
5,120,1510.013,27.688188687127514,0.2655890956049376,0.009685044436379468,OPTIMAL,146888
