seed,dimension,time,solution,dual_gap,rel_dual_gap,termination,ncalls
7,70,284.228,22.01141186405133,0.17605786956190173,0.008062972993537604,OPTIMAL,39481
