seed,dimension,time,solution,dual_gap,rel_dual_gap,termination,ncalls
9,75,17.387,-0.1315233795279136,9.44448614870197e-8,7.180842054547068e-7,OPTIMAL,1718
