seed,dimension,p,k,Ns,time,solution,dual_gap,rel_dual_gap,termination,ncalls
8,90,90,45.0,5.0,1824.02,-0.6820342291303931,0.10474191789757292,0.15357281705805426,Time limit reached,2185
