seed,dimension,time,solution,dual_gap,rel_dual_gap,termination,ncalls
10,50,12.614,0.015598866396913214,9.055434746496616e-8,5.805221408327605e-6,OPTIMAL,1059
