seed,dimension,p,k,Ns,time,solution,dual_gap,rel_dual_gap,termination,ncalls
10,50,50,25.0,0.1,1805.307,0.8328507229982246,0.004897058344138894,0.005914652658956292,Time limit reached,6034
