seed,dimension,time,solution,dual_gap,rel_dual_gap,termination,ncalls
7,100,24.571,-0.5753194995159437,0.004275691912603241,0.007431856414045895,OPTIMAL,4430
