seed,dimension,time,solution,dual_gap,rel_dual_gap,termination,ncalls
7,40,29.868,5.2592356920605745,0.05159392152991504,0.009907348432044244,OPTIMAL,6165
