seed,dimension,time,solution,dual_gap,rel_dual_gap,termination,ncalls
3,75,116.566,-0.9803933581536668,0.0017950010634998348,0.0018308988413388318,OPTIMAL,32100
